Date,Grade,Region,Is_Active_Region,Regional_Price,National_Price,Seasonal_Impact,Local_Production_Volume,Local_Export_Volume,Global_Production_Volume,Global_Consumption_Volume,Temperature,Rainfall,Exchange_Rate,Inflation_Rate,Fuel_Price,Market_Sentiment
2026-02-01,Alba,Colombo,1,4500.0,5717.5,0,0.0,1300.0,16000,14800,27.0,150.0,289.5,-0.5,277,Neutral
2026-02-01,C4,Colombo,1,4500.0,4400.0,0,0.0,1300.0,16000,14800,27.0,150.0,289.5,-0.5,277,Neutral
2026-02-01,C5,Colombo,1,4700.0,4600.0,0,0.0,1300.0,16000,14800,27.0,150.0,289.5,-0.5,277,Neutral
2026-02-01,C5SP,Colombo,1,5150.0,5100.0,0,0.0,1300.0,16000,14800,27.0,150.0,289.5,-0.5,277,Neutral
2026-02-01,H FAQ,Colombo,1,3600.0,3325.0,0,0.0,1300.0,16000,14800,27.0,150.0,289.5,-0.5,277,Neutral
2026-02-01,H1,Colombo,1,3600.0,3600.0,0,0.0,1300.0,16000,14800,27.0,150.0,289.5,-0.5,277,Neutral
2026-02-01,H2,Colombo,1,3350.0,3300.0,0,0.0,1300.0,16000,14800,27.0,150.0,289.5,-0.5,277,Neutral
2026-02-01,Alba,Galle,1,6000.0,6250.0,0,0.0,1300.0,16000,14800,27.0,150.0,289.5,-0.5,277,Neutral
2026-02-01,C4,Galle,1,4700.0,4750.0,0,0.0,1300.0,16000,14800,27.0,150.0,289.5,-0.5,277,Neutral
2026-02-01,C5,Galle,1,4775.0,4700.0,0,0.0,1300.0,16000,14800,27.0,150.0,289.5,-0.5,277,Neutral
2026-02-01,C5SP,Galle,1,5425.0,5500.0,0,0.0,1300.0,16000,14800,27.0,150.0,289.5,-0.5,277,Neutral
2026-02-01,H FAQ,Galle,1,3800.0,3325.0,0,0.0,1300.0,16000,14800,27.0,150.0,289.5,-0.5,277,Neutral
2026-02-01,H1,Galle,1,3800.0,3800.0,0,0.0,1300.0,16000,14800,27.0,150.0,289.5,-0.5,277,Neutral
2026-02-01,H2,Galle,1,3700.0,3700.0,0,0.0,1300.0,16000,14800,27.0,150.0,289.5,-0.5,277,Neutral
2026-02-01,Alba,Hambantota,1,4762.5,5717.5,0,0.0,1300.0,16000,14800,27.0,150.0,289.5,-0.5,277,Neutral
2026-02-01,C4,Hambantota,1,4762.5,4750.0,0,0.0,1300.0,16000,14800,27.0,150.0,289.5,-0.5,277,Neutral
2026-02-01,C5,Hambantota,1,5000.0,5000.0,0,0.0,1300.0,16000,14800,27.0,150.0,289.5,-0.5,277,Neutral
2026-02-01,C5SP,Hambantota,1,3787.5,5102.6,0,0.0,1300.0,16000,14800,27.0,150.0,289.5,-0.5,277,Neutral
2026-02-01,H FAQ,Hambantota,1,3787.5,3325.0,0,0.0,1300.0,16000,14800,27.0,150.0,289.5,-0.5,277,Neutral
2026-02-01,H1,Hambantota,1,3787.5,3800.0,0,0.0,1300.0,16000,14800,27.0,150.0,289.5,-0.5,277,Neutral
2026-02-01,H2,Hambantota,1,3725.0,3725.0,0,0.0,1300.0,16000,14800,27.0,150.0,289.5,-0.5,277,Neutral
2026-02-01,Alba,Kalutara,1,4937.5,4895.0,0,0.0,1300.0,16000,14800,27.0,150.0,289.5,-0.5,277,Neutral
2026-02-01,C4,Kalutara,1,4378.0,4190.0,0,0.0,1300.0,16000,14800,27.0,150.0,289.5,-0.5,277,Neutral
2026-02-01,C5,Kalutara,1,4587.5,4385.0,0,0.0,1300.0,16000,14800,27.0,150.0,289.5,-0.5,277,Neutral
2026-02-01,C5SP,Kalutara,1,4732.5,4580.0,0,0.0,1300.0,16000,14800,27.0,150.0,289.5,-0.5,277,Neutral
2026-02-01,H FAQ,Kalutara,1,3377.5,3325.0,0,0.0,1300.0,16000,14800,27.0,150.0,289.5,-0.5,277,Neutral
2026-02-01,H1,Kalutara,1,3377.5,3190.0,0,0.0,1300.0,16000,14800,27.0,150.0,289.5,-0.5,277,Neutral
2026-02-01,H2,Kalutara,1,3250.0,3100.0,0,0.0,1300.0,16000,14800,27.0,150.0,289.5,-0.5,277,Neutral
2026-02-01,Alba,Kandy,0,6187.5,5717.5,0,0.0,1300.0,16000,14800,27.0,150.0,289.5,-0.5,277,Neutral
2026-02-01,C4,Kandy,0,6187.5,4588.29,0,0.0,1300.0,16000,14800,27.0,150.0,289.5,-0.5,277,Neutral
2026-02-01,C5,Kandy,0,6187.5,4747.86,0,0.0,1300.0,16000,14800,27.0,150.0,289.5,-0.5,277,Neutral
2026-02-01,C5SP,Kandy,0,6187.5,5102.6,0,0.0,1300.0,16000,14800,27.0,150.0,289.5,-0.5,277,Neutral
2026-02-01,H FAQ,Kandy,0,6187.5,3325.0,0,0.0,1300.0,16000,14800,27.0,150.0,289.5,-0.5,277,Neutral
2026-02-01,H1,Kandy,0,6187.5,3703.14,0,0.0,1300.0,16000,14800,27.0,150.0,289.5,-0.5,277,Neutral
2026-02-01,H2,Kandy,0,6187.5,3542.29,0,0.0,1300.0,16000,14800,27.0,150.0,289.5,-0.5,277,Neutral
2026-02-01,Alba,Kurunegala,0,6187.5,5717.5,0,0.0,1300.0,16000,14800,27.0,150.0,289.5,-0.5,277,Neutral
2026-02-01,C4,Kurunegala,0,6187.5,4588.29,0,0.0,1300.0,16000,14800,27.0,150.0,289.5,-0.5,277,Neutral
2026-02-01,C5,Kurunegala,0,6187.5,4747.86,0,0.0,1300.0,16000,14800,27.0,150.0,289.5,-0.5,277,Neutral
2026-02-01,C5SP,Kurunegala,0,6187.5,5102.6,0,0.0,1300.0,16000,14800,27.0,150.0,289.5,-0.5,277,Neutral
2026-02-01,H FAQ,Kurunegala,0,6187.5,3325.0,0,0.0,1300.0,16000,14800,27.0,150.0,289.5,-0.5,277,Neutral
2026-02-01,H1,Kurunegala,0,6187.5,3703.14,0,0.0,1300.0,16000,14800,27.0,150.0,289.5,-0.5,277,Neutral
2026-02-01,H2,Kurunegala,0,6187.5,3542.29,0,0.0,1300.0,16000,14800,27.0,150.0,289.5,-0.5,277,Neutral
2026-02-01,Alba,Matara,1,6187.5,6225.0,0,0.0,1300.0,16000,14800,27.0,150.0,289.5,-0.5,277,Neutral
2026-02-01,C4,Matara,1,4747.5,4728.0,0,0.0,1300.0,16000,14800,27.0,150.0,289.5,-0.5,277,Neutral
2026-02-01,C5,Matara,1,4937.5,4950.0,0,0.0,1300.0,16000,14800,27.0,150.0,289.5,-0.5,277,Neutral
2026-02-01,C5SP,Matara,1,5216.5,5333.0,0,0.0,1300.0,16000,14800,27.0,150.0,289.5,-0.5,277,Neutral
2026-02-01,H FAQ,Matara,1,3350.0,3325.0,0,0.0,1300.0,16000,14800,27.0,150.0,289.5,-0.5,277,Neutral
2026-02-01,H1,Matara,1,3799.0,3832.0,0,0.0,1300.0,16000,14800,27.0,150.0,289.5,-0.5,277,Neutral
2026-02-01,H2,Matara,1,3677.0,3671.0,0,0.0,1300.0,16000,14800,27.0,150.0,289.5,-0.5,277,Neutral
2026-02-01,Alba,Ratnapura,1,5750.0,5500.0,0,0.0,1300.0,16000,14800,27.0,150.0,289.5,-0.5,277,Neutral
2026-02-01,C4,Ratnapura,1,4700.0,4700.0,0,0.0,1300.0,16000,14800,27.0,150.0,289.5,-0.5,277,Neutral
2026-02-01,C5,Ratnapura,1,4800.0,4800.0,0,0.0,1300.0,16000,14800,27.0,150.0,289.5,-0.5,277,Neutral
2026-02-01,C5SP,Ratnapura,1,4975.0,5000.0,0,0.0,1300.0,16000,14800,27.0,150.0,289.5,-0.5,277,Neutral
2026-02-01,H FAQ,Ratnapura,1,3700.0,3325.0,0,0.0,1300.0,16000,14800,27.0,150.0,289.5,-0.5,277,Neutral
2026-02-01,H1,Ratnapura,1,3700.0,3700.0,0,0.0,1300.0,16000,14800,27.0,150.0,289.5,-0.5,277,Neutral
2026-02-01,H2,Ratnapura,1,3475.0,3500.0,0,0.0,1300.0,16000,14800,27.0,150.0,289.5,-0.5,277,Neutral
2025-10-01,alba,colombo,1,3000.0,3000.0,1,0.0,0.0,27000,22000,26.79,256.5,7.03,2.4,286,Neutral
2025-11-01,alba,colombo,1,3000.0,3000.0,1,0.0,0.0,27000,25000,26.04,556.3,7.03,2.4,286,Neutral
2025-12-01,alba,colombo,1,3000.0,3000.0,1,0.0,0.0,27000,28000,26.13,122.4,7.03,2.4,286,Neutral
2026-01-01,alba,colombo,1,3000.0,3000.0,0,0.0,1300.0,15000,14000,26.41,68.5,7.03,2.4,279,Neutral
2026-02-01,alba,colombo,1,3000.0,3000.0,0,0.0,1300.0,16000,14800,26.59,40.4,7.03,2.4,277,Neutral
2020-01-01,c4,colombo,1,1966.6666666666667,1900.475,0,0.0,1310.5,19156,11106,25.560625,57.7385,181.4036,5.7,104,Neutral
2020-02-01,c4,colombo,1,2150.0,2030.3925,0,0.0,1310.5,15757,15549,25.815625,28.699000000000005,181.5628,6.2,104,Neutral
2020-03-01,c4,colombo,1,2400.0,2145.285,0,0.0,1123.3,23807,17770,27.176875000000003,29.896,185.0567,5.4,104,Neutral
2020-04-01,c4,colombo,1,2400.0,1979.75,1,1145.0,748.9,19991,17770,28.133125000000003,129.9175,193.0854,5.2,104,Neutral
2020-05-01,c4,colombo,1,2400.0,2071.125,1,2290.0,936.1,18605,17770,27.856250000000003,239.16,187.865,4.0,104,Neutral
2020-06-01,c4,colombo,1,2260.0,2072.884,1,3435.0,936.1,12568,13327,27.2925,107.60849999999998,185.9545,3.9,104,Neutral
2020-07-01,c4,colombo,1,2287.5,2091.0,1,3435.0,748.9,11732,13327,26.540625,118.602,185.8487,4.2,104,Neutral
2020-08-01,c4,colombo,1,2237.5,2063.946,1,2290.0,2808.3,15340,13327,26.786875,85.95949999999999,184.8939,4.1,104,Neutral
2020-09-01,c4,colombo,1,2150.0,2090.93,1,1145.0,2808.3,19365,17770,26.410625,198.4555,185.0317,4.0,104,Neutral
2020-10-01,c4,colombo,1,2200.0,2183.96,1,2290.0,2808.3,24225,22212,26.730625,90.7945,184.4379,4.0,104,Neutral
2020-11-01,c4,colombo,1,2200.0,2217.575,1,3435.0,1685.0,22212,26655,26.305625000000003,308.663,184.7882,4.1,104,Neutral
2020-12-01,c4,colombo,1,2337.5,2199.652,1,3435.0,1497.7,19364,35539,25.624375,301.8475,187.1822,4.2,104,Neutral
2021-01-01,c4,colombo,1,2275.0,2185.465,0,0.0,1317.0,21474,12450,25.203125,261.9235,190.4918,3.0,104,Neutral
2021-02-01,c4,colombo,1,2350.0,2202.8575,0,0.0,1317.0,17664,17430,25.576875000000005,57.901,194.0665,3.3,104,Neutral
2021-03-01,c4,colombo,1,2375.0,2243.548,0,0.0,1128.9,26688,19920,26.118125,146.487,196.9825,4.1,104,Neutral
2021-04-01,c4,colombo,1,2416.67,2284.9866666666667,1,1185.0,752.6,22410,19920,27.244375,130.3815,197.423,3.9,104,Neutral
2021-05-01,c4,colombo,1,2416.67,2296.056666666667,1,2370.0,940.7,20856,19920,27.279375,258.98,199.5847,4.5,111,Neutral
2021-06-01,c4,colombo,1,2416.67,2388.08,1,3555.0,940.7,14088,14940,26.799375000000005,132.15700000000004,199.8161,5.2,111,Neutral
2021-07-01,c4,colombo,1,2650.0,2440.3025,1,3555.0,752.6,13152,14940,26.590625,138.03850000000003,199.9778,5.7,111,Neutral
2021-08-01,c4,colombo,1,2600.0,2476.19,1,2370.0,2822.2,17196,14940,26.2875,132.23650000000004,200.4965,6.0,111,Neutral
2021-09-01,c4,colombo,1,2600.0,2476.19,1,1185.0,2822.2,21708,19920,26.593750000000004,170.17950000000002,201.9858,5.7,111,Neutral
2021-10-01,c4,colombo,1,2600.0,2406.3175,1,2370.0,2822.2,27156,24900,26.34625,341.85200000000003,201.0899,7.6,111,Neutral
2021-11-01,c4,colombo,1,2630.0,2483.172,1,3555.0,1693.3,24900,29880,25.869375,470.629,201.8582,9.9,111,Neutral
2021-12-01,c4,colombo,1,2625.0,2455.965,1,3555.0,1505.2,21708,39840,25.6075,141.56449999999998,201.399,12.1,121,Neutral
2022-01-01,c4,colombo,1,2600.0,2475.4974999999995,0,0.0,1280.9,19275,11175,25.470625,122.19749999999996,201.4647,14.2,121,Neutral
2022-02-01,c4,colombo,1,2650.0,2517.0,0,0.0,1280.9,15855,15645,25.4025,163.791,201.7362,15.1,176,Neutral
2022-03-01,c4,colombo,1,2800.0,2941.236666666666,0,0.0,1097.9,23955,17880,26.5825,89.29799999999999,255.8081,18.7,176,Neutral
2022-04-01,c4,colombo,1,3633.3333333333335,3453.486666666666,1,1188.0,731.9,20115,17880,27.1175,306.01150000000007,319.4404,29.8,289,Neutral
2022-05-01,c4,colombo,1,3975.0,3729.43,1,2376.0,914.9,18720,17880,27.130625,193.646,358.939,39.1,289,Neutral
2022-06-01,c4,colombo,1,4100.0,3808.0625,1,3564.0,914.9,12646,13410,26.5225,86.711,360.2428,54.6,430,Neutral
2022-07-01,c4,colombo,1,4166.67,3673.6725,1,3564.0,731.9,11805,13410,26.33,122.364,360.8724,60.8,430,Neutral
2022-08-01,c4,colombo,1,3800.0,3627.944,1,2376.0,2744.7,15435,13410,25.99375,169.767,360.9983,64.3,430,Neutral
2022-09-01,c4,colombo,1,3537.5,3417.9275,1,1188.0,2744.7,19485,17880,26.27,74.46399999999998,362.3826,69.8,415,Neutral
2022-10-01,c4,colombo,1,3675.0,3409.6800000000003,1,2376.0,2744.7,24375,22350,26.19625,295.946,363.1484,66.0,430,Neutral
2022-11-01,c4,colombo,1,3770.0,3487.3720000000003,1,3564.0,1646.8,22350,26820,25.59125000000001,289.1615,363.394,61.0,420,Neutral
2022-12-01,c4,colombo,1,3800.0,3392.39,1,3564.0,1463.9,19484,35760,25.180625,289.313,363.1652,57.2,420,Neutral
2023-01-01,c4,colombo,1,3770.0,3440.256,0,0.0,1377.4,20560,11920,24.488750000000007,122.862,362.4228,51.7,405,Neutral
2023-02-01,c4,colombo,1,3775.0,3484.9225,0,0.0,1377.4,16912,16688,25.101875,158.296,361.9766,50.6,405,Neutral
2023-03-01,c4,colombo,1,3050.0,3031.7525,0,0.0,1180.6,25552,19072,26.566875,113.27299999999998,329.4709,50.3,325,Neutral
2023-04-01,c4,colombo,1,3133.33,3147.7700000000004,1,1120.5,787.1,21456,19072,27.605000000000004,161.4275,321.4244,35.3,310,Neutral
2023-05-01,c4,colombo,1,3480.0,3214.894,1,2241.0,983.9,19969,19072,27.3725,198.883,310.1639,25.2,310,Neutral
2023-06-01,c4,colombo,1,3175.0,2997.3900000000003,1,3361.5,983.9,13489,14304,27.287499999999994,101.3585,301.2612,12.0,308,Neutral
2023-07-01,c4,colombo,1,3000.0,3046.8320000000003,1,3361.5,787.1,12592,14304,26.892499999999995,65.55649999999997,319.2903,6.3,306,Neutral
2023-08-01,c4,colombo,1,2925.0,2885.0875000000005,1,2241.0,2951.6,16464,14304,27.4525,70.13050000000001,321.5764,4.0,341,Neutral
2023-09-01,c4,colombo,1,3000.0,2948.8775000000005,1,1120.5,2951.6,20784,19072,26.727500000000003,328.41850000000005,322.7693,1.3,351,Neutral
2023-10-01,c4,colombo,1,3000.0,2945.3520000000003,1,2241.0,2951.6,26000,23840,26.228125,585.5705,324.7303,1.5,356,Neutral
2023-11-01,c4,colombo,1,2900.0,2878.5325000000003,1,3361.5,1770.9,23840,28608,26.368125,447.1740000000001,328.25,3.4,329,Neutral
2023-12-01,c4,colombo,1,2800.0,2920.0225,1,3361.5,1574.2,20785,38147,26.25625,472.0125,326.7423,4.0,358,Neutral
2024-01-01,c4,colombo,1,3000.0,2994.002,0,0.0,1330.0,21388,12400,25.613125,283.5445,321.1706,6.4,363,Neutral
2024-02-01,c4,colombo,1,3000.0,3001.66,0,0.0,1330.0,17593,17360,26.340000000000003,29.858500000000003,312.5801,5.9,363,Neutral
2024-03-01,c4,colombo,1,3350.0,3068.19,0,0.0,1140.0,26581,19840,27.113125,41.225,305.665,0.9,363,Neutral
2024-04-01,c4,colombo,1,3240.0,3110.7760000000003,1,1120.0,760.0,22320,19840,28.68625,101.2695,299.4232,1.5,333,Neutral
2024-05-01,c4,colombo,1,3150.0,3173.33,1,2240.0,950.0,20772,19840,28.328125000000004,226.944,299.6923,0.9,317,Neutral
2024-06-01,c4,colombo,1,3175.0,3163.8725000000004,1,3360.0,950.0,14032,14880,27.524374999999992,82.85149999999999,303.8121,1.7,317,Neutral
2024-07-01,c4,colombo,1,3200.0,3180.7225,1,3360.0,760.0,13099,14880,27.48125,67.39349999999999,303.7559,2.4,317,Neutral
2024-08-01,c4,colombo,1,3212.5,3238.74,1,2240.0,2850.0,17127,14880,27.2175,137.24199999999996,300.6683,0.5,307,Neutral
2024-09-01,c4,colombo,1,3400.0,3380.0325000000003,1,1120.0,2850.0,21621,19840,27.541875,69.441,301.1505,-0.5,283,Neutral
2024-10-01,c4,colombo,1,3475.0,3462.6575000000003,1,2240.0,2850.0,27047,24800,26.887500000000003,196.62100000000004,293.7851,-0.8,283,Neutral
2024-11-01,c4,colombo,1,3525.0,3554.8475,1,3360.0,1710.0,24800,29760,26.468125,381.7135,292.0092,-2.1,286,Neutral
2024-12-01,c4,colombo,1,3620.0,3636.0520000000006,1,3360.0,1520.0,21620,39680,26.13437500000001,170.53300000000002,291.6805,-1.7,286,Neutral
2025-01-01,c4,colombo,1,3712.5,3656.1075,0,0.0,0.0,21820,27000,25.2225,274.39300000000003,296.1796,-4.0,286,Neutral
2025-02-01,c4,colombo,1,3687.5,3666.0375,0,0.0,0.0,25314,24000,25.713125,86.076,296.8034,-4.2,286,Neutral
2025-03-01,c4,colombo,1,3737.5,3681.44,0,0.0,0.0,22329,19000,26.675625000000007,229.66600000000005,295.909,-2.6,286,Neutral
2025-04-01,c4,colombo,1,3766.67,3723.8,1,0.0,0.0,5582,18000,27.221875,272.281,298.5312,-2.0,274,Neutral
2025-05-01,c4,colombo,1,3800.0,3663.415,1,0.0,0.0,5582,15000,27.324375,191.717,299.4142,-0.7,274,Neutral
2025-06-01,c4,colombo,1,3687.5,3608.4175,1,0.0,0.0,20560,15000,26.9,170.3,301.12,-0.6,305,Neutral
2025-07-01,c4,colombo,1,3637.5,3622.666,1,0.0,0.0,35106,15000,27.0,148.3,301.12,-0.3,305,Neutral
2025-08-01,c4,colombo,1,3707.25,3638.3875,1,0.0,0.0,39860,15000,26.8,135.0,301.12,1.2,299,Neutral
2025-09-01,c4,colombo,1,3700.0,3638.67,1,0.0,0.0,31328,20000,26.7,213.3,302.0368,2.4,299,Neutral
2025-10-01,c4,colombo,1,3812.5,3638.67,1,0.0,0.0,27000,22000,26.79,256.5,7.03,2.4,286,Neutral
2025-11-01,c4,colombo,1,3937.5,3937.5,1,0.0,0.0,27000,25000,26.04,556.3,7.03,2.4,286,Neutral
2025-12-01,c4,colombo,1,4133.33,4133.33,1,0.0,0.0,27000,28000,26.13,122.4,7.03,2.4,286,Neutral
2026-01-01,c4,colombo,1,4337.5,4337.5,0,0.0,1300.0,15000,14000,26.41,68.5,7.03,2.4,279,Neutral
2026-02-01,c4,colombo,1,4400.0,4337.5,0,0.0,1300.0,16000,14800,26.59,40.4,7.03,2.4,277,Neutral
2020-01-01,c5,colombo,1,2233.333333333333,2091.6975,0,0.0,1310.5,19156,11106,25.560625,57.7385,181.4036,5.7,104,Neutral
2020-02-01,c5,colombo,1,2350.0,2235.8575,0,0.0,1310.5,15757,15549,25.815625,28.699000000000005,181.5628,6.2,104,Neutral
2020-03-01,c5,colombo,1,2500.0,2325.1400000000003,0,0.0,1123.3,23807,17770,27.176875000000003,29.896,185.0567,5.4,104,Neutral
2020-04-01,c5,colombo,1,2500.0,2162.625,1,1145.0,748.9,19991,17770,28.133125000000003,129.9175,193.0854,5.2,104,Neutral
2020-05-01,c5,colombo,1,2500.0,2209.4375,1,2290.0,936.1,18605,17770,27.856250000000003,239.16,187.865,4.0,104,Neutral
2020-06-01,c5,colombo,1,2520.0,2297.656,1,3435.0,936.1,12568,13327,27.2925,107.60849999999998,185.9545,3.9,104,Neutral
2020-07-01,c5,colombo,1,2500.0,2268.3575,1,3435.0,748.9,11732,13327,26.540625,118.602,185.8487,4.2,104,Neutral
2020-08-01,c5,colombo,1,2400.0,2272.194,1,2290.0,2808.3,15340,13327,26.786875,85.95949999999999,184.8939,4.1,104,Neutral
2020-09-01,c5,colombo,1,2300.0,2263.9300000000003,1,1145.0,2808.3,19365,17770,26.410625,198.4555,185.0317,4.0,104,Neutral
2020-10-01,c5,colombo,1,2300.0,2309.0925,1,2290.0,2808.3,24225,22212,26.730625,90.7945,184.4379,4.0,104,Neutral
2020-11-01,c5,colombo,1,2300.0,2325.525,1,3435.0,1685.0,22212,26655,26.305625000000003,308.663,184.7882,4.1,104,Neutral
2020-12-01,c5,colombo,1,2450.0,2349.288,1,3435.0,1497.7,19364,35539,25.624375,301.8475,187.1822,4.2,104,Neutral
2021-01-01,c5,colombo,1,2400.0,2325.4300000000003,0,0.0,1317.0,21474,12450,25.203125,261.9235,190.4918,3.0,104,Neutral
2021-02-01,c5,colombo,1,2475.0,2368.2875000000004,0,0.0,1317.0,17664,17430,25.576875000000005,57.901,194.0665,3.3,104,Neutral
2021-03-01,c5,colombo,1,2525.0,2414.456,0,0.0,1128.9,26688,19920,26.118125,146.487,196.9825,4.1,104,Neutral
2021-04-01,c5,colombo,1,2516.67,2445.6200000000003,1,1185.0,752.6,22410,19920,27.244375,130.3815,197.423,3.9,104,Neutral
2021-05-01,c5,colombo,1,2516.67,2458.39,1,2370.0,940.7,20856,19920,27.279375,258.98,199.5847,4.5,111,Neutral
2021-06-01,c5,colombo,1,2516.67,2550.0,1,3555.0,940.7,14088,14940,26.799375000000005,132.15700000000004,199.8161,5.2,111,Neutral
2021-07-01,c5,colombo,1,2700.0,2587.9525,1,3555.0,752.6,13152,14940,26.590625,138.03850000000003,199.9778,5.7,111,Neutral
2021-08-01,c5,colombo,1,2700.0,2615.523333333333,1,2370.0,2822.2,17196,14940,26.2875,132.23650000000004,200.4965,6.0,111,Neutral
2021-09-01,c5,colombo,1,2700.0,2615.523333333333,1,1185.0,2822.2,21708,19920,26.593750000000004,170.17950000000002,201.9858,5.7,111,Neutral
2021-10-01,c5,colombo,1,2700.0,2588.9975,1,2370.0,2822.2,27156,24900,26.34625,341.85200000000003,201.0899,7.6,111,Neutral
2021-11-01,c5,colombo,1,2820.0,2644.142,1,3555.0,1693.3,24900,29880,25.869375,470.629,201.8582,9.9,111,Neutral
2021-12-01,c5,colombo,1,2737.5,2618.7125,1,3555.0,1505.2,21708,39840,25.6075,141.56449999999998,201.399,12.1,121,Neutral
2022-01-01,c5,colombo,1,2750.0,2624.32,0,0.0,1280.9,19275,11175,25.470625,122.19749999999996,201.4647,14.2,121,Neutral
2022-02-01,c5,colombo,1,2800.0,2683.17,0,0.0,1280.9,15855,15645,25.4025,163.791,201.7362,15.1,176,Neutral
2022-03-01,c5,colombo,1,2933.33,3178.7233333333334,0,0.0,1097.9,23955,17880,26.5825,89.29799999999999,255.8081,18.7,176,Neutral
2022-04-01,c5,colombo,1,3933.3333333333335,3718.9233333333336,1,1188.0,731.9,20115,17880,27.1175,306.01150000000007,319.4404,29.8,289,Neutral
2022-05-01,c5,colombo,1,4200.0,3985.8925,1,2376.0,914.9,18720,17880,27.130625,193.646,358.939,39.1,289,Neutral
2022-06-01,c5,colombo,1,4333.33,4086.150000000001,1,3564.0,914.9,12646,13410,26.5225,86.711,360.2428,54.6,430,Neutral
2022-07-01,c5,colombo,1,4600.0,4011.5475,1,3564.0,731.9,11805,13410,26.33,122.364,360.8724,60.8,430,Neutral
2022-08-01,c5,colombo,1,4340.0,3950.228,1,2376.0,2744.7,15435,13410,25.99375,169.767,360.9983,64.3,430,Neutral
2022-09-01,c5,colombo,1,3875.0,3659.1175,1,1188.0,2744.7,19485,17880,26.27,74.46399999999998,362.3826,69.8,415,Neutral
2022-10-01,c5,colombo,1,4000.0,3718.3975,1,2376.0,2744.7,24375,22350,26.19625,295.946,363.1484,66.0,430,Neutral
2022-11-01,c5,colombo,1,4260.0,3771.056,1,3564.0,1646.8,22350,26820,25.59125000000001,289.1615,363.394,61.0,420,Neutral
2022-12-01,c5,colombo,1,3975.0,3693.5725,1,3564.0,1463.9,19484,35760,25.180625,289.313,363.1652,57.2,420,Neutral
2023-01-01,c5,colombo,1,3940.0,3792.228,0,0.0,1377.4,20560,11920,24.488750000000007,122.862,362.4228,51.7,405,Neutral
2023-02-01,c5,colombo,1,4100.0,3800.22,0,0.0,1377.4,16912,16688,25.101875,158.296,361.9766,50.6,405,Neutral
2023-03-01,c5,colombo,1,3500.0,3412.5675,0,0.0,1180.6,25552,19072,26.566875,113.27299999999998,329.4709,50.3,325,Neutral
2023-04-01,c5,colombo,1,3600.0,3608.103333333333,1,1120.5,787.1,21456,19072,27.605000000000004,161.4275,321.4244,35.3,310,Neutral
2023-05-01,c5,colombo,1,3800.0,3538.882,1,2241.0,983.9,19969,19072,27.3725,198.883,310.1639,25.2,310,Neutral
2023-06-01,c5,colombo,1,3425.0,3322.8475,1,3361.5,983.9,13489,14304,27.287499999999994,101.3585,301.2612,12.0,308,Neutral
2023-07-01,c5,colombo,1,3260.0,3377.952,1,3361.5,787.1,12592,14304,26.892499999999995,65.55649999999997,319.2903,6.3,306,Neutral
2023-08-01,c5,colombo,1,3200.0,3230.94,1,2241.0,2951.6,16464,14304,27.4525,70.13050000000001,321.5764,4.0,341,Neutral
2023-09-01,c5,colombo,1,3250.0,3237.5650000000005,1,1120.5,2951.6,20784,19072,26.727500000000003,328.41850000000005,322.7693,1.3,351,Neutral
2023-10-01,c5,colombo,1,3240.0,3262.976,1,2241.0,2951.6,26000,23840,26.228125,585.5705,324.7303,1.5,356,Neutral
2023-11-01,c5,colombo,1,3050.0,3142.205,1,3361.5,1770.9,23840,28608,26.368125,447.1740000000001,328.25,3.4,329,Neutral
2023-12-01,c5,colombo,1,3237.5,3200.8375000000005,1,3361.5,1574.2,20785,38147,26.25625,472.0125,326.7423,4.0,358,Neutral
2024-01-01,c5,colombo,1,3180.0,3300.952,0,0.0,1330.0,21388,12400,25.613125,283.5445,321.1706,6.4,363,Neutral
2024-02-01,c5,colombo,1,3150.0,3279.63,0,0.0,1330.0,17593,17360,26.340000000000003,29.858500000000003,312.5801,5.9,363,Neutral
2024-03-01,c5,colombo,1,3575.0,3361.5975,0,0.0,1140.0,26581,19840,27.113125,41.225,305.665,0.9,363,Neutral
2024-04-01,c5,colombo,1,3600.0,3391.1100000000006,1,1120.0,760.0,22320,19840,28.68625,101.2695,299.4232,1.5,333,Neutral
2024-05-01,c5,colombo,1,3500.0,3502.105,1,2240.0,950.0,20772,19840,28.328125000000004,226.944,299.6923,0.9,317,Neutral
2024-06-01,c5,colombo,1,3500.0,3491.9925,1,3360.0,950.0,14032,14880,27.524374999999992,82.85149999999999,303.8121,1.7,317,Neutral
2024-07-01,c5,colombo,1,3500.0,3375.5600000000004,1,3360.0,760.0,13099,14880,27.48125,67.39349999999999,303.7559,2.4,317,Neutral
2024-08-01,c5,colombo,1,3475.0,3433.1925,1,2240.0,2850.0,17127,14880,27.2175,137.24199999999996,300.6683,0.5,307,Neutral
2024-09-01,c5,colombo,1,3475.0,3574.0025,1,1120.0,2850.0,21621,19840,27.541875,69.441,301.1505,-0.5,283,Neutral
2024-10-01,c5,colombo,1,3587.5,3622.975,1,2240.0,2850.0,27047,24800,26.887500000000003,196.62100000000004,293.7851,-0.8,283,Neutral
2024-11-01,c5,colombo,1,3725.0,3714.345,1,3360.0,1710.0,24800,29760,26.468125,381.7135,292.0092,-2.1,286,Neutral
2024-12-01,c5,colombo,1,3790.0,3801.338,1,3360.0,1520.0,21620,39680,26.13437500000001,170.53300000000002,291.6805,-1.7,286,Neutral
2025-01-01,c5,colombo,1,3875.0,3804.8475,0,0.0,0.0,21820,27000,25.2225,274.39300000000003,296.1796,-4.0,286,Neutral
2025-02-01,c5,colombo,1,3825.0,3809.4075,0,0.0,0.0,25314,24000,25.713125,86.076,296.8034,-4.2,286,Neutral
2025-03-01,c5,colombo,1,3837.5,3785.16,0,0.0,0.0,22329,19000,26.675625000000007,229.66600000000005,295.909,-2.6,286,Neutral
2025-04-01,c5,colombo,1,3900.0,3857.785,1,0.0,0.0,5582,18000,27.221875,272.281,298.5312,-2.0,274,Neutral
2025-05-01,c5,colombo,1,4000.0,3795.502500000001,1,0.0,0.0,5582,15000,27.324375,191.717,299.4142,-0.7,274,Neutral
2025-06-01,c5,colombo,1,3862.5,3766.565,1,0.0,0.0,20560,15000,26.9,170.3,301.12,-0.6,305,Neutral
2025-07-01,c5,colombo,1,3775.0,3761.8020000000006,1,0.0,0.0,35106,15000,27.0,148.3,301.12,-0.3,305,Neutral
2025-08-01,c5,colombo,1,3925.0,3801.6575,1,0.0,0.0,39860,15000,26.8,135.0,301.12,1.2,299,Neutral
2025-09-01,c5,colombo,1,3875.0,3817.505,1,0.0,0.0,31328,20000,26.7,213.3,302.0368,2.4,299,Neutral
2025-10-01,c5,colombo,1,4025.0,3817.505,1,0.0,0.0,27000,22000,26.79,256.5,7.03,2.4,286,Neutral
2025-11-01,c5,colombo,1,4050.0,4050.0,1,0.0,0.0,27000,25000,26.04,556.3,7.03,2.4,286,Neutral
2025-12-01,c5,colombo,1,4333.33,4333.33,1,0.0,0.0,27000,28000,26.13,122.4,7.03,2.4,286,Neutral
2026-01-01,c5,colombo,1,4475.0,4475.0,0,0.0,1300.0,15000,14000,26.41,68.5,7.03,2.4,279,Neutral
2026-02-01,c5,colombo,1,4600.0,4475.0,0,0.0,1300.0,16000,14800,26.59,40.4,7.03,2.4,277,Neutral
2020-01-01,c5sp,colombo,1,2366.6666666666665,2342.3875,0,0.0,1310.5,19156,11106,25.560625,57.7385,181.4036,5.7,104,Neutral
2020-02-01,c5sp,colombo,1,2575.0,2505.65,0,0.0,1310.5,15757,15549,25.815625,28.699000000000005,181.5628,6.2,104,Neutral
2020-03-01,c5sp,colombo,1,2800.0,2613.8,0,0.0,1123.3,23807,17770,27.176875000000003,29.896,185.0567,5.4,104,Neutral
2020-04-01,c5sp,colombo,1,2800.0,2413.835,1,1145.0,748.9,19991,17770,28.133125000000003,129.9175,193.0854,5.2,104,Neutral
2020-05-01,c5sp,colombo,1,2800.0,2439.6875,1,2290.0,936.1,18605,17770,27.856250000000003,239.16,187.865,4.0,104,Neutral
2020-06-01,c5sp,colombo,1,2680.0,2517.56,1,3435.0,936.1,12568,13327,27.2925,107.60849999999998,185.9545,3.9,104,Neutral
2020-07-01,c5sp,colombo,1,2675.0,2524.9,1,3435.0,748.9,11732,13327,26.540625,118.602,185.8487,4.2,104,Neutral
2020-08-01,c5sp,colombo,1,2562.5,2484.84,1,2290.0,2808.3,15340,13327,26.786875,85.95949999999999,184.8939,4.1,104,Neutral
2020-09-01,c5sp,colombo,1,2400.0,2435.95,1,1145.0,2808.3,19365,17770,26.410625,198.4555,185.0317,4.0,104,Neutral
2020-10-01,c5sp,colombo,1,2416.67,2513.75,1,2290.0,2808.3,24225,22212,26.730625,90.7945,184.4379,4.0,104,Neutral
2020-11-01,c5sp,colombo,1,2416.67,2501.355,1,3435.0,1685.0,22212,26655,26.305625000000003,308.663,184.7882,4.1,104,Neutral
2020-12-01,c5sp,colombo,1,2600.0,2537.79,1,3435.0,1497.7,19364,35539,25.624375,301.8475,187.1822,4.2,104,Neutral
2021-01-01,c5sp,colombo,1,2550.0,2536.75,0,0.0,1317.0,21474,12450,25.203125,261.9235,190.4918,3.0,104,Neutral
2021-02-01,c5sp,colombo,1,2600.0,2571.1,0,0.0,1317.0,17664,17430,25.576875000000005,57.901,194.0665,3.3,104,Neutral
2021-03-01,c5sp,colombo,1,2625.0,2606.7200000000003,0,0.0,1128.9,26688,19920,26.118125,146.487,196.9825,4.1,104,Neutral
2021-04-01,c5sp,colombo,1,2633.0,2627.4,1,1185.0,752.6,22410,19920,27.244375,130.3815,197.423,3.9,104,Neutral
2021-05-01,c5sp,colombo,1,2633.0,2629.6666666666665,1,2370.0,940.7,20856,19920,27.279375,258.98,199.5847,4.5,111,Neutral
2021-06-01,c5sp,colombo,1,2633.0,2733.875,1,3555.0,940.7,14088,14940,26.799375000000005,132.15700000000004,199.8161,5.2,111,Neutral
2021-07-01,c5sp,colombo,1,2800.0,2792.6125,1,3555.0,752.6,13152,14940,26.590625,138.03850000000003,199.9778,5.7,111,Neutral
2021-08-01,c5sp,colombo,1,2800.0,2814.816666666667,1,2370.0,2822.2,17196,14940,26.2875,132.23650000000004,200.4965,6.0,111,Neutral
2021-09-01,c5sp,colombo,1,2800.0,2814.816666666667,1,1185.0,2822.2,21708,19920,26.593750000000004,170.17950000000002,201.9858,5.7,111,Neutral
2021-10-01,c5sp,colombo,1,2800.0,2854.4175,1,2370.0,2822.2,27156,24900,26.34625,341.85200000000003,201.0899,7.6,111,Neutral
2021-11-01,c5sp,colombo,1,3060.0,2884.0800000000004,1,3555.0,1693.3,24900,29880,25.869375,470.629,201.8582,9.9,111,Neutral
2021-12-01,c5sp,colombo,1,2875.0,2871.3,1,3555.0,1505.2,21708,39840,25.6075,141.56449999999998,201.399,12.1,121,Neutral
2022-01-01,c5sp,colombo,1,2837.5,2933.2000000000003,0,0.0,1280.9,19275,11175,25.470625,122.19749999999996,201.4647,14.2,121,Neutral
2022-02-01,c5sp,colombo,1,2950.0,2974.24,0,0.0,1280.9,15855,15645,25.4025,163.791,201.7362,15.1,176,Neutral
2022-03-01,c5sp,colombo,1,3183.333333333333,3430.2666666666664,0,0.0,1097.9,23955,17880,26.5825,89.29799999999999,255.8081,18.7,176,Neutral
2022-04-01,c5sp,colombo,1,4166.666666666667,4027.216666666666,1,1188.0,731.9,20115,17880,27.1175,306.01150000000007,319.4404,29.8,289,Neutral
2022-05-01,c5sp,colombo,1,4375.0,4336.85,1,2376.0,914.9,18720,17880,27.130625,193.646,358.939,39.1,289,Neutral
2022-06-01,c5sp,colombo,1,4600.0,4520.7375,1,3564.0,914.9,12646,13410,26.5225,86.711,360.2428,54.6,430,Neutral
2022-07-01,c5sp,colombo,1,4800.0,4599.9375,1,3564.0,731.9,11805,13410,26.33,122.364,360.8724,60.8,430,Neutral
2022-08-01,c5sp,colombo,1,4640.0,4578.360000000001,1,2376.0,2744.7,15435,13410,25.99375,169.767,360.9983,64.3,430,Neutral
2022-09-01,c5sp,colombo,1,4150.0,4358.1,1,1188.0,2744.7,19485,17880,26.27,74.46399999999998,362.3826,69.8,415,Neutral
2022-10-01,c5sp,colombo,1,4225.0,4476.65,1,2376.0,2744.7,24375,22350,26.19625,295.946,363.1484,66.0,430,Neutral
2022-11-01,c5sp,colombo,1,4460.0,4499.52,1,3564.0,1646.8,22350,26820,25.59125000000001,289.1615,363.394,61.0,420,Neutral
2022-12-01,c5sp,colombo,1,4325.0,4475.75,1,3564.0,1463.9,19484,35760,25.180625,289.313,363.1652,57.2,420,Neutral
2023-01-01,c5sp,colombo,1,4460.0,4722.6,0,0.0,1377.4,20560,11920,24.488750000000007,122.862,362.4228,51.7,405,Neutral
2023-02-01,c5sp,colombo,1,4525.0,4581.45,0,0.0,1377.4,16912,16688,25.101875,158.296,361.9766,50.6,405,Neutral
2023-03-01,c5sp,colombo,1,3800.0,4079.7,0,0.0,1180.6,25552,19072,26.566875,113.27299999999998,329.4709,50.3,325,Neutral
2023-04-01,c5sp,colombo,1,4000.0,4165.233333333334,1,1120.5,787.1,21456,19072,27.605000000000004,161.4275,321.4244,35.3,310,Neutral
2023-05-01,c5sp,colombo,1,4180.0,4267.84,1,2241.0,983.9,19969,19072,27.3725,198.883,310.1639,25.2,310,Neutral
2023-06-01,c5sp,colombo,1,3825.0,4070.5,1,3361.5,983.9,13489,14304,27.287499999999994,101.3585,301.2612,12.0,308,Neutral
2023-07-01,c5sp,colombo,1,3780.0,3957.32,1,3361.5,787.1,12592,14304,26.892499999999995,65.55649999999997,319.2903,6.3,306,Neutral
2023-08-01,c5sp,colombo,1,3525.0,3572.7000000000003,1,2241.0,2951.6,16464,14304,27.4525,70.13050000000001,321.5764,4.0,341,Neutral
2023-09-01,c5sp,colombo,1,3600.0,3760.75,1,1120.5,2951.6,20784,19072,26.727500000000003,328.41850000000005,322.7693,1.3,351,Neutral
2023-10-01,c5sp,colombo,1,3840.0,3869.2,1,2241.0,2951.6,26000,23840,26.228125,585.5705,324.7303,1.5,356,Neutral
2023-11-01,c5sp,colombo,1,3775.0,3829.75,1,3361.5,1770.9,23840,28608,26.368125,447.1740000000001,328.25,3.4,329,Neutral
2023-12-01,c5sp,colombo,1,3800.0,3843.15,1,3361.5,1574.2,20785,38147,26.25625,472.0125,326.7423,4.0,358,Neutral
2024-01-01,c5sp,colombo,1,3500.0,3752.64,0,0.0,1330.0,21388,12400,25.613125,283.5445,321.1706,6.4,363,Neutral
2024-02-01,c5sp,colombo,1,3525.0,3698.45,0,0.0,1330.0,17593,17360,26.340000000000003,29.858500000000003,312.5801,5.9,363,Neutral
2024-03-01,c5sp,colombo,1,3800.0,3825.375,0,0.0,1140.0,26581,19840,27.113125,41.225,305.665,0.9,363,Neutral
2024-04-01,c5sp,colombo,1,3820.0,3791.38,1,1120.0,760.0,22320,19840,28.68625,101.2695,299.4232,1.5,333,Neutral
2024-05-01,c5sp,colombo,1,3700.0,3801.725,1,2240.0,950.0,20772,19840,28.328125000000004,226.944,299.6923,0.9,317,Neutral
2024-06-01,c5sp,colombo,1,3725.0,3780.3,1,3360.0,950.0,14032,14880,27.524374999999992,82.85149999999999,303.8121,1.7,317,Neutral
2024-07-01,c5sp,colombo,1,3633.33,3572.3375,1,3360.0,760.0,13099,14880,27.48125,67.39349999999999,303.7559,2.4,317,Neutral
2024-08-01,c5sp,colombo,1,3675.0,3625.65,1,2240.0,2850.0,17127,14880,27.2175,137.24199999999996,300.6683,0.5,307,Neutral
2024-09-01,c5sp,colombo,1,3675.0,3768.05,1,1120.0,2850.0,21621,19840,27.541875,69.441,301.1505,-0.5,283,Neutral
2024-10-01,c5sp,colombo,1,3800.0,3787.85,1,2240.0,2850.0,27047,24800,26.887500000000003,196.62100000000004,293.7851,-0.8,283,Neutral
2024-11-01,c5sp,colombo,1,3975.0,3949.05,1,3360.0,1710.0,24800,29760,26.468125,381.7135,292.0092,-2.1,286,Neutral
2024-12-01,c5sp,colombo,1,3960.0,3998.96,1,3360.0,1520.0,21620,39680,26.13437500000001,170.53300000000002,291.6805,-1.7,286,Neutral
2025-01-01,c5sp,colombo,1,4000.0,4027.55,0,0.0,0.0,21820,27000,25.2225,274.39300000000003,296.1796,-4.0,286,Neutral
2025-02-01,c5sp,colombo,1,3975.0,3989.05,0,0.0,0.0,25314,24000,25.713125,86.076,296.8034,-4.2,286,Neutral
2025-03-01,c5sp,colombo,1,4000.0,4045.65,0,0.0,0.0,22329,19000,26.675625000000007,229.66600000000005,295.909,-2.6,286,Neutral
2025-04-01,c5sp,colombo,1,4000.0,4094.4625,1,0.0,0.0,5582,18000,27.221875,272.281,298.5312,-2.0,274,Neutral
2025-05-01,c5sp,colombo,1,4225.0,4083.15,1,0.0,0.0,5582,15000,27.324375,191.717,299.4142,-0.7,274,Neutral
2025-06-01,c5sp,colombo,1,4025.0,4012.3,1,0.0,0.0,20560,15000,26.9,170.3,301.12,-0.6,305,Neutral
2025-07-01,c5sp,colombo,1,3975.0,4008.36,1,0.0,0.0,35106,15000,27.0,148.3,301.12,-0.3,305,Neutral
2025-08-01,c5sp,colombo,1,4075.0,4084.85,1,0.0,0.0,39860,15000,26.8,135.0,301.12,1.2,299,Neutral
2025-09-01,c5sp,colombo,1,4050.0,4062.0,1,0.0,0.0,31328,20000,26.7,213.3,302.0368,2.4,299,Neutral
2025-10-01,c5sp,colombo,1,4150.0,4062.0,1,0.0,0.0,27000,22000,26.79,256.5,7.03,2.4,286,Neutral
2025-11-01,c5sp,colombo,1,4150.0,4150.0,1,0.0,0.0,27000,25000,26.04,556.3,7.03,2.4,286,Neutral
2025-12-01,c5sp,colombo,1,4433.33,4433.33,1,0.0,0.0,27000,28000,26.13,122.4,7.03,2.4,286,Neutral
2026-01-01,c5sp,colombo,1,4675.0,4675.0,0,0.0,1300.0,15000,14000,26.41,68.5,7.03,2.4,279,Neutral
2026-02-01,c5sp,colombo,1,5100.0,4675.0,0,0.0,1300.0,16000,14800,26.59,40.4,7.03,2.4,277,Neutral
2020-01-01,h1,colombo,1,1683.3333333333333,1597.6925,0,0.0,1310.5,19156,11106,25.560625,57.7385,181.4036,5.7,104,Neutral
2020-02-01,h1,colombo,1,1837.5,1745.71,0,0.0,1310.5,15757,15549,25.815625,28.699000000000005,181.5628,6.2,104,Neutral
2020-03-01,h1,colombo,1,2025.0,1869.5,0,0.0,1123.3,23807,17770,27.176875000000003,29.896,185.0567,5.4,104,Neutral
2020-04-01,h1,colombo,1,2025.0,1721.875,1,1145.0,748.9,19991,17770,28.133125000000003,129.9175,193.0854,5.2,104,Neutral
2020-05-01,h1,colombo,1,2025.0,1779.0125,1,2290.0,936.1,18605,17770,27.856250000000003,239.16,187.865,4.0,104,Neutral
2020-06-01,h1,colombo,1,2010.0,1904.232,1,3435.0,936.1,12568,13327,27.2925,107.60849999999998,185.9545,3.9,104,Neutral
2020-07-01,h1,colombo,1,2100.0,1972.375,1,3435.0,748.9,11732,13327,26.540625,118.602,185.8487,4.2,104,Neutral
2020-08-01,h1,colombo,1,2125.0,1965.6,1,2290.0,2808.3,15340,13327,26.786875,85.95949999999999,184.8939,4.1,104,Neutral
2020-09-01,h1,colombo,1,2100.0,1999.5425,1,1145.0,2808.3,19365,17770,26.410625,198.4555,185.0317,4.0,104,Neutral
2020-10-01,h1,colombo,1,2100.0,1983.0425,1,2290.0,2808.3,24225,22212,26.730625,90.7945,184.4379,4.0,104,Neutral
2020-11-01,h1,colombo,1,2100.0,2024.8125,1,3435.0,1685.0,22212,26655,26.305625000000003,308.663,184.7882,4.1,104,Neutral
2020-12-01,h1,colombo,1,2100.0,2023.666,1,3435.0,1497.7,19364,35539,25.624375,301.8475,187.1822,4.2,104,Neutral
2021-01-01,h1,colombo,1,2050.0,1978.825,0,0.0,1317.0,21474,12450,25.203125,261.9235,190.4918,3.0,104,Neutral
2021-02-01,h1,colombo,1,2075.0,2031.4175,0,0.0,1317.0,17664,17430,25.576875000000005,57.901,194.0665,3.3,104,Neutral
2021-03-01,h1,colombo,1,2125.0,2059.84,0,0.0,1128.9,26688,19920,26.118125,146.487,196.9825,4.1,104,Neutral
2021-04-01,h1,colombo,1,2116.67,2094.476666666667,1,1185.0,752.6,22410,19920,27.244375,130.3815,197.423,3.9,104,Neutral
2021-05-01,h1,colombo,1,2116.67,2083.266666666667,1,2370.0,940.7,20856,19920,27.279375,258.98,199.5847,4.5,111,Neutral
2021-06-01,h1,colombo,1,2116.67,2148.7,1,3555.0,940.7,14088,14940,26.799375000000005,132.15700000000004,199.8161,5.2,111,Neutral
2021-07-01,h1,colombo,1,2300.0,2257.5,1,3555.0,752.6,13152,14940,26.590625,138.03850000000003,199.9778,5.7,111,Neutral
2021-08-01,h1,colombo,1,2300.0,2182.1566666666663,1,2370.0,2822.2,17196,14940,26.2875,132.23650000000004,200.4965,6.0,111,Neutral
2021-09-01,h1,colombo,1,2300.0,2182.1566666666663,1,1185.0,2822.2,21708,19920,26.593750000000004,170.17950000000002,201.9858,5.7,111,Neutral
2021-10-01,h1,colombo,1,2300.0,2130.325,1,2370.0,2822.2,27156,24900,26.34625,341.85200000000003,201.0899,7.6,111,Neutral
2021-11-01,h1,colombo,1,2180.0,2158.732,1,3555.0,1693.3,24900,29880,25.869375,470.629,201.8582,9.9,111,Neutral
2021-12-01,h1,colombo,1,2100.0,2154.3325,1,3555.0,1505.2,21708,39840,25.6075,141.56449999999998,201.399,12.1,121,Neutral
2022-01-01,h1,colombo,1,2150.0,2151.1675,0,0.0,1280.9,19275,11175,25.470625,122.19749999999996,201.4647,14.2,121,Neutral
2022-02-01,h1,colombo,1,2112.5,2205.7940000000003,0,0.0,1280.9,15855,15645,25.4025,163.791,201.7362,15.1,176,Neutral
2022-03-01,h1,colombo,1,2166.6666666666665,2599.5533333333333,0,0.0,1097.9,23955,17880,26.5825,89.29799999999999,255.8081,18.7,176,Neutral
2022-04-01,h1,colombo,1,3166.6666666666665,3103.1,1,1188.0,731.9,20115,17880,27.1175,306.01150000000007,319.4404,29.8,289,Neutral
2022-05-01,h1,colombo,1,3625.0,3276.5725,1,2376.0,914.9,18720,17880,27.130625,193.646,358.939,39.1,289,Neutral
2022-06-01,h1,colombo,1,3750.0,3508.5,1,3564.0,914.9,12646,13410,26.5225,86.711,360.2428,54.6,430,Neutral
2022-07-01,h1,colombo,1,3775.0,3403.1425,1,3564.0,731.9,11805,13410,26.33,122.364,360.8724,60.8,430,Neutral
2022-08-01,h1,colombo,1,3540.0,3340.7160000000003,1,2376.0,2744.7,15435,13410,25.99375,169.767,360.9983,64.3,430,Neutral
2022-09-01,h1,colombo,1,3225.0,3091.465,1,1188.0,2744.7,19485,17880,26.27,74.46399999999998,362.3826,69.8,415,Neutral
2022-10-01,h1,colombo,1,3175.0,3025.8575,1,2376.0,2744.7,24375,22350,26.19625,295.946,363.1484,66.0,430,Neutral
2022-11-01,h1,colombo,1,3100.0,3025.3740000000007,1,3564.0,1646.8,22350,26820,25.59125000000001,289.1615,363.394,61.0,420,Neutral
2022-12-01,h1,colombo,1,3075.0,2936.3925,1,3564.0,1463.9,19484,35760,25.180625,289.313,363.1652,57.2,420,Neutral
2023-01-01,h1,colombo,1,3080.0,2957.03,0,0.0,1377.4,20560,11920,24.488750000000007,122.862,362.4228,51.7,405,Neutral
2023-02-01,h1,colombo,1,3125.0,2997.3125,0,0.0,1377.4,16912,16688,25.101875,158.296,361.9766,50.6,405,Neutral
2023-03-01,h1,colombo,1,2725.0,2602.13,0,0.0,1180.6,25552,19072,26.566875,113.27299999999998,329.4709,50.3,325,Neutral
2023-04-01,h1,colombo,1,2666.6666666666665,2723.13,1,1120.5,787.1,21456,19072,27.605000000000004,161.4275,321.4244,35.3,310,Neutral
2023-05-01,h1,colombo,1,2940.0,2756.0080000000003,1,2241.0,983.9,19969,19072,27.3725,198.883,310.1639,25.2,310,Neutral
2023-06-01,h1,colombo,1,2750.0,2600.0975,1,3361.5,983.9,13489,14304,27.287499999999994,101.3585,301.2612,12.0,308,Neutral
2023-07-01,h1,colombo,1,2800.0,2662.028,1,3361.5,787.1,12592,14304,26.892499999999995,65.55649999999997,319.2903,6.3,306,Neutral
2023-08-01,h1,colombo,1,2625.0,2532.955,1,2241.0,2951.6,16464,14304,27.4525,70.13050000000001,321.5764,4.0,341,Neutral
2023-09-01,h1,colombo,1,2575.0,2589.285,1,1120.5,2951.6,20784,19072,26.727500000000003,328.41850000000005,322.7693,1.3,351,Neutral
2023-10-01,h1,colombo,1,2600.0,2562.152,1,2241.0,2951.6,26000,23840,26.228125,585.5705,324.7303,1.5,356,Neutral
2023-11-01,h1,colombo,1,2600.0,2536.2425000000003,1,3361.5,1770.9,23840,28608,26.368125,447.1740000000001,328.25,3.4,329,Neutral
2023-12-01,h1,colombo,1,2600.0,2645.41,1,3361.5,1574.2,20785,38147,26.25625,472.0125,326.7423,4.0,358,Neutral
2024-01-01,h1,colombo,1,2660.0,2626.252,0,0.0,1330.0,21388,12400,25.613125,283.5445,321.1706,6.4,363,Neutral
2024-02-01,h1,colombo,1,2650.0,2651.7225,0,0.0,1330.0,17593,17360,26.340000000000003,29.858500000000003,312.5801,5.9,363,Neutral
2024-03-01,h1,colombo,1,2675.0,2651.1575000000003,0,0.0,1140.0,26581,19840,27.113125,41.225,305.665,0.9,363,Neutral
2024-04-01,h1,colombo,1,2700.0,2658.362,1,1120.0,760.0,22320,19840,28.68625,101.2695,299.4232,1.5,333,Neutral
2024-05-01,h1,colombo,1,2675.0,2677.4525,1,2240.0,950.0,20772,19840,28.328125000000004,226.944,299.6923,0.9,317,Neutral
2024-06-01,h1,colombo,1,2600.0,2683.615,1,3360.0,950.0,14032,14880,27.524374999999992,82.85149999999999,303.8121,1.7,317,Neutral
2024-07-01,h1,colombo,1,2533.33,2740.435,1,3360.0,760.0,13099,14880,27.48125,67.39349999999999,303.7559,2.4,317,Neutral
2024-08-01,h1,colombo,1,2675.0,2823.4325,1,2240.0,2850.0,17127,14880,27.2175,137.24199999999996,300.6683,0.5,307,Neutral
2024-09-01,h1,colombo,1,2675.0,2970.9525000000003,1,1120.0,2850.0,21621,19840,27.541875,69.441,301.1505,-0.5,283,Neutral
2024-10-01,h1,colombo,1,2925.0,3109.7225,1,2240.0,2850.0,27047,24800,26.887500000000003,196.62100000000004,293.7851,-0.8,283,Neutral
2024-11-01,h1,colombo,1,3150.0,3190.4400000000005,1,3360.0,1710.0,24800,29760,26.468125,381.7135,292.0092,-2.1,286,Neutral
2024-12-01,h1,colombo,1,3320.0,3331.178,1,3360.0,1520.0,21620,39680,26.13437500000001,170.53300000000002,291.6805,-1.7,286,Neutral
2025-01-01,h1,colombo,1,3325.0,3300.3125,0,0.0,0.0,21820,27000,25.2225,274.39300000000003,296.1796,-4.0,286,Neutral
2025-02-01,h1,colombo,1,3300.0,3375.605,0,0.0,0.0,25314,24000,25.713125,86.076,296.8034,-4.2,286,Neutral
2025-03-01,h1,colombo,1,3325.0,3369.7225,0,0.0,0.0,22329,19000,26.675625000000007,229.66600000000005,295.909,-2.6,286,Neutral
2025-04-01,h1,colombo,1,3300.0,3406.9875,1,0.0,0.0,5582,18000,27.221875,272.281,298.5312,-2.0,274,Neutral
2025-05-01,h1,colombo,1,3200.0,3272.5975,1,0.0,0.0,5582,15000,27.324375,191.717,299.4142,-0.7,274,Neutral
2025-06-01,h1,colombo,1,3125.0,3174.0975,1,0.0,0.0,20560,15000,26.9,170.3,301.12,-0.6,305,Neutral
2025-07-01,h1,colombo,1,3050.0,3188.202,1,0.0,0.0,35106,15000,27.0,148.3,301.12,-0.3,305,Neutral
2025-08-01,h1,colombo,1,3100.0,3226.9425,1,0.0,0.0,39860,15000,26.8,135.0,301.12,1.2,299,Neutral
2025-09-01,h1,colombo,1,3050.0,3236.07,1,0.0,0.0,31328,20000,26.7,213.3,302.0368,2.4,299,Neutral
2025-10-01,h1,colombo,1,3175.0,3236.07,1,0.0,0.0,27000,22000,26.79,256.5,7.03,2.4,286,Neutral
2025-11-01,h1,colombo,1,3125.0,3125.0,1,0.0,0.0,27000,25000,26.04,556.3,7.03,2.4,286,Neutral
2025-12-01,h1,colombo,1,3200.0,3200.0,1,0.0,0.0,27000,28000,26.13,122.4,7.03,2.4,286,Neutral
2026-01-01,h1,colombo,1,3362.5,3362.5,0,0.0,1300.0,15000,14000,26.41,68.5,7.03,2.4,279,Neutral
2026-02-01,h1,colombo,1,3600.0,3362.5,0,0.0,1300.0,16000,14800,26.59,40.4,7.03,2.4,277,Neutral
2020-01-01,h2,colombo,1,1616.6666666666667,1496.4,0,0.0,1310.5,19156,11106,25.560625,57.7385,181.4036,5.7,104,Neutral
2020-02-01,h2,colombo,1,1762.5,1625.3325,0,0.0,1310.5,15757,15549,25.815625,28.699000000000005,181.5628,6.2,104,Neutral
2020-03-01,h2,colombo,1,1975.0,1732.915,0,0.0,1123.3,23807,17770,27.176875000000003,29.896,185.0567,5.4,104,Neutral
2020-04-01,h2,colombo,1,1975.0,1587.125,1,1145.0,748.9,19991,17770,28.133125000000003,129.9175,193.0854,5.2,104,Neutral
2020-05-01,h2,colombo,1,1975.0,1645.95,1,2290.0,936.1,18605,17770,27.856250000000003,239.16,187.865,4.0,104,Neutral
2020-06-01,h2,colombo,1,1930.0,1792.898,1,3435.0,936.1,12568,13327,27.2925,107.60849999999998,185.9545,3.9,104,Neutral
2020-07-01,h2,colombo,1,2025.0,1819.5,1,3435.0,748.9,11732,13327,26.540625,118.602,185.8487,4.2,104,Neutral
2020-08-01,h2,colombo,1,2050.0,1850.308,1,2290.0,2808.3,15340,13327,26.786875,85.95949999999999,184.8939,4.1,104,Neutral
2020-09-01,h2,colombo,1,2000.0,1892.2075,1,1145.0,2808.3,19365,17770,26.410625,198.4555,185.0317,4.0,104,Neutral
2020-10-01,h2,colombo,1,2000.0,1879.96,1,2290.0,2808.3,24225,22212,26.730625,90.7945,184.4379,4.0,104,Neutral
2020-11-01,h2,colombo,1,2000.0,1907.3125,1,3435.0,1685.0,22212,26655,26.305625000000003,308.663,184.7882,4.1,104,Neutral
2020-12-01,h2,colombo,1,2012.5,1925.002,1,3435.0,1497.7,19364,35539,25.624375,301.8475,187.1822,4.2,104,Neutral
2021-01-01,h2,colombo,1,2000.0,1909.79,0,0.0,1317.0,21474,12450,25.203125,261.9235,190.4918,3.0,104,Neutral
2021-02-01,h2,colombo,1,2000.0,1925.5825,0,0.0,1317.0,17664,17430,25.576875000000005,57.901,194.0665,3.3,104,Neutral
2021-03-01,h2,colombo,1,2050.0,1961.754,0,0.0,1128.9,26688,19920,26.118125,146.487,196.9825,4.1,104,Neutral
2021-04-01,h2,colombo,1,2033.33,2003.4533333333327,1,1185.0,752.6,22410,19920,27.244375,130.3815,197.423,3.9,104,Neutral
2021-05-01,h2,colombo,1,2033.33,1961.6666666666667,1,2370.0,940.7,20856,19920,27.279375,258.98,199.5847,4.5,111,Neutral
2021-06-01,h2,colombo,1,2033.33,2003.6,1,3555.0,940.7,14088,14940,26.799375000000005,132.15700000000004,199.8161,5.2,111,Neutral
2021-07-01,h2,colombo,1,2100.0,2046.75,1,3555.0,752.6,13152,14940,26.590625,138.03850000000003,199.9778,5.7,111,Neutral
2021-08-01,h2,colombo,1,2100.0,2063.8,1,2370.0,2822.2,17196,14940,26.2875,132.23650000000004,200.4965,6.0,111,Neutral
2021-09-01,h2,colombo,1,2100.0,2063.8,1,1185.0,2822.2,21708,19920,26.593750000000004,170.17950000000002,201.9858,5.7,111,Neutral
2021-10-01,h2,colombo,1,2100.0,2042.775,1,2370.0,2822.2,27156,24900,26.34625,341.85200000000003,201.0899,7.6,111,Neutral
2021-11-01,h2,colombo,1,2100.0,2082.668,1,3555.0,1693.3,24900,29880,25.869375,470.629,201.8582,9.9,111,Neutral
2021-12-01,h2,colombo,1,2025.0,2040.915,1,3555.0,1505.2,21708,39840,25.6075,141.56449999999998,201.399,12.1,121,Neutral
2022-01-01,h2,colombo,1,2050.0,2070.46,0,0.0,1280.9,19275,11175,25.470625,122.19749999999996,201.4647,14.2,121,Neutral
2022-02-01,h2,colombo,1,2050.0,2077.492,0,0.0,1280.9,15855,15645,25.4025,163.791,201.7362,15.1,176,Neutral
2022-03-01,h2,colombo,1,2075.0,2430.443333333333,0,0.0,1097.9,23955,17880,26.5825,89.29799999999999,255.8081,18.7,176,Neutral
2022-04-01,h2,colombo,1,2966.6666666666665,2909.403333333333,1,1188.0,731.9,20115,17880,27.1175,306.01150000000007,319.4404,29.8,289,Neutral
2022-05-01,h2,colombo,1,3425.0,3017.4974999999995,1,2376.0,914.9,18720,17880,27.130625,193.646,358.939,39.1,289,Neutral
2022-06-01,h2,colombo,1,3600.0,3183.2075,1,3564.0,914.9,12646,13410,26.5225,86.711,360.2428,54.6,430,Neutral
2022-07-01,h2,colombo,1,3625.0,3212.8925,1,3564.0,731.9,11805,13410,26.33,122.364,360.8724,60.8,430,Neutral
2022-08-01,h2,colombo,1,3400.0,3161.8,1,2376.0,2744.7,15435,13410,25.99375,169.767,360.9983,64.3,430,Neutral
2022-09-01,h2,colombo,1,3050.0,2908.4300000000003,1,1188.0,2744.7,19485,17880,26.27,74.46399999999998,362.3826,69.8,415,Neutral
2022-10-01,h2,colombo,1,3050.0,2853.535,1,2376.0,2744.7,24375,22350,26.19625,295.946,363.1484,66.0,430,Neutral
2022-11-01,h2,colombo,1,2980.0,2849.202,1,3564.0,1646.8,22350,26820,25.59125000000001,289.1615,363.394,61.0,420,Neutral
2022-12-01,h2,colombo,1,2850.0,2702.715,1,3564.0,1463.9,19484,35760,25.180625,289.313,363.1652,57.2,420,Neutral
2023-01-01,h2,colombo,1,2920.0,2739.772,0,0.0,1377.4,20560,11920,24.488750000000007,122.862,362.4228,51.7,405,Neutral
2023-02-01,h2,colombo,1,2975.0,2804.7825000000003,0,0.0,1377.4,16912,16688,25.101875,158.296,361.9766,50.6,405,Neutral
2023-03-01,h2,colombo,1,2475.0,2357.8425,0,0.0,1180.6,25552,19072,26.566875,113.27299999999998,329.4709,50.3,325,Neutral
2023-04-01,h2,colombo,1,2433.33,2480.346666666667,1,1120.5,787.1,21456,19072,27.605000000000004,161.4275,321.4244,35.3,310,Neutral
2023-05-01,h2,colombo,1,2780.0,2522.822,1,2241.0,983.9,19969,19072,27.3725,198.883,310.1639,25.2,310,Neutral
2023-06-01,h2,colombo,1,2550.0,2331.5950000000003,1,3361.5,983.9,13489,14304,27.287499999999994,101.3585,301.2612,12.0,308,Neutral
2023-07-01,h2,colombo,1,2575.0,2406.9260000000004,1,3361.5,787.1,12592,14304,26.892499999999995,65.55649999999997,319.2903,6.3,306,Neutral
2023-08-01,h2,colombo,1,2475.0,2355.8775,1,2241.0,2951.6,16464,14304,27.4525,70.13050000000001,321.5764,4.0,341,Neutral
2023-09-01,h2,colombo,1,2475.0,2352.16,1,1120.5,2951.6,20784,19072,26.727500000000003,328.41850000000005,322.7693,1.3,351,Neutral
2023-10-01,h2,colombo,1,2440.0,2402.494,1,2241.0,2951.6,26000,23840,26.228125,585.5705,324.7303,1.5,356,Neutral
2023-11-01,h2,colombo,1,2500.0,2378.185,1,3361.5,1770.9,23840,28608,26.368125,447.1740000000001,328.25,3.4,329,Neutral
2023-12-01,h2,colombo,1,2450.0,2460.44,1,3361.5,1574.2,20785,38147,26.25625,472.0125,326.7423,4.0,358,Neutral
2024-01-01,h2,colombo,1,2540.0,2477.586,0,0.0,1330.0,21388,12400,25.613125,283.5445,321.1706,6.4,363,Neutral
2024-02-01,h2,colombo,1,2550.0,2491.3475,0,0.0,1330.0,17593,17360,26.340000000000003,29.858500000000003,312.5801,5.9,363,Neutral
2024-03-01,h2,colombo,1,2575.0,2479.2525,0,0.0,1140.0,26581,19840,27.113125,41.225,305.665,0.9,363,Neutral
2024-04-01,h2,colombo,1,2600.0,2506.9880000000003,1,1120.0,760.0,22320,19840,28.68625,101.2695,299.4232,1.5,333,Neutral
2024-05-01,h2,colombo,1,2575.0,2506.1125,1,2240.0,950.0,20772,19840,28.328125000000004,226.944,299.6923,0.9,317,Neutral
2024-06-01,h2,colombo,1,2500.0,2521.0625,1,3360.0,950.0,14032,14880,27.524374999999992,82.85149999999999,303.8121,1.7,317,Neutral
2024-07-01,h2,colombo,1,2433.33,2600.905,1,3360.0,760.0,13099,14880,27.48125,67.39349999999999,303.7559,2.4,317,Neutral
2024-08-01,h2,colombo,1,2575.0,2680.69,1,2240.0,2850.0,17127,14880,27.2175,137.24199999999996,300.6683,0.5,307,Neutral
2024-09-01,h2,colombo,1,2575.0,2819.1275,1,1120.0,2850.0,21621,19840,27.541875,69.441,301.1505,-0.5,283,Neutral
2024-10-01,h2,colombo,1,2875.0,2941.5975,1,2240.0,2850.0,27047,24800,26.887500000000003,196.62100000000004,293.7851,-0.8,283,Neutral
2024-11-01,h2,colombo,1,3050.0,3049.9075000000003,1,3360.0,1710.0,24800,29760,26.468125,381.7135,292.0092,-2.1,286,Neutral
2024-12-01,h2,colombo,1,3200.0,3181.1200000000003,1,3360.0,1520.0,21620,39680,26.13437500000001,170.53300000000002,291.6805,-1.7,286,Neutral
2025-01-01,h2,colombo,1,3175.0,3156.065,0,0.0,0.0,21820,27000,25.2225,274.39300000000003,296.1796,-4.0,286,Neutral
2025-02-01,h2,colombo,1,3125.0,3215.835,0,0.0,0.0,25314,24000,25.713125,86.076,296.8034,-4.2,286,Neutral
2025-03-01,h2,colombo,1,3200.0,3237.2825000000003,0,0.0,0.0,22329,19000,26.675625000000007,229.66600000000005,295.909,-2.6,286,Neutral
2025-04-01,h2,colombo,1,3200.0,3246.5125,1,0.0,0.0,5582,18000,27.221875,272.281,298.5312,-2.0,274,Neutral
2025-05-01,h2,colombo,1,3000.0,3130.2525000000005,1,0.0,0.0,5582,15000,27.324375,191.717,299.4142,-0.7,274,Neutral
2025-06-01,h2,colombo,1,2925.0,3034.41,1,0.0,0.0,20560,15000,26.9,170.3,301.12,-0.6,305,Neutral
2025-07-01,h2,colombo,1,2950.0,3063.852,1,0.0,0.0,35106,15000,27.0,148.3,301.12,-0.3,305,Neutral
2025-08-01,h2,colombo,1,2975.0,3087.2925,1,0.0,0.0,39860,15000,26.8,135.0,301.12,1.2,299,Neutral
2025-09-01,h2,colombo,1,2950.0,3118.285,1,0.0,0.0,31328,20000,26.7,213.3,302.0368,2.4,299,Neutral
2025-10-01,h2,colombo,1,3025.0,3118.285,1,0.0,0.0,27000,22000,26.79,256.5,7.03,2.4,286,Neutral
2025-11-01,h2,colombo,1,3025.0,3025.0,1,0.0,0.0,27000,25000,26.04,556.3,7.03,2.4,286,Neutral
2025-12-01,h2,colombo,1,3066.67,3066.67,1,0.0,0.0,27000,28000,26.13,122.4,7.03,2.4,286,Neutral
2026-01-01,h2,colombo,1,3200.0,3200.0,0,0.0,1300.0,15000,14000,26.41,68.5,7.03,2.4,279,Neutral
2026-02-01,h2,colombo,1,3300.0,3200.0,0,0.0,1300.0,16000,14800,26.59,40.4,7.03,2.4,277,Neutral
2025-10-01,h_faq,colombo,1,3000.0,3000.0,1,0.0,0.0,27000,22000,26.79,256.5,7.03,2.4,286,Neutral
2025-11-01,h_faq,colombo,1,3000.0,3000.0,1,0.0,0.0,27000,25000,26.04,556.3,7.03,2.4,286,Neutral
2025-12-01,h_faq,colombo,1,3000.0,3000.0,1,0.0,0.0,27000,28000,26.13,122.4,7.03,2.4,286,Neutral
2026-01-01,h_faq,colombo,1,3000.0,3000.0,0,0.0,1300.0,15000,14000,26.41,68.5,7.03,2.4,279,Neutral
2026-02-01,h_faq,colombo,1,3000.0,3000.0,0,0.0,1300.0,16000,14800,26.59,40.4,7.03,2.4,277,Neutral
2020-01-01,alba,galle,1,2745.0,2758.1875,0,0.0,1310.5,19156,11106,25.560625,57.7385,181.4036,5.7,104,Neutral
2020-02-01,alba,galle,1,2862.5,2936.375,0,0.0,1310.5,15757,15549,25.815625,28.699000000000005,181.5628,6.2,104,Neutral
2020-03-01,alba,galle,1,3262.5,3140.375,0,0.0,1123.3,23807,17770,27.176875000000003,29.896,185.0567,5.4,104,Neutral
2020-04-01,alba,galle,1,3000.0,2847.17,1,1145.0,748.9,19991,17770,28.133125000000003,129.9175,193.0854,5.2,104,Neutral
2020-05-01,alba,galle,1,3000.0,2903.6675,1,2290.0,936.1,18605,17770,27.856250000000003,239.16,187.865,4.0,104,Neutral
2020-06-01,alba,galle,1,2976.0,2910.75,1,3435.0,936.1,12568,13327,27.2925,107.60849999999998,185.9545,3.9,104,Neutral
2020-07-01,alba,galle,1,3050.0,2912.25,1,3435.0,748.9,11732,13327,26.540625,118.602,185.8487,4.2,104,Neutral
2020-08-01,alba,galle,1,3037.5,2838.734,1,2290.0,2808.3,15340,13327,26.786875,85.95949999999999,184.8939,4.1,104,Neutral
2020-09-01,alba,galle,1,3037.5,2910.9375,1,1145.0,2808.3,19365,17770,26.410625,198.4555,185.0317,4.0,104,Neutral
2020-10-01,alba,galle,1,3050.0,2949.5625,1,2290.0,2808.3,24225,22212,26.730625,90.7945,184.4379,4.0,104,Neutral
2020-11-01,alba,galle,1,3150.0,2979.48,1,3435.0,1685.0,22212,26655,26.305625000000003,308.663,184.7882,4.1,104,Neutral
2020-12-01,alba,galle,1,3050.0,2977.25,1,3435.0,1497.7,19364,35539,25.624375,301.8475,187.1822,4.2,104,Neutral
2021-01-01,alba,galle,1,3050.0,2972.0625,0,0.0,1317.0,21474,12450,25.203125,261.9235,190.4918,3.0,104,Neutral
2021-02-01,alba,galle,1,3137.5,3006.25,0,0.0,1317.0,17664,17430,25.576875000000005,57.901,194.0665,3.3,104,Neutral
2021-03-01,alba,galle,1,3240.0,3047.5,0,0.0,1128.9,26688,19920,26.118125,146.487,196.9825,4.1,104,Neutral
2021-04-01,alba,galle,1,3125.0,3038.89,1,1185.0,752.6,22410,19920,27.244375,130.3815,197.423,3.9,104,Neutral
2021-05-01,alba,galle,1,3226.6666666666665,3073.1666666666665,1,2370.0,940.7,20856,19920,27.279375,258.98,199.5847,4.5,111,Neutral
2021-06-01,alba,galle,1,3175.0,3041.875,1,3555.0,940.7,14088,14940,26.799375000000005,132.15700000000004,199.8161,5.2,111,Neutral
2021-07-01,alba,galle,1,3200.0,3141.6875,1,3555.0,752.6,13152,14940,26.590625,138.03850000000003,199.9778,5.7,111,Neutral
2021-08-01,alba,galle,1,3150.0,3157.583333333333,1,2370.0,2822.2,17196,14940,26.2875,132.23650000000004,200.4965,6.0,111,Neutral
2021-09-01,alba,galle,1,3150.0,3157.583333333333,1,1185.0,2822.2,21708,19920,26.593750000000004,170.17950000000002,201.9858,5.7,111,Neutral
2021-10-01,alba,galle,1,3350.0,3230.5425,1,2370.0,2822.2,27156,24900,26.34625,341.85200000000003,201.0899,7.6,111,Neutral
2021-11-01,alba,galle,1,3350.0,3282.8,1,3555.0,1693.3,24900,29880,25.869375,470.629,201.8582,9.9,111,Neutral
2021-12-01,alba,galle,1,3350.0,3308.5,1,3555.0,1505.2,21708,39840,25.6075,141.56449999999998,201.399,12.1,121,Neutral
2022-01-01,alba,galle,1,3500.0,3438.0,0,0.0,1280.9,19275,11175,25.470625,122.19749999999996,201.4647,14.2,121,Neutral
2022-02-01,alba,galle,1,3560.0,3450.5,0,0.0,1280.9,15855,15645,25.4025,163.791,201.7362,15.1,176,Neutral
2022-03-01,alba,galle,1,4066.6666666666665,3958.75,0,0.0,1097.9,23955,17880,26.5825,89.29799999999999,255.8081,18.7,176,Neutral
2022-04-01,alba,galle,1,4700.0,4420.833333333333,1,1188.0,731.9,20115,17880,27.1175,306.01150000000007,319.4404,29.8,289,Neutral
2022-05-01,alba,galle,1,5093.75,4697.0625,1,2376.0,914.9,18720,17880,27.130625,193.646,358.939,39.1,289,Neutral
2022-06-01,alba,galle,1,5083.33,4865.8125,1,3564.0,914.9,12646,13410,26.5225,86.711,360.2428,54.6,430,Neutral
2022-07-01,alba,galle,1,4975.0,5019.4375,1,3564.0,731.9,11805,13410,26.33,122.364,360.8724,60.8,430,Neutral
2022-08-01,alba,galle,1,5180.0,5164.0,1,2376.0,2744.7,15435,13410,25.99375,169.767,360.9983,64.3,430,Neutral
2022-09-01,alba,galle,1,5425.0,5290.5,1,1188.0,2744.7,19485,17880,26.27,74.46399999999998,362.3826,69.8,415,Neutral
2022-10-01,alba,galle,1,5387.5,5433.625,1,2376.0,2744.7,24375,22350,26.19625,295.946,363.1484,66.0,430,Neutral
2022-11-01,alba,galle,1,5520.0,5569.95,1,3564.0,1646.8,22350,26820,25.59125000000001,289.1615,363.394,61.0,420,Neutral
2022-12-01,alba,galle,1,5837.5,5735.125,1,3564.0,1463.9,19484,35760,25.180625,289.313,363.1652,57.2,420,Neutral
2023-01-01,alba,galle,1,5900.0,5885.7,0,0.0,1377.4,20560,11920,24.488750000000007,122.862,362.4228,51.7,405,Neutral
2023-02-01,alba,galle,1,5800.0,5755.6875,0,0.0,1377.4,16912,16688,25.101875,158.296,361.9766,50.6,405,Neutral
2023-03-01,alba,galle,1,5175.0,5090.5625,0,0.0,1180.6,25552,19072,26.566875,113.27299999999998,329.4709,50.3,325,Neutral
2023-04-01,alba,galle,1,5350.0,5204.86,1,1120.5,787.1,21456,19072,27.605000000000004,161.4275,321.4244,35.3,310,Neutral
2023-05-01,alba,galle,1,5050.0,5145.4,1,2241.0,983.9,19969,19072,27.3725,198.883,310.1639,25.2,310,Neutral
2023-06-01,alba,galle,1,4950.0,4919.4375,1,3361.5,983.9,13489,14304,27.287499999999994,101.3585,301.2612,12.0,308,Neutral
2023-07-01,alba,galle,1,4780.0,4779.1,1,3361.5,787.1,12592,14304,26.892499999999995,65.55649999999997,319.2903,6.3,306,Neutral
2023-08-01,alba,galle,1,4300.0,4415.875,1,2241.0,2951.6,16464,14304,27.4525,70.13050000000001,321.5764,4.0,341,Neutral
2023-09-01,alba,galle,1,4495.0,4649.75,1,1120.5,2951.6,20784,19072,26.727500000000003,328.41850000000005,322.7693,1.3,351,Neutral
2023-10-01,alba,galle,1,4480.0,4756.2,1,2241.0,2951.6,26000,23840,26.228125,585.5705,324.7303,1.5,356,Neutral
2023-11-01,alba,galle,1,4412.5,4735.75,1,3361.5,1770.9,23840,28608,26.368125,447.1740000000001,328.25,3.4,329,Neutral
2023-12-01,alba,galle,1,4662.5,4797.6875,1,3361.5,1574.2,20785,38147,26.25625,472.0125,326.7423,4.0,358,Neutral
2024-01-01,alba,galle,1,4750.0,4847.05,0,0.0,1330.0,21388,12400,25.613125,283.5445,321.1706,6.4,363,Neutral
2024-02-01,alba,galle,1,4625.0,4835.0,0,0.0,1330.0,17593,17360,26.340000000000003,29.858500000000003,312.5801,5.9,363,Neutral
2024-03-01,alba,galle,1,4600.0,4771.9375,0,0.0,1140.0,26581,19840,27.113125,41.225,305.665,0.9,363,Neutral
2024-04-01,alba,galle,1,4610.0,4765.884,1,1120.0,760.0,22320,19840,28.68625,101.2695,299.4232,1.5,333,Neutral
2024-05-01,alba,galle,1,4616.666666666667,4773.25,1,2240.0,950.0,20772,19840,28.328125000000004,226.944,299.6923,0.9,317,Neutral
2024-06-01,alba,galle,1,4816.666666666667,4751.52,1,3360.0,950.0,14032,14880,27.524374999999992,82.85149999999999,303.8121,1.7,317,Neutral
2024-07-01,alba,galle,1,4225.0,4231.6875,1,3360.0,760.0,13099,14880,27.48125,67.39349999999999,303.7559,2.4,317,Neutral
2024-08-01,alba,galle,1,4450.0,4330.8125,1,2240.0,2850.0,17127,14880,27.2175,137.24199999999996,300.6683,0.5,307,Neutral
2024-09-01,alba,galle,1,4731.25,4475.3125,1,1120.0,2850.0,21621,19840,27.541875,69.441,301.1505,-0.5,283,Neutral
2024-10-01,alba,galle,1,4662.5,4417.125,1,2240.0,2850.0,27047,24800,26.887500000000003,196.62100000000004,293.7851,-0.8,283,Neutral
2024-11-01,alba,galle,1,4750.0,4536.875,1,3360.0,1710.0,24800,29760,26.468125,381.7135,292.0092,-2.1,286,Neutral
2024-12-01,alba,galle,1,4950.0,4606.0,1,3360.0,1520.0,21620,39680,26.13437500000001,170.53300000000002,291.6805,-1.7,286,Neutral
2025-01-01,alba,galle,1,4787.5,4573.125,0,0.0,0.0,21820,27000,25.2225,274.39300000000003,296.1796,-4.0,286,Neutral
2025-02-01,alba,galle,1,4700.0,4555.9375,0,0.0,0.0,25314,24000,25.713125,86.076,296.8034,-4.2,286,Neutral
2025-03-01,alba,galle,1,4825.0,4587.1875,0,0.0,0.0,22329,19000,26.675625000000007,229.66600000000005,295.909,-2.6,286,Neutral
2025-04-01,alba,galle,1,4925.0,4609.0625,1,0.0,0.0,5582,18000,27.221875,272.281,298.5312,-2.0,274,Neutral
2025-05-01,alba,galle,1,4637.5,4537.8125,1,0.0,0.0,5582,15000,27.324375,191.717,299.4142,-0.7,274,Neutral
2025-06-01,alba,galle,1,4612.5,4478.75,1,0.0,0.0,20560,15000,26.9,170.3,301.12,-0.6,305,Neutral
2025-07-01,alba,galle,1,4550.0,4521.25,1,0.0,0.0,35106,15000,27.0,148.3,301.12,-0.3,305,Neutral
2025-08-01,alba,galle,1,4868.75,4595.9375,1,0.0,0.0,39860,15000,26.8,135.0,301.12,1.2,299,Neutral
2025-09-01,alba,galle,1,4650.0,4541.25,1,0.0,0.0,31328,20000,26.7,213.3,302.0368,2.4,299,Neutral
2025-10-01,alba,galle,1,4793.75,4541.25,1,0.0,0.0,27000,22000,26.43,238.0,7.03,2.4,286,Neutral
2025-11-01,alba,galle,1,5062.5,5062.5,1,0.0,0.0,27000,25000,25.9,445.0,7.03,2.4,286,Neutral
2025-12-01,alba,galle,1,5530.0,5530.0,1,0.0,0.0,27000,28000,25.45,178.9,7.03,2.4,286,Neutral
2026-01-01,alba,galle,1,5925.0,5925.0,0,0.0,1300.0,15000,14000,25.48,74.4,7.03,2.4,279,Neutral
2026-02-01,alba,galle,1,6250.0,5925.0,0,0.0,1300.0,16000,14800,25.41,108.7,7.03,2.4,277,Neutral
2020-01-01,c4,galle,1,1963.75,1900.475,0,0.0,1310.5,19156,11106,25.560625,57.7385,181.4036,5.7,104,Neutral
2020-02-01,c4,galle,1,2115.0,2030.3925,0,0.0,1310.5,15757,15549,25.815625,28.699000000000005,181.5628,6.2,104,Neutral
2020-03-01,c4,galle,1,2225.0,2145.285,0,0.0,1123.3,23807,17770,27.176875000000003,29.896,185.0567,5.4,104,Neutral
2020-04-01,c4,galle,1,2065.0,1979.75,1,1145.0,748.9,19991,17770,28.133125000000003,129.9175,193.0854,5.2,104,Neutral
2020-05-01,c4,galle,1,2121.25,2071.125,1,2290.0,936.1,18605,17770,27.856250000000003,239.16,187.865,4.0,104,Neutral
2020-06-01,c4,galle,1,2188.0,2072.884,1,3435.0,936.1,12568,13327,27.2925,107.60849999999998,185.9545,3.9,104,Neutral
2020-07-01,c4,galle,1,2220.0,2091.0,1,3435.0,748.9,11732,13327,26.540625,118.602,185.8487,4.2,104,Neutral
2020-08-01,c4,galle,1,2210.0,2063.946,1,2290.0,2808.3,15340,13327,26.786875,85.95949999999999,184.8939,4.1,104,Neutral
2020-09-01,c4,galle,1,2197.5,2090.93,1,1145.0,2808.3,19365,17770,26.410625,198.4555,185.0317,4.0,104,Neutral
2020-10-01,c4,galle,1,2235.0,2183.96,1,2290.0,2808.3,24225,22212,26.730625,90.7945,184.4379,4.0,104,Neutral
2020-11-01,c4,galle,1,2278.33,2217.575,1,3435.0,1685.0,22212,26655,26.305625000000003,308.663,184.7882,4.1,104,Neutral
2020-12-01,c4,galle,1,2294.0,2199.652,1,3435.0,1497.7,19364,35539,25.624375,301.8475,187.1822,4.2,104,Neutral
2021-01-01,c4,galle,1,2303.5,2185.465,0,0.0,1317.0,21474,12450,25.203125,261.9235,190.4918,3.0,104,Neutral
2021-02-01,c4,galle,1,2318.25,2202.8575,0,0.0,1317.0,17664,17430,25.576875000000005,57.901,194.0665,3.3,104,Neutral
2021-03-01,c4,galle,1,2351.0,2243.548,0,0.0,1128.9,26688,19920,26.118125,146.487,196.9825,4.1,104,Neutral
2021-04-01,c4,galle,1,2443.33,2284.9866666666667,1,1185.0,752.6,22410,19920,27.244375,130.3815,197.423,3.9,104,Neutral
2021-05-01,c4,galle,1,2498.333333333333,2296.056666666667,1,2370.0,940.7,20856,19920,27.279375,258.98,199.5847,4.5,111,Neutral
2021-06-01,c4,galle,1,2590.0,2388.08,1,3555.0,940.7,14088,14940,26.799375000000005,132.15700000000004,199.8161,5.2,111,Neutral
2021-07-01,c4,galle,1,2616.25,2440.3025,1,3555.0,752.6,13152,14940,26.590625,138.03850000000003,199.9778,5.7,111,Neutral
2021-08-01,c4,galle,1,2650.0,2476.19,1,2370.0,2822.2,17196,14940,26.2875,132.23650000000004,200.4965,6.0,111,Neutral
2021-09-01,c4,galle,1,2650.0,2476.19,1,1185.0,2822.2,21708,19920,26.593750000000004,170.17950000000002,201.9858,5.7,111,Neutral
2021-10-01,c4,galle,1,2625.0,2406.3175,1,2370.0,2822.2,27156,24900,26.34625,341.85200000000003,201.0899,7.6,111,Neutral
2021-11-01,c4,galle,1,2605.0,2483.172,1,3555.0,1693.3,24900,29880,25.869375,470.629,201.8582,9.9,111,Neutral
2021-12-01,c4,galle,1,2600.0,2455.965,1,3555.0,1505.2,21708,39840,25.6075,141.56449999999998,201.399,12.1,121,Neutral
2022-01-01,c4,galle,1,2637.5,2475.4974999999995,0,0.0,1280.9,19275,11175,25.470625,122.19749999999996,201.4647,14.2,121,Neutral
2022-02-01,c4,galle,1,2680.0,2517.0,0,0.0,1280.9,15855,15645,25.4025,163.791,201.7362,15.1,176,Neutral
2022-03-01,c4,galle,1,3195.0,2941.236666666666,0,0.0,1097.9,23955,17880,26.5825,89.29799999999999,255.8081,18.7,176,Neutral
2022-04-01,c4,galle,1,3783.3333333333335,3453.486666666666,1,1188.0,731.9,20115,17880,27.1175,306.01150000000007,319.4404,29.8,289,Neutral
2022-05-01,c4,galle,1,4100.0,3729.43,1,2376.0,914.9,18720,17880,27.130625,193.646,358.939,39.1,289,Neutral
2022-06-01,c4,galle,1,4118.75,3808.0625,1,3564.0,914.9,12646,13410,26.5225,86.711,360.2428,54.6,430,Neutral
2022-07-01,c4,galle,1,3775.0,3673.6725,1,3564.0,731.9,11805,13410,26.33,122.364,360.8724,60.8,430,Neutral
2022-08-01,c4,galle,1,3710.0,3627.944,1,2376.0,2744.7,15435,13410,25.99375,169.767,360.9983,64.3,430,Neutral
2022-09-01,c4,galle,1,3556.25,3417.9275,1,1188.0,2744.7,19485,17880,26.27,74.46399999999998,362.3826,69.8,415,Neutral
2022-10-01,c4,galle,1,3450.0,3409.6800000000003,1,2376.0,2744.7,24375,22350,26.19625,295.946,363.1484,66.0,430,Neutral
2022-11-01,c4,galle,1,3615.0,3487.3720000000003,1,3564.0,1646.8,22350,26820,25.59125000000001,289.1615,363.394,61.0,420,Neutral
2022-12-01,c4,galle,1,3437.5,3392.39,1,3564.0,1463.9,19484,35760,25.180625,289.313,363.1652,57.2,420,Neutral
2023-01-01,c4,galle,1,3500.0,3440.256,0,0.0,1377.4,20560,11920,24.488750000000007,122.862,362.4228,51.7,405,Neutral
2023-02-01,c4,galle,1,3550.0,3484.9225,0,0.0,1377.4,16912,16688,25.101875,158.296,361.9766,50.6,405,Neutral
2023-03-01,c4,galle,1,3062.5,3031.7525,0,0.0,1180.6,25552,19072,26.566875,113.27299999999998,329.4709,50.3,325,Neutral
2023-04-01,c4,galle,1,3250.0,3147.7700000000004,1,1120.5,787.1,21456,19072,27.605000000000004,161.4275,321.4244,35.3,310,Neutral
2023-05-01,c4,galle,1,3170.0,3214.894,1,2241.0,983.9,19969,19072,27.3725,198.883,310.1639,25.2,310,Neutral
2023-06-01,c4,galle,1,3050.0,2997.3900000000003,1,3361.5,983.9,13489,14304,27.287499999999994,101.3585,301.2612,12.0,308,Neutral
2023-07-01,c4,galle,1,3065.0,3046.8320000000003,1,3361.5,787.1,12592,14304,26.892499999999995,65.55649999999997,319.2903,6.3,306,Neutral
2023-08-01,c4,galle,1,2969.25,2885.0875000000005,1,2241.0,2951.6,16464,14304,27.4525,70.13050000000001,321.5764,4.0,341,Neutral
2023-09-01,c4,galle,1,2950.0,2948.8775000000005,1,1120.5,2951.6,20784,19072,26.727500000000003,328.41850000000005,322.7693,1.3,351,Neutral
2023-10-01,c4,galle,1,2845.0,2945.3520000000003,1,2241.0,2951.6,26000,23840,26.228125,585.5705,324.7303,1.5,356,Neutral
2023-11-01,c4,galle,1,2806.25,2878.5325000000003,1,3361.5,1770.9,23840,28608,26.368125,447.1740000000001,328.25,3.4,329,Neutral
2023-12-01,c4,galle,1,2950.0,2920.0225,1,3361.5,1574.2,20785,38147,26.25625,472.0125,326.7423,4.0,358,Neutral
2024-01-01,c4,galle,1,3050.0,2994.002,0,0.0,1330.0,21388,12400,25.613125,283.5445,321.1706,6.4,363,Neutral
2024-02-01,c4,galle,1,3912.5,3001.66,0,0.0,1330.0,17593,17360,26.340000000000003,29.858500000000003,312.5801,5.9,363,Neutral
2024-03-01,c4,galle,1,3025.0,3068.19,0,0.0,1140.0,26581,19840,27.113125,41.225,305.665,0.9,363,Neutral
2024-04-01,c4,galle,1,3040.0,3110.7760000000003,1,1120.0,760.0,22320,19840,28.68625,101.2695,299.4232,1.5,333,Neutral
2024-05-01,c4,galle,1,3133.33,3173.33,1,2240.0,950.0,20772,19840,28.328125000000004,226.944,299.6923,0.9,317,Neutral
2024-06-01,c4,galle,1,3150.0,3163.8725000000004,1,3360.0,950.0,14032,14880,27.524374999999992,82.85149999999999,303.8121,1.7,317,Neutral
2024-07-01,c4,galle,1,3187.5,3180.7225,1,3360.0,760.0,13099,14880,27.48125,67.39349999999999,303.7559,2.4,317,Neutral
2024-08-01,c4,galle,1,3293.75,3238.74,1,2240.0,2850.0,17127,14880,27.2175,137.24199999999996,300.6683,0.5,307,Neutral
2024-09-01,c4,galle,1,3400.0,3380.0325000000003,1,1120.0,2850.0,21621,19840,27.541875,69.441,301.1505,-0.5,283,Neutral
2024-10-01,c4,galle,1,3575.0,3462.6575000000003,1,2240.0,2850.0,27047,24800,26.887500000000003,196.62100000000004,293.7851,-0.8,283,Neutral
2024-11-01,c4,galle,1,3656.25,3554.8475,1,3360.0,1710.0,24800,29760,26.468125,381.7135,292.0092,-2.1,286,Neutral
2024-12-01,c4,galle,1,3796.0,3636.0520000000006,1,3360.0,1520.0,21620,39680,26.13437500000001,170.53300000000002,291.6805,-1.7,286,Neutral
2025-01-01,c4,galle,1,3800.0,3656.1075,0,0.0,0.0,21820,27000,25.2225,274.39300000000003,296.1796,-4.0,286,Neutral
2025-02-01,c4,galle,1,3750.0,3666.0375,0,0.0,0.0,25314,24000,25.713125,86.076,296.8034,-4.2,286,Neutral
2025-03-01,c4,galle,1,3775.0,3681.44,0,0.0,0.0,22329,19000,26.675625000000007,229.66600000000005,295.909,-2.6,286,Neutral
2025-04-01,c4,galle,1,3818.75,3723.8,1,0.0,0.0,5582,18000,27.221875,272.281,298.5312,-2.0,274,Neutral
2025-05-01,c4,galle,1,3812.5,3663.415,1,0.0,0.0,5582,15000,27.324375,191.717,299.4142,-0.7,274,Neutral
2025-06-01,c4,galle,1,3743.75,3608.4175,1,0.0,0.0,20560,15000,26.9,170.3,301.12,-0.6,305,Neutral
2025-07-01,c4,galle,1,3725.0,3622.666,1,0.0,0.0,35106,15000,27.0,148.3,301.12,-0.3,305,Neutral
2025-08-01,c4,galle,1,3781.25,3638.3875,1,0.0,0.0,39860,15000,26.8,135.0,301.12,1.2,299,Neutral
2025-09-01,c4,galle,1,3750.0,3638.67,1,0.0,0.0,31328,20000,26.7,213.3,302.0368,2.4,299,Neutral
2025-10-01,c4,galle,1,3812.5,3638.67,1,0.0,0.0,27000,22000,26.43,238.0,7.03,2.4,286,Neutral
2025-11-01,c4,galle,1,3968.75,3968.75,1,0.0,0.0,27000,25000,25.9,445.0,7.03,2.4,286,Neutral
2025-12-01,c4,galle,1,4210.0,4210.0,1,0.0,0.0,27000,28000,25.45,178.9,7.03,2.4,286,Neutral
2026-01-01,c4,galle,1,4518.75,4518.75,0,0.0,1300.0,15000,14000,25.48,74.4,7.03,2.4,279,Neutral
2026-02-01,c4,galle,1,4750.0,4518.75,0,0.0,1300.0,16000,14800,25.41,108.7,7.03,2.4,277,Neutral
2020-01-01,c5,galle,1,2056.25,2091.6975,0,0.0,1310.5,19156,11106,25.560625,57.7385,181.4036,5.7,104,Neutral
2020-02-01,c5,galle,1,2200.0,2235.8575,0,0.0,1310.5,15757,15549,25.815625,28.699000000000005,181.5628,6.2,104,Neutral
2020-03-01,c5,galle,1,2302.5,2325.1400000000003,0,0.0,1123.3,23807,17770,27.176875000000003,29.896,185.0567,5.4,104,Neutral
2020-04-01,c5,galle,1,2150.0,2162.625,1,1145.0,748.9,19991,17770,28.133125000000003,129.9175,193.0854,5.2,104,Neutral
2020-05-01,c5,galle,1,2223.75,2209.4375,1,2290.0,936.1,18605,17770,27.856250000000003,239.16,187.865,4.0,104,Neutral
2020-06-01,c5,galle,1,2316.0,2297.656,1,3435.0,936.1,12568,13327,27.2925,107.60849999999998,185.9545,3.9,104,Neutral
2020-07-01,c5,galle,1,2276.25,2268.3575,1,3435.0,748.9,11732,13327,26.540625,118.602,185.8487,4.2,104,Neutral
2020-08-01,c5,galle,1,2255.0,2272.194,1,2290.0,2808.3,15340,13327,26.786875,85.95949999999999,184.8939,4.1,104,Neutral
2020-09-01,c5,galle,1,2238.33,2263.9300000000003,1,1145.0,2808.3,19365,17770,26.410625,198.4555,185.0317,4.0,104,Neutral
2020-10-01,c5,galle,1,2330.0,2309.0925,1,2290.0,2808.3,24225,22212,26.730625,90.7945,184.4379,4.0,104,Neutral
2020-11-01,c5,galle,1,2322.5,2325.525,1,3435.0,1685.0,22212,26655,26.305625000000003,308.663,184.7882,4.1,104,Neutral
2020-12-01,c5,galle,1,2327.0,2349.288,1,3435.0,1497.7,19364,35539,25.624375,301.8475,187.1822,4.2,104,Neutral
2021-01-01,c5,galle,1,2345.0,2325.4300000000003,0,0.0,1317.0,21474,12450,25.203125,261.9235,190.4918,3.0,104,Neutral
2021-02-01,c5,galle,1,2377.5,2368.2875000000004,0,0.0,1317.0,17664,17430,25.576875000000005,57.901,194.0665,3.3,104,Neutral
2021-03-01,c5,galle,1,2434.0,2414.456,0,0.0,1128.9,26688,19920,26.118125,146.487,196.9825,4.1,104,Neutral
2021-04-01,c5,galle,1,2508.33,2445.6200000000003,1,1185.0,752.6,22410,19920,27.244375,130.3815,197.423,3.9,104,Neutral
2021-05-01,c5,galle,1,2575.0,2458.39,1,2370.0,940.7,20856,19920,27.279375,258.98,199.5847,4.5,111,Neutral
2021-06-01,c5,galle,1,2675.0,2550.0,1,3555.0,940.7,14088,14940,26.799375000000005,132.15700000000004,199.8161,5.2,111,Neutral
2021-07-01,c5,galle,1,2737.5,2587.9525,1,3555.0,752.6,13152,14940,26.590625,138.03850000000003,199.9778,5.7,111,Neutral
2021-08-01,c5,galle,1,2715.0,2615.523333333333,1,2370.0,2822.2,17196,14940,26.2875,132.23650000000004,200.4965,6.0,111,Neutral
2021-09-01,c5,galle,1,2715.0,2615.523333333333,1,1185.0,2822.2,21708,19920,26.593750000000004,170.17950000000002,201.9858,5.7,111,Neutral
2021-10-01,c5,galle,1,2700.0,2588.9975,1,2370.0,2822.2,27156,24900,26.34625,341.85200000000003,201.0899,7.6,111,Neutral
2021-11-01,c5,galle,1,2675.0,2644.142,1,3555.0,1693.3,24900,29880,25.869375,470.629,201.8582,9.9,111,Neutral
2021-12-01,c5,galle,1,2675.0,2618.7125,1,3555.0,1505.2,21708,39840,25.6075,141.56449999999998,201.399,12.1,121,Neutral
2022-01-01,c5,galle,1,2725.0,2624.32,0,0.0,1280.9,19275,11175,25.470625,122.19749999999996,201.4647,14.2,121,Neutral
2022-02-01,c5,galle,1,2790.0,2683.17,0,0.0,1280.9,15855,15645,25.4025,163.791,201.7362,15.1,176,Neutral
2022-03-01,c5,galle,1,3321.6666666666665,3178.7233333333334,0,0.0,1097.9,23955,17880,26.5825,89.29799999999999,255.8081,18.7,176,Neutral
2022-04-01,c5,galle,1,3900.0,3718.9233333333336,1,1188.0,731.9,20115,17880,27.1175,306.01150000000007,319.4404,29.8,289,Neutral
2022-05-01,c5,galle,1,4212.5,3985.8925,1,2376.0,914.9,18720,17880,27.130625,193.646,358.939,39.1,289,Neutral
2022-06-01,c5,galle,1,4307.5,4086.150000000001,1,3564.0,914.9,12646,13410,26.5225,86.711,360.2428,54.6,430,Neutral
2022-07-01,c5,galle,1,3983.33,4011.5475,1,3564.0,731.9,11805,13410,26.33,122.364,360.8724,60.8,430,Neutral
2022-08-01,c5,galle,1,3870.0,3950.228,1,2376.0,2744.7,15435,13410,25.99375,169.767,360.9983,64.3,430,Neutral
2022-09-01,c5,galle,1,3650.0,3659.1175,1,1188.0,2744.7,19485,17880,26.27,74.46399999999998,362.3826,69.8,415,Neutral
2022-10-01,c5,galle,1,3675.0,3718.3975,1,2376.0,2744.7,24375,22350,26.19625,295.946,363.1484,66.0,430,Neutral
2022-11-01,c5,galle,1,3790.0,3771.056,1,3564.0,1646.8,22350,26820,25.59125000000001,289.1615,363.394,61.0,420,Neutral
2022-12-01,c5,galle,1,3650.0,3693.5725,1,3564.0,1463.9,19484,35760,25.180625,289.313,363.1652,57.2,420,Neutral
2023-01-01,c5,galle,1,3850.0,3792.228,0,0.0,1377.4,20560,11920,24.488750000000007,122.862,362.4228,51.7,405,Neutral
2023-02-01,c5,galle,1,3750.0,3800.22,0,0.0,1377.4,16912,16688,25.101875,158.296,361.9766,50.6,405,Neutral
2023-03-01,c5,galle,1,3460.0,3412.5675,0,0.0,1180.6,25552,19072,26.566875,113.27299999999998,329.4709,50.3,325,Neutral
2023-04-01,c5,galle,1,3525.0,3608.103333333333,1,1120.5,787.1,21456,19072,27.605000000000004,161.4275,321.4244,35.3,310,Neutral
2023-05-01,c5,galle,1,3330.0,3538.882,1,2241.0,983.9,19969,19072,27.3725,198.883,310.1639,25.2,310,Neutral
2023-06-01,c5,galle,1,3487.5,3322.8475,1,3361.5,983.9,13489,14304,27.287499999999994,101.3585,301.2612,12.0,308,Neutral
2023-07-01,c5,galle,1,3350.0,3377.952,1,3361.5,787.1,12592,14304,26.892499999999995,65.55649999999997,319.2903,6.3,306,Neutral
2023-08-01,c5,galle,1,3156.75,3230.94,1,2241.0,2951.6,16464,14304,27.4525,70.13050000000001,321.5764,4.0,341,Neutral
2023-09-01,c5,galle,1,3325.0,3237.5650000000005,1,1120.5,2951.6,20784,19072,26.727500000000003,328.41850000000005,322.7693,1.3,351,Neutral
2023-10-01,c5,galle,1,3040.0,3262.976,1,2241.0,2951.6,26000,23840,26.228125,585.5705,324.7303,1.5,356,Neutral
2023-11-01,c5,galle,1,3000.0,3142.205,1,3361.5,1770.9,23840,28608,26.368125,447.1740000000001,328.25,3.4,329,Neutral
2023-12-01,c5,galle,1,3131.25,3200.8375000000005,1,3361.5,1574.2,20785,38147,26.25625,472.0125,326.7423,4.0,358,Neutral
2024-01-01,c5,galle,1,3250.0,3300.952,0,0.0,1330.0,21388,12400,25.613125,283.5445,321.1706,6.4,363,Neutral
2024-02-01,c5,galle,1,3300.0,3279.63,0,0.0,1330.0,17593,17360,26.340000000000003,29.858500000000003,312.5801,5.9,363,Neutral
2024-03-01,c5,galle,1,3350.0,3361.5975,0,0.0,1140.0,26581,19840,27.113125,41.225,305.665,0.9,363,Neutral
2024-04-01,c5,galle,1,3406.0,3391.1100000000006,1,1120.0,760.0,22320,19840,28.68625,101.2695,299.4232,1.5,333,Neutral
2024-05-01,c5,galle,1,3500.0,3502.105,1,2240.0,950.0,20772,19840,28.328125000000004,226.944,299.6923,0.9,317,Neutral
2024-06-01,c5,galle,1,3433.33,3491.9925,1,3360.0,950.0,14032,14880,27.524374999999992,82.85149999999999,303.8121,1.7,317,Neutral
2024-07-01,c5,galle,1,3331.25,3375.5600000000004,1,3360.0,760.0,13099,14880,27.48125,67.39349999999999,303.7559,2.4,317,Neutral
2024-08-01,c5,galle,1,3412.5,3433.1925,1,2240.0,2850.0,17127,14880,27.2175,137.24199999999996,300.6683,0.5,307,Neutral
2024-09-01,c5,galle,1,3750.0,3574.0025,1,1120.0,2850.0,21621,19840,27.541875,69.441,301.1505,-0.5,283,Neutral
2024-10-01,c5,galle,1,3737.5,3622.975,1,2240.0,2850.0,27047,24800,26.887500000000003,196.62100000000004,293.7851,-0.8,283,Neutral
2024-11-01,c5,galle,1,3781.25,3714.345,1,3360.0,1710.0,24800,29760,26.468125,381.7135,292.0092,-2.1,286,Neutral
2024-12-01,c5,galle,1,3895.0,3801.338,1,3360.0,1520.0,21620,39680,26.13437500000001,170.53300000000002,291.6805,-1.7,286,Neutral
2025-01-01,c5,galle,1,3806.25,3804.8475,0,0.0,0.0,21820,27000,25.2225,274.39300000000003,296.1796,-4.0,286,Neutral
2025-02-01,c5,galle,1,3881.25,3809.4075,0,0.0,0.0,25314,24000,25.713125,86.076,296.8034,-4.2,286,Neutral
2025-03-01,c5,galle,1,3918.75,3785.16,0,0.0,0.0,22329,19000,26.675625000000007,229.66600000000005,295.909,-2.6,286,Neutral
2025-04-01,c5,galle,1,3950.0,3857.785,1,0.0,0.0,5582,18000,27.221875,272.281,298.5312,-2.0,274,Neutral
2025-05-01,c5,galle,1,3937.5,3795.502500000001,1,0.0,0.0,5582,15000,27.324375,191.717,299.4142,-0.7,274,Neutral
2025-06-01,c5,galle,1,3918.75,3766.565,1,0.0,0.0,20560,15000,26.9,170.3,301.12,-0.6,305,Neutral
2025-07-01,c5,galle,1,3837.5,3761.8020000000006,1,0.0,0.0,35106,15000,27.0,148.3,301.12,-0.3,305,Neutral
2025-08-01,c5,galle,1,3931.25,3801.6575,1,0.0,0.0,39860,15000,26.8,135.0,301.12,1.2,299,Neutral
2025-09-01,c5,galle,1,3887.5,3817.505,1,0.0,0.0,31328,20000,26.7,213.3,302.0368,2.4,299,Neutral
2025-10-01,c5,galle,1,3968.75,3817.505,1,0.0,0.0,27000,22000,26.43,238.0,7.03,2.4,286,Neutral
2025-11-01,c5,galle,1,4168.75,4168.75,1,0.0,0.0,27000,25000,25.9,445.0,7.03,2.4,286,Neutral
2025-12-01,c5,galle,1,4460.0,4460.0,1,0.0,0.0,27000,28000,25.45,178.9,7.03,2.4,286,Neutral
2026-01-01,c5,galle,1,4837.5,4837.5,0,0.0,1300.0,15000,14000,25.48,74.4,7.03,2.4,279,Neutral
2026-02-01,c5,galle,1,4700.0,4837.5,0,0.0,1300.0,16000,14800,25.41,108.7,7.03,2.4,277,Neutral
2020-01-01,c5sp,galle,1,2381.25,2342.3875,0,0.0,1310.5,19156,11106,25.560625,57.7385,181.4036,5.7,104,Neutral
2020-02-01,c5sp,galle,1,2350.0,2505.65,0,0.0,1310.5,15757,15549,25.815625,28.699000000000005,181.5628,6.2,104,Neutral
2020-03-01,c5sp,galle,1,2512.5,2613.8,0,0.0,1123.3,23807,17770,27.176875000000003,29.896,185.0567,5.4,104,Neutral
2020-04-01,c5sp,galle,1,2450.0,2413.835,1,1145.0,748.9,19991,17770,28.133125000000003,129.9175,193.0854,5.2,104,Neutral
2020-05-01,c5sp,galle,1,2432.5,2439.6875,1,2290.0,936.1,18605,17770,27.856250000000003,239.16,187.865,4.0,104,Neutral
2020-06-01,c5sp,galle,1,2460.0,2517.56,1,3435.0,936.1,12568,13327,27.2925,107.60849999999998,185.9545,3.9,104,Neutral
2020-07-01,c5sp,galle,1,2450.0,2524.9,1,3435.0,748.9,11732,13327,26.540625,118.602,185.8487,4.2,104,Neutral
2020-08-01,c5sp,galle,1,2422.5,2484.84,1,2290.0,2808.3,15340,13327,26.786875,85.95949999999999,184.8939,4.1,104,Neutral
2020-09-01,c5sp,galle,1,2362.5,2435.95,1,1145.0,2808.3,19365,17770,26.410625,198.4555,185.0317,4.0,104,Neutral
2020-10-01,c5sp,galle,1,2480.0,2513.75,1,2290.0,2808.3,24225,22212,26.730625,90.7945,184.4379,4.0,104,Neutral
2020-11-01,c5sp,galle,1,2481.25,2501.355,1,3435.0,1685.0,22212,26655,26.305625000000003,308.663,184.7882,4.1,104,Neutral
2020-12-01,c5sp,galle,1,2465.0,2537.79,1,3435.0,1497.7,19364,35539,25.624375,301.8475,187.1822,4.2,104,Neutral
2021-01-01,c5sp,galle,1,2450.0,2536.75,0,0.0,1317.0,21474,12450,25.203125,261.9235,190.4918,3.0,104,Neutral
2021-02-01,c5sp,galle,1,2527.5,2571.1,0,0.0,1317.0,17664,17430,25.576875000000005,57.901,194.0665,3.3,104,Neutral
2021-03-01,c5sp,galle,1,2569.0,2606.7200000000003,0,0.0,1128.9,26688,19920,26.118125,146.487,196.9825,4.1,104,Neutral
2021-04-01,c5sp,galle,1,2616.0,2627.4,1,1185.0,752.6,22410,19920,27.244375,130.3815,197.423,3.9,104,Neutral
2021-05-01,c5sp,galle,1,2675.0,2629.6666666666665,1,2370.0,940.7,20856,19920,27.279375,258.98,199.5847,4.5,111,Neutral
2021-06-01,c5sp,galle,1,2775.0,2733.875,1,3555.0,940.7,14088,14940,26.799375000000005,132.15700000000004,199.8161,5.2,111,Neutral
2021-07-01,c5sp,galle,1,2806.25,2792.6125,1,3555.0,752.6,13152,14940,26.590625,138.03850000000003,199.9778,5.7,111,Neutral
2021-08-01,c5sp,galle,1,2788.333333333333,2814.816666666667,1,2370.0,2822.2,17196,14940,26.2875,132.23650000000004,200.4965,6.0,111,Neutral
2021-09-01,c5sp,galle,1,2788.333333333333,2814.816666666667,1,1185.0,2822.2,21708,19920,26.593750000000004,170.17950000000002,201.9858,5.7,111,Neutral
2021-10-01,c5sp,galle,1,2825.0,2854.4175,1,2370.0,2822.2,27156,24900,26.34625,341.85200000000003,201.0899,7.6,111,Neutral
2021-11-01,c5sp,galle,1,2770.0,2884.0800000000004,1,3555.0,1693.3,24900,29880,25.869375,470.629,201.8582,9.9,111,Neutral
2021-12-01,c5sp,galle,1,2775.0,2871.3,1,3555.0,1505.2,21708,39840,25.6075,141.56449999999998,201.399,12.1,121,Neutral
2022-01-01,c5sp,galle,1,2800.0,2933.2000000000003,0,0.0,1280.9,19275,11175,25.470625,122.19749999999996,201.4647,14.2,121,Neutral
2022-02-01,c5sp,galle,1,2950.0,2974.24,0,0.0,1280.9,15855,15645,25.4025,163.791,201.7362,15.1,176,Neutral
2022-03-01,c5sp,galle,1,3466.6666666666665,3430.2666666666664,0,0.0,1097.9,23955,17880,26.5825,89.29799999999999,255.8081,18.7,176,Neutral
2022-04-01,c5sp,galle,1,4116.666666666667,4027.216666666666,1,1188.0,731.9,20115,17880,27.1175,306.01150000000007,319.4404,29.8,289,Neutral
2022-05-01,c5sp,galle,1,4500.0,4336.85,1,2376.0,914.9,18720,17880,27.130625,193.646,358.939,39.1,289,Neutral
2022-06-01,c5sp,galle,1,4587.5,4520.7375,1,3564.0,914.9,12646,13410,26.5225,86.711,360.2428,54.6,430,Neutral
2022-07-01,c5sp,galle,1,4537.5,4599.9375,1,3564.0,731.9,11805,13410,26.33,122.364,360.8724,60.8,430,Neutral
2022-08-01,c5sp,galle,1,4290.0,4578.360000000001,1,2376.0,2744.7,15435,13410,25.99375,169.767,360.9983,64.3,430,Neutral
2022-09-01,c5sp,galle,1,4525.0,4358.1,1,1188.0,2744.7,19485,17880,26.27,74.46399999999998,362.3826,69.8,415,Neutral
2022-10-01,c5sp,galle,1,4400.0,4476.65,1,2376.0,2744.7,24375,22350,26.19625,295.946,363.1484,66.0,430,Neutral
2022-11-01,c5sp,galle,1,4330.0,4499.52,1,3564.0,1646.8,22350,26820,25.59125000000001,289.1615,363.394,61.0,420,Neutral
2022-12-01,c5sp,galle,1,4237.5,4475.75,1,3564.0,1463.9,19484,35760,25.180625,289.313,363.1652,57.2,420,Neutral
2023-01-01,c5sp,galle,1,4640.0,4722.6,0,0.0,1377.4,20560,11920,24.488750000000007,122.862,362.4228,51.7,405,Neutral
2023-02-01,c5sp,galle,1,4275.0,4581.45,0,0.0,1377.4,16912,16688,25.101875,158.296,361.9766,50.6,405,Neutral
2023-03-01,c5sp,galle,1,4212.5,4079.7,0,0.0,1180.6,25552,19072,26.566875,113.27299999999998,329.4709,50.3,325,Neutral
2023-04-01,c5sp,galle,1,4600.0,4165.233333333334,1,1120.5,787.1,21456,19072,27.605000000000004,161.4275,321.4244,35.3,310,Neutral
2023-05-01,c5sp,galle,1,3990.0,4267.84,1,2241.0,983.9,19969,19072,27.3725,198.883,310.1639,25.2,310,Neutral
2023-06-01,c5sp,galle,1,3987.5,4070.5,1,3361.5,983.9,13489,14304,27.287499999999994,101.3585,301.2612,12.0,308,Neutral
2023-07-01,c5sp,galle,1,3980.0,3957.32,1,3361.5,787.1,12592,14304,26.892499999999995,65.55649999999997,319.2903,6.3,306,Neutral
2023-08-01,c5sp,galle,1,3491.5,3572.7000000000003,1,2241.0,2951.6,16464,14304,27.4525,70.13050000000001,321.5764,4.0,341,Neutral
2023-09-01,c5sp,galle,1,3712.5,3760.75,1,1120.5,2951.6,20784,19072,26.727500000000003,328.41850000000005,322.7693,1.3,351,Neutral
2023-10-01,c5sp,galle,1,3530.0,3869.2,1,2241.0,2951.6,26000,23840,26.228125,585.5705,324.7303,1.5,356,Neutral
2023-11-01,c5sp,galle,1,3600.0,3829.75,1,3361.5,1770.9,23840,28608,26.368125,447.1740000000001,328.25,3.4,329,Neutral
2023-12-01,c5sp,galle,1,3800.0,3843.15,1,3361.5,1574.2,20785,38147,26.25625,472.0125,326.7423,4.0,358,Neutral
2024-01-01,c5sp,galle,1,4000.0,3752.64,0,0.0,1330.0,21388,12400,25.613125,283.5445,321.1706,6.4,363,Neutral
2024-02-01,c5sp,galle,1,4075.0,3698.45,0,0.0,1330.0,17593,17360,26.340000000000003,29.858500000000003,312.5801,5.9,363,Neutral
2024-03-01,c5sp,galle,1,3993.75,3825.375,0,0.0,1140.0,26581,19840,27.113125,41.225,305.665,0.9,363,Neutral
2024-04-01,c5sp,galle,1,3685.0,3791.38,1,1120.0,760.0,22320,19840,28.68625,101.2695,299.4232,1.5,333,Neutral
2024-05-01,c5sp,galle,1,3783.33,3801.725,1,2240.0,950.0,20772,19840,28.328125000000004,226.944,299.6923,0.9,317,Neutral
2024-06-01,c5sp,galle,1,3816.6666666666665,3780.3,1,3360.0,950.0,14032,14880,27.524374999999992,82.85149999999999,303.8121,1.7,317,Neutral
2024-07-01,c5sp,galle,1,3637.5,3572.3375,1,3360.0,760.0,13099,14880,27.48125,67.39349999999999,303.7559,2.4,317,Neutral
2024-08-01,c5sp,galle,1,3712.5,3625.65,1,2240.0,2850.0,17127,14880,27.2175,137.24199999999996,300.6683,0.5,307,Neutral
2024-09-01,c5sp,galle,1,4000.0,3768.05,1,1120.0,2850.0,21621,19840,27.541875,69.441,301.1505,-0.5,283,Neutral
2024-10-01,c5sp,galle,1,4043.75,3787.85,1,2240.0,2850.0,27047,24800,26.887500000000003,196.62100000000004,293.7851,-0.8,283,Neutral
2024-11-01,c5sp,galle,1,4137.5,3949.05,1,3360.0,1710.0,24800,29760,26.468125,381.7135,292.0092,-2.1,286,Neutral
2024-12-01,c5sp,galle,1,4160.0,3998.96,1,3360.0,1520.0,21620,39680,26.13437500000001,170.53300000000002,291.6805,-1.7,286,Neutral
2025-01-01,c5sp,galle,1,4143.75,4027.55,0,0.0,0.0,21820,27000,25.2225,274.39300000000003,296.1796,-4.0,286,Neutral
2025-02-01,c5sp,galle,1,4100.0,3989.05,0,0.0,0.0,25314,24000,25.713125,86.076,296.8034,-4.2,286,Neutral
2025-03-01,c5sp,galle,1,4187.5,4045.65,0,0.0,0.0,22329,19000,26.675625000000007,229.66600000000005,295.909,-2.6,286,Neutral
2025-04-01,c5sp,galle,1,4318.75,4094.4625,1,0.0,0.0,5582,18000,27.221875,272.281,298.5312,-2.0,274,Neutral
2025-05-01,c5sp,galle,1,4125.0,4083.15,1,0.0,0.0,5582,15000,27.324375,191.717,299.4142,-0.7,274,Neutral
2025-06-01,c5sp,galle,1,4162.5,4012.3,1,0.0,0.0,20560,15000,26.9,170.3,301.12,-0.6,305,Neutral
2025-07-01,c5sp,galle,1,4068.75,4008.36,1,0.0,0.0,35106,15000,27.0,148.3,301.12,-0.3,305,Neutral
2025-08-01,c5sp,galle,1,4237.5,4084.85,1,0.0,0.0,39860,15000,26.8,135.0,301.12,1.2,299,Neutral
2025-09-01,c5sp,galle,1,4252.5,4062.0,1,0.0,0.0,31328,20000,26.7,213.3,302.0368,2.4,299,Neutral
2025-10-01,c5sp,galle,1,4262.5,4062.0,1,0.0,0.0,27000,22000,26.43,238.0,7.03,2.4,286,Neutral
2025-11-01,c5sp,galle,1,4493.75,4493.75,1,0.0,0.0,27000,25000,25.9,445.0,7.03,2.4,286,Neutral
2025-12-01,c5sp,galle,1,4790.0,4790.0,1,0.0,0.0,27000,28000,25.45,178.9,7.03,2.4,286,Neutral
2026-01-01,c5sp,galle,1,5250.0,5250.0,0,0.0,1300.0,15000,14000,25.48,74.4,7.03,2.4,279,Neutral
2026-02-01,c5sp,galle,1,5500.0,5250.0,0,0.0,1300.0,16000,14800,25.41,108.7,7.03,2.4,277,Neutral
2020-01-01,h1,galle,1,1643.75,1597.6925,0,0.0,1310.5,19156,11106,25.560625,57.7385,181.4036,5.7,104,Neutral
2020-02-01,h1,galle,1,1797.5,1745.71,0,0.0,1310.5,15757,15549,25.815625,28.699000000000005,181.5628,6.2,104,Neutral
2020-03-01,h1,galle,1,2025.0,1869.5,0,0.0,1123.3,23807,17770,27.176875000000003,29.896,185.0567,5.4,104,Neutral
2020-04-01,h1,galle,1,1812.5,1721.875,1,1145.0,748.9,19991,17770,28.133125000000003,129.9175,193.0854,5.2,104,Neutral
2020-05-01,h1,galle,1,1863.75,1779.0125,1,2290.0,936.1,18605,17770,27.856250000000003,239.16,187.865,4.0,104,Neutral
2020-06-01,h1,galle,1,2089.0,1904.232,1,3435.0,936.1,12568,13327,27.2925,107.60849999999998,185.9545,3.9,104,Neutral
2020-07-01,h1,galle,1,2075.0,1972.375,1,3435.0,748.9,11732,13327,26.540625,118.602,185.8487,4.2,104,Neutral
2020-08-01,h1,galle,1,2101.25,1965.6,1,2290.0,2808.3,15340,13327,26.786875,85.95949999999999,184.8939,4.1,104,Neutral
2020-09-01,h1,galle,1,2097.5,1999.5425,1,1145.0,2808.3,19365,17770,26.410625,198.4555,185.0317,4.0,104,Neutral
2020-10-01,h1,galle,1,2140.0,1983.0425,1,2290.0,2808.3,24225,22212,26.730625,90.7945,184.4379,4.0,104,Neutral
2020-11-01,h1,galle,1,2123.5,2024.8125,1,3435.0,1685.0,22212,26655,26.305625000000003,308.663,184.7882,4.1,104,Neutral
2020-12-01,h1,galle,1,2057.0,2023.666,1,3435.0,1497.7,19364,35539,25.624375,301.8475,187.1822,4.2,104,Neutral
2021-01-01,h1,galle,1,2085.0,1978.825,0,0.0,1317.0,21474,12450,25.203125,261.9235,190.4918,3.0,104,Neutral
2021-02-01,h1,galle,1,2105.0,2031.4175,0,0.0,1317.0,17664,17430,25.576875000000005,57.901,194.0665,3.3,104,Neutral
2021-03-01,h1,galle,1,2131.0,2059.84,0,0.0,1128.9,26688,19920,26.118125,146.487,196.9825,4.1,104,Neutral
2021-04-01,h1,galle,1,2168.33,2094.476666666667,1,1185.0,752.6,22410,19920,27.244375,130.3815,197.423,3.9,104,Neutral
2021-05-01,h1,galle,1,2185.0,2083.266666666667,1,2370.0,940.7,20856,19920,27.279375,258.98,199.5847,4.5,111,Neutral
2021-06-01,h1,galle,1,2257.5,2148.7,1,3555.0,940.7,14088,14940,26.799375000000005,132.15700000000004,199.8161,5.2,111,Neutral
2021-07-01,h1,galle,1,2340.0,2257.5,1,3555.0,752.6,13152,14940,26.590625,138.03850000000003,199.9778,5.7,111,Neutral
2021-08-01,h1,galle,1,2305.0,2182.1566666666663,1,2370.0,2822.2,17196,14940,26.2875,132.23650000000004,200.4965,6.0,111,Neutral
2021-09-01,h1,galle,1,2305.0,2182.1566666666663,1,1185.0,2822.2,21708,19920,26.593750000000004,170.17950000000002,201.9858,5.7,111,Neutral
2021-10-01,h1,galle,1,2275.0,2130.325,1,2370.0,2822.2,27156,24900,26.34625,341.85200000000003,201.0899,7.6,111,Neutral
2021-11-01,h1,galle,1,2275.0,2158.732,1,3555.0,1693.3,24900,29880,25.869375,470.629,201.8582,9.9,111,Neutral
2021-12-01,h1,galle,1,2275.0,2154.3325,1,3555.0,1505.2,21708,39840,25.6075,141.56449999999998,201.399,12.1,121,Neutral
2022-01-01,h1,galle,1,2325.0,2151.1675,0,0.0,1280.9,19275,11175,25.470625,122.19749999999996,201.4647,14.2,121,Neutral
2022-02-01,h1,galle,1,2351.0,2205.7940000000003,0,0.0,1280.9,15855,15645,25.4025,163.791,201.7362,15.1,176,Neutral
2022-03-01,h1,galle,1,2900.0,2599.5533333333333,0,0.0,1097.9,23955,17880,26.5825,89.29799999999999,255.8081,18.7,176,Neutral
2022-04-01,h1,galle,1,3441.6666666666665,3103.1,1,1188.0,731.9,20115,17880,27.1175,306.01150000000007,319.4404,29.8,289,Neutral
2022-05-01,h1,galle,1,3625.0,3276.5725,1,2376.0,914.9,18720,17880,27.130625,193.646,358.939,39.1,289,Neutral
2022-06-01,h1,galle,1,3937.5,3508.5,1,3564.0,914.9,12646,13410,26.5225,86.711,360.2428,54.6,430,Neutral
2022-07-01,h1,galle,1,3620.0,3403.1425,1,3564.0,731.9,11805,13410,26.33,122.364,360.8724,60.8,430,Neutral
2022-08-01,h1,galle,1,3542.0,3340.7160000000003,1,2376.0,2744.7,15435,13410,25.99375,169.767,360.9983,64.3,430,Neutral
2022-09-01,h1,galle,1,3231.25,3091.465,1,1188.0,2744.7,19485,17880,26.27,74.46399999999998,362.3826,69.8,415,Neutral
2022-10-01,h1,galle,1,3218.75,3025.8575,1,2376.0,2744.7,24375,22350,26.19625,295.946,363.1484,66.0,430,Neutral
2022-11-01,h1,galle,1,3115.0,3025.3740000000007,1,3564.0,1646.8,22350,26820,25.59125000000001,289.1615,363.394,61.0,420,Neutral
2022-12-01,h1,galle,1,2918.75,2936.3925,1,3564.0,1463.9,19484,35760,25.180625,289.313,363.1652,57.2,420,Neutral
2023-01-01,h1,galle,1,3025.0,2957.03,0,0.0,1377.4,20560,11920,24.488750000000007,122.862,362.4228,51.7,405,Neutral
2023-02-01,h1,galle,1,3087.5,2997.3125,0,0.0,1377.4,16912,16688,25.101875,158.296,361.9766,50.6,405,Neutral
2023-03-01,h1,galle,1,2562.5,2602.13,0,0.0,1180.6,25552,19072,26.566875,113.27299999999998,329.4709,50.3,325,Neutral
2023-04-01,h1,galle,1,3000.0,2723.13,1,1120.5,787.1,21456,19072,27.605000000000004,161.4275,321.4244,35.3,310,Neutral
2023-05-01,h1,galle,1,2905.0,2756.0080000000003,1,2241.0,983.9,19969,19072,27.3725,198.883,310.1639,25.2,310,Neutral
2023-06-01,h1,galle,1,2718.75,2600.0975,1,3361.5,983.9,13489,14304,27.287499999999994,101.3585,301.2612,12.0,308,Neutral
2023-07-01,h1,galle,1,2825.0,2662.028,1,3361.5,787.1,12592,14304,26.892499999999995,65.55649999999997,319.2903,6.3,306,Neutral
2023-08-01,h1,galle,1,2735.0,2532.955,1,2241.0,2951.6,16464,14304,27.4525,70.13050000000001,321.5764,4.0,341,Neutral
2023-09-01,h1,galle,1,2667.5,2589.285,1,1120.5,2951.6,20784,19072,26.727500000000003,328.41850000000005,322.7693,1.3,351,Neutral
2023-10-01,h1,galle,1,2600.0,2562.152,1,2241.0,2951.6,26000,23840,26.228125,585.5705,324.7303,1.5,356,Neutral
2023-11-01,h1,galle,1,2575.0,2536.2425000000003,1,3361.5,1770.9,23840,28608,26.368125,447.1740000000001,328.25,3.4,329,Neutral
2023-12-01,h1,galle,1,2743.75,2645.41,1,3361.5,1574.2,20785,38147,26.25625,472.0125,326.7423,4.0,358,Neutral
2024-01-01,h1,galle,1,2750.0,2626.252,0,0.0,1330.0,21388,12400,25.613125,283.5445,321.1706,6.4,363,Neutral
2024-02-01,h1,galle,1,2775.0,2651.7225,0,0.0,1330.0,17593,17360,26.340000000000003,29.858500000000003,312.5801,5.9,363,Neutral
2024-03-01,h1,galle,1,2750.0,2651.1575000000003,0,0.0,1140.0,26581,19840,27.113125,41.225,305.665,0.9,363,Neutral
2024-04-01,h1,galle,1,2785.0,2658.362,1,1120.0,760.0,22320,19840,28.68625,101.2695,299.4232,1.5,333,Neutral
2024-05-01,h1,galle,1,2833.33,2677.4525,1,2240.0,950.0,20772,19840,28.328125000000004,226.944,299.6923,0.9,317,Neutral
2024-06-01,h1,galle,1,2875.0,2683.615,1,3360.0,950.0,14032,14880,27.524374999999992,82.85149999999999,303.8121,1.7,317,Neutral
2024-07-01,h1,galle,1,2900.0,2740.435,1,3360.0,760.0,13099,14880,27.48125,67.39349999999999,303.7559,2.4,317,Neutral
2024-08-01,h1,galle,1,3056.25,2823.4325,1,2240.0,2850.0,17127,14880,27.2175,137.24199999999996,300.6683,0.5,307,Neutral
2024-09-01,h1,galle,1,3268.75,2970.9525000000003,1,1120.0,2850.0,21621,19840,27.541875,69.441,301.1505,-0.5,283,Neutral
2024-10-01,h1,galle,1,3440.75,3109.7225,1,2240.0,2850.0,27047,24800,26.887500000000003,196.62100000000004,293.7851,-0.8,283,Neutral
2024-11-01,h1,galle,1,3531.25,3190.4400000000005,1,3360.0,1710.0,24800,29760,26.468125,381.7135,292.0092,-2.1,286,Neutral
2024-12-01,h1,galle,1,3595.0,3331.178,1,3360.0,1520.0,21620,39680,26.13437500000001,170.53300000000002,291.6805,-1.7,286,Neutral
2025-01-01,h1,galle,1,3587.5,3300.3125,0,0.0,0.0,21820,27000,25.2225,274.39300000000003,296.1796,-4.0,286,Neutral
2025-02-01,h1,galle,1,3600.0,3375.605,0,0.0,0.0,25314,24000,25.713125,86.076,296.8034,-4.2,286,Neutral
2025-03-01,h1,galle,1,3575.0,3369.7225,0,0.0,0.0,22329,19000,26.675625000000007,229.66600000000005,295.909,-2.6,286,Neutral
2025-04-01,h1,galle,1,3625.0,3406.9875,1,0.0,0.0,5582,18000,27.221875,272.281,298.5312,-2.0,274,Neutral
2025-05-01,h1,galle,1,3550.0,3272.5975,1,0.0,0.0,5582,15000,27.324375,191.717,299.4142,-0.7,274,Neutral
2025-06-01,h1,galle,1,3425.0,3174.0975,1,0.0,0.0,20560,15000,26.9,170.3,301.12,-0.6,305,Neutral
2025-07-01,h1,galle,1,3325.0,3188.202,1,0.0,0.0,35106,15000,27.0,148.3,301.12,-0.3,305,Neutral
2025-08-01,h1,galle,1,3318.75,3226.9425,1,0.0,0.0,39860,15000,26.8,135.0,301.12,1.2,299,Neutral
2025-09-01,h1,galle,1,3312.5,3236.07,1,0.0,0.0,31328,20000,26.7,213.3,302.0368,2.4,299,Neutral
2025-10-01,h1,galle,1,3343.75,3236.07,1,0.0,0.0,27000,22000,26.43,238.0,7.03,2.4,286,Neutral
2025-11-01,h1,galle,1,3456.25,3456.25,1,0.0,0.0,27000,25000,25.9,445.0,7.03,2.4,286,Neutral
2025-12-01,h1,galle,1,3680.0,3680.0,1,0.0,0.0,27000,28000,25.45,178.9,7.03,2.4,286,Neutral
2026-01-01,h1,galle,1,3768.75,3768.75,0,0.0,1300.0,15000,14000,25.48,74.4,7.03,2.4,279,Neutral
2026-02-01,h1,galle,1,3800.0,3768.75,0,0.0,1300.0,16000,14800,25.41,108.7,7.03,2.4,277,Neutral
2020-01-01,h2,galle,1,1587.5,1496.4,0,0.0,1310.5,19156,11106,25.560625,57.7385,181.4036,5.7,104,Neutral
2020-02-01,h2,galle,1,1706.25,1625.3325,0,0.0,1310.5,15757,15549,25.815625,28.699000000000005,181.5628,6.2,104,Neutral
2020-03-01,h2,galle,1,2000.0,1732.915,0,0.0,1123.3,23807,17770,27.176875000000003,29.896,185.0567,5.4,104,Neutral
2020-04-01,h2,galle,1,1715.0,1587.125,1,1145.0,748.9,19991,17770,28.133125000000003,129.9175,193.0854,5.2,104,Neutral
2020-05-01,h2,galle,1,1762.5,1645.95,1,2290.0,936.1,18605,17770,27.856250000000003,239.16,187.865,4.0,104,Neutral
2020-06-01,h2,galle,1,2009.0,1792.898,1,3435.0,936.1,12568,13327,27.2925,107.60849999999998,185.9545,3.9,104,Neutral
2020-07-01,h2,galle,1,1976.25,1819.5,1,3435.0,748.9,11732,13327,26.540625,118.602,185.8487,4.2,104,Neutral
2020-08-01,h2,galle,1,2048.75,1850.308,1,2290.0,2808.3,15340,13327,26.786875,85.95949999999999,184.8939,4.1,104,Neutral
2020-09-01,h2,galle,1,2020.0,1892.2075,1,1145.0,2808.3,19365,17770,26.410625,198.4555,185.0317,4.0,104,Neutral
2020-10-01,h2,galle,1,2042.5,1879.96,1,2290.0,2808.3,24225,22212,26.730625,90.7945,184.4379,4.0,104,Neutral
2020-11-01,h2,galle,1,2063.75,1907.3125,1,3435.0,1685.0,22212,26655,26.305625000000003,308.663,184.7882,4.1,104,Neutral
2020-12-01,h2,galle,1,1998.4,1925.002,1,3435.0,1497.7,19364,35539,25.624375,301.8475,187.1822,4.2,104,Neutral
2021-01-01,h2,galle,1,2000.0,1909.79,0,0.0,1317.0,21474,12450,25.203125,261.9235,190.4918,3.0,104,Neutral
2021-02-01,h2,galle,1,2031.25,1925.5825,0,0.0,1317.0,17664,17430,25.576875000000005,57.901,194.0665,3.3,104,Neutral
2021-03-01,h2,galle,1,2078.0,1961.754,0,0.0,1128.9,26688,19920,26.118125,146.487,196.9825,4.1,104,Neutral
2021-04-01,h2,galle,1,2100.0,2003.4533333333327,1,1185.0,752.6,22410,19920,27.244375,130.3815,197.423,3.9,104,Neutral
2021-05-01,h2,galle,1,2122.333333333333,1961.6666666666667,1,2370.0,940.7,20856,19920,27.279375,258.98,199.5847,4.5,111,Neutral
2021-06-01,h2,galle,1,2167.5,2003.6,1,3555.0,940.7,14088,14940,26.799375000000005,132.15700000000004,199.8161,5.2,111,Neutral
2021-07-01,h2,galle,1,2251.25,2046.75,1,3555.0,752.6,13152,14940,26.590625,138.03850000000003,199.9778,5.7,111,Neutral
2021-08-01,h2,galle,1,2250.0,2063.8,1,2370.0,2822.2,17196,14940,26.2875,132.23650000000004,200.4965,6.0,111,Neutral
2021-09-01,h2,galle,1,2250.0,2063.8,1,1185.0,2822.2,21708,19920,26.593750000000004,170.17950000000002,201.9858,5.7,111,Neutral
2021-10-01,h2,galle,1,2218.67,2042.775,1,2370.0,2822.2,27156,24900,26.34625,341.85200000000003,201.0899,7.6,111,Neutral
2021-11-01,h2,galle,1,2225.0,2082.668,1,3555.0,1693.3,24900,29880,25.869375,470.629,201.8582,9.9,111,Neutral
2021-12-01,h2,galle,1,2225.0,2040.915,1,3555.0,1505.2,21708,39840,25.6075,141.56449999999998,201.399,12.1,121,Neutral
2022-01-01,h2,galle,1,2250.0,2070.46,0,0.0,1280.9,19275,11175,25.470625,122.19749999999996,201.4647,14.2,121,Neutral
2022-02-01,h2,galle,1,2279.0,2077.492,0,0.0,1280.9,15855,15645,25.4025,163.791,201.7362,15.1,176,Neutral
2022-03-01,h2,galle,1,2783.333333333333,2430.443333333333,0,0.0,1097.9,23955,17880,26.5825,89.29799999999999,255.8081,18.7,176,Neutral
2022-04-01,h2,galle,1,3325.0,2909.403333333333,1,1188.0,731.9,20115,17880,27.1175,306.01150000000007,319.4404,29.8,289,Neutral
2022-05-01,h2,galle,1,3500.0,3017.4974999999995,1,2376.0,914.9,18720,17880,27.130625,193.646,358.939,39.1,289,Neutral
2022-06-01,h2,galle,1,3768.75,3183.2075,1,3564.0,914.9,12646,13410,26.5225,86.711,360.2428,54.6,430,Neutral
2022-07-01,h2,galle,1,3532.5,3212.8925,1,3564.0,731.9,11805,13410,26.33,122.364,360.8724,60.8,430,Neutral
2022-08-01,h2,galle,1,3440.0,3161.8,1,2376.0,2744.7,15435,13410,25.99375,169.767,360.9983,64.3,430,Neutral
2022-09-01,h2,galle,1,3137.5,2908.4300000000003,1,1188.0,2744.7,19485,17880,26.27,74.46399999999998,362.3826,69.8,415,Neutral
2022-10-01,h2,galle,1,3037.5,2853.535,1,2376.0,2744.7,24375,22350,26.19625,295.946,363.1484,66.0,430,Neutral
2022-11-01,h2,galle,1,3035.0,2849.202,1,3564.0,1646.8,22350,26820,25.59125000000001,289.1615,363.394,61.0,420,Neutral
2022-12-01,h2,galle,1,2812.5,2702.715,1,3564.0,1463.9,19484,35760,25.180625,289.313,363.1652,57.2,420,Neutral
2023-01-01,h2,galle,1,2870.0,2739.772,0,0.0,1377.4,20560,11920,24.488750000000007,122.862,362.4228,51.7,405,Neutral
2023-02-01,h2,galle,1,2962.5,2804.7825000000003,0,0.0,1377.4,16912,16688,25.101875,158.296,361.9766,50.6,405,Neutral
2023-03-01,h2,galle,1,2375.0,2357.8425,0,0.0,1180.6,25552,19072,26.566875,113.27299999999998,329.4709,50.3,325,Neutral
2023-04-01,h2,galle,1,2750.0,2480.346666666667,1,1120.5,787.1,21456,19072,27.605000000000004,161.4275,321.4244,35.3,310,Neutral
2023-05-01,h2,galle,1,2790.0,2522.822,1,2241.0,983.9,19969,19072,27.3725,198.883,310.1639,25.2,310,Neutral
2023-06-01,h2,galle,1,2625.0,2331.5950000000003,1,3361.5,983.9,13489,14304,27.287499999999994,101.3585,301.2612,12.0,308,Neutral
2023-07-01,h2,galle,1,2725.0,2406.9260000000004,1,3361.5,787.1,12592,14304,26.892499999999995,65.55649999999997,319.2903,6.3,306,Neutral
2023-08-01,h2,galle,1,2571.25,2355.8775,1,2241.0,2951.6,16464,14304,27.4525,70.13050000000001,321.5764,4.0,341,Neutral
2023-09-01,h2,galle,1,2450.0,2352.16,1,1120.5,2951.6,20784,19072,26.727500000000003,328.41850000000005,322.7693,1.3,351,Neutral
2023-10-01,h2,galle,1,2500.0,2402.494,1,2241.0,2951.6,26000,23840,26.228125,585.5705,324.7303,1.5,356,Neutral
2023-11-01,h2,galle,1,2500.0,2378.185,1,3361.5,1770.9,23840,28608,26.368125,447.1740000000001,328.25,3.4,329,Neutral
2023-12-01,h2,galle,1,2656.25,2460.44,1,3361.5,1574.2,20785,38147,26.25625,472.0125,326.7423,4.0,358,Neutral
2024-01-01,h2,galle,1,2650.0,2477.586,0,0.0,1330.0,21388,12400,25.613125,283.5445,321.1706,6.4,363,Neutral
2024-02-01,h2,galle,1,2650.0,2491.3475,0,0.0,1330.0,17593,17360,26.340000000000003,29.858500000000003,312.5801,5.9,363,Neutral
2024-03-01,h2,galle,1,2650.0,2479.2525,0,0.0,1140.0,26581,19840,27.113125,41.225,305.665,0.9,363,Neutral
2024-04-01,h2,galle,1,2675.0,2506.9880000000003,1,1120.0,760.0,22320,19840,28.68625,101.2695,299.4232,1.5,333,Neutral
2024-05-01,h2,galle,1,2700.0,2506.1125,1,2240.0,950.0,20772,19840,28.328125000000004,226.944,299.6923,0.9,317,Neutral
2024-06-01,h2,galle,1,2675.0,2521.0625,1,3360.0,950.0,14032,14880,27.524374999999992,82.85149999999999,303.8121,1.7,317,Neutral
2024-07-01,h2,galle,1,2800.0,2600.905,1,3360.0,760.0,13099,14880,27.48125,67.39349999999999,303.7559,2.4,317,Neutral
2024-08-01,h2,galle,1,2931.25,2680.69,1,2240.0,2850.0,17127,14880,27.2175,137.24199999999996,300.6683,0.5,307,Neutral
2024-09-01,h2,galle,1,3162.5,2819.1275,1,1120.0,2850.0,21621,19840,27.541875,69.441,301.1505,-0.5,283,Neutral
2024-10-01,h2,galle,1,3287.5,2941.5975,1,2240.0,2850.0,27047,24800,26.887500000000003,196.62100000000004,293.7851,-0.8,283,Neutral
2024-11-01,h2,galle,1,3368.75,3049.9075000000003,1,3360.0,1710.0,24800,29760,26.468125,381.7135,292.0092,-2.1,286,Neutral
2024-12-01,h2,galle,1,3445.0,3181.1200000000003,1,3360.0,1520.0,21620,39680,26.13437500000001,170.53300000000002,291.6805,-1.7,286,Neutral
2025-01-01,h2,galle,1,3443.75,3156.065,0,0.0,0.0,21820,27000,25.2225,274.39300000000003,296.1796,-4.0,286,Neutral
2025-02-01,h2,galle,1,3437.5,3215.835,0,0.0,0.0,25314,24000,25.713125,86.076,296.8034,-4.2,286,Neutral
2025-03-01,h2,galle,1,3437.5,3237.2825000000003,0,0.0,0.0,22329,19000,26.675625000000007,229.66600000000005,295.909,-2.6,286,Neutral
2025-04-01,h2,galle,1,3481.25,3246.5125,1,0.0,0.0,5582,18000,27.221875,272.281,298.5312,-2.0,274,Neutral
2025-05-01,h2,galle,1,3400.0,3130.2525000000005,1,0.0,0.0,5582,15000,27.324375,191.717,299.4142,-0.7,274,Neutral
2025-06-01,h2,galle,1,3268.75,3034.41,1,0.0,0.0,20560,15000,26.9,170.3,301.12,-0.6,305,Neutral
2025-07-01,h2,galle,1,3187.5,3063.852,1,0.0,0.0,35106,15000,27.0,148.3,301.12,-0.3,305,Neutral
2025-08-01,h2,galle,1,3150.0,3087.2925,1,0.0,0.0,39860,15000,26.8,135.0,301.12,1.2,299,Neutral
2025-09-01,h2,galle,1,3175.0,3118.285,1,0.0,0.0,31328,20000,26.7,213.3,302.0368,2.4,299,Neutral
2025-10-01,h2,galle,1,3237.5,3118.285,1,0.0,0.0,27000,22000,26.43,238.0,7.03,2.4,286,Neutral
2025-11-01,h2,galle,1,3368.75,3368.75,1,0.0,0.0,27000,25000,25.9,445.0,7.03,2.4,286,Neutral
2025-12-01,h2,galle,1,3550.0,3550.0,1,0.0,0.0,27000,28000,25.45,178.9,7.03,2.4,286,Neutral
2026-01-01,h2,galle,1,3650.0,3650.0,0,0.0,1300.0,15000,14000,25.48,74.4,7.03,2.4,279,Neutral
2026-02-01,h2,galle,1,3700.0,3650.0,0,0.0,1300.0,16000,14800,25.41,108.7,7.03,2.4,277,Neutral
2025-10-01,h_faq,galle,1,3000.0,3000.0,1,0.0,0.0,27000,22000,26.43,238.0,7.03,2.4,286,Neutral
2025-11-01,h_faq,galle,1,3000.0,3000.0,1,0.0,0.0,27000,25000,25.9,445.0,7.03,2.4,286,Neutral
2025-12-01,h_faq,galle,1,3000.0,3000.0,1,0.0,0.0,27000,28000,25.45,178.9,7.03,2.4,286,Neutral
2026-01-01,h_faq,galle,1,3000.0,3000.0,0,0.0,1300.0,15000,14000,25.48,74.4,7.03,2.4,279,Neutral
2026-02-01,h_faq,galle,1,3000.0,3000.0,0,0.0,1300.0,16000,14800,25.41,108.7,7.03,2.4,277,Neutral
2025-10-01,alba,hambantota,1,3000.0,3000.0,1,0.0,0.0,27000,22000,27.7,156.3,7.03,2.4,286,Neutral
2025-11-01,alba,hambantota,1,3000.0,3000.0,1,0.0,0.0,27000,25000,26.45,393.1,7.03,2.4,286,Neutral
2025-12-01,alba,hambantota,1,3000.0,3000.0,1,0.0,0.0,27000,28000,26.18,148.5,7.03,2.4,286,Neutral
2026-01-01,alba,hambantota,1,3000.0,3000.0,0,0.0,1300.0,15000,14000,26.35,49.9,7.03,2.4,279,Neutral
2026-02-01,alba,hambantota,1,3000.0,3000.0,0,0.0,1300.0,16000,14800,26.74,22.5,7.03,2.4,277,Neutral
2020-01-01,c4,hambantota,1,1971.25,1900.475,0,0.0,1310.5,19156,11106,25.560625,57.7385,181.4036,5.7,104,Neutral
2020-02-01,c4,hambantota,1,2193.75,2030.3925,0,0.0,1310.5,15757,15549,25.815625,28.699000000000005,181.5628,6.2,104,Neutral
2020-03-01,c4,hambantota,1,2525.0,2145.285,0,0.0,1123.3,23807,17770,27.176875000000003,29.896,185.0567,5.4,104,Neutral
2020-04-01,c4,hambantota,1,2000.0,1979.75,1,1145.0,748.9,19991,17770,28.133125000000003,129.9175,193.0854,5.2,104,Neutral
2020-05-01,c4,hambantota,1,2125.0,2071.125,1,2290.0,936.1,18605,17770,27.856250000000003,239.16,187.865,4.0,104,Neutral
2020-06-01,c4,hambantota,1,2204.0,2072.884,1,3435.0,936.1,12568,13327,27.2925,107.60849999999998,185.9545,3.9,104,Neutral
2020-07-01,c4,hambantota,1,2225.0,2091.0,1,3435.0,748.9,11732,13327,26.540625,118.602,185.8487,4.2,104,Neutral
2020-08-01,c4,hambantota,1,2200.0,2063.946,1,2290.0,2808.3,15340,13327,26.786875,85.95949999999999,184.8939,4.1,104,Neutral
2020-09-01,c4,hambantota,1,2203.75,2090.93,1,1145.0,2808.3,19365,17770,26.410625,198.4555,185.0317,4.0,104,Neutral
2020-10-01,c4,hambantota,1,2225.0,2183.96,1,2290.0,2808.3,24225,22212,26.730625,90.7945,184.4379,4.0,104,Neutral
2020-11-01,c4,hambantota,1,2235.0,2217.575,1,3435.0,1685.0,22212,26655,26.305625000000003,308.663,184.7882,4.1,104,Neutral
2020-12-01,c4,hambantota,1,2250.0,2199.652,1,3435.0,1497.7,19364,35539,25.624375,301.8475,187.1822,4.2,104,Neutral
2021-01-01,c4,hambantota,1,2295.0,2185.465,0,0.0,1317.0,21474,12450,25.203125,261.9235,190.4918,3.0,104,Neutral
2021-02-01,c4,hambantota,1,2340.0,2202.8575,0,0.0,1317.0,17664,17430,25.576875000000005,57.901,194.0665,3.3,104,Neutral
2021-03-01,c4,hambantota,1,2410.0,2243.548,0,0.0,1128.9,26688,19920,26.118125,146.487,196.9825,4.1,104,Neutral
2021-04-01,c4,hambantota,1,2425.0,2284.9866666666667,1,1185.0,752.6,22410,19920,27.244375,130.3815,197.423,3.9,104,Neutral
2021-05-01,c4,hambantota,1,2450.0,2296.056666666667,1,2370.0,940.7,20856,19920,27.279375,258.98,199.5847,4.5,111,Neutral
2021-06-01,c4,hambantota,1,2575.0,2388.08,1,3555.0,940.7,14088,14940,26.799375000000005,132.15700000000004,199.8161,5.2,111,Neutral
2021-07-01,c4,hambantota,1,2586.25,2440.3025,1,3555.0,752.6,13152,14940,26.590625,138.03850000000003,199.9778,5.7,111,Neutral
2021-08-01,c4,hambantota,1,2650.0,2476.19,1,2370.0,2822.2,17196,14940,26.2875,132.23650000000004,200.4965,6.0,111,Neutral
2021-09-01,c4,hambantota,1,2650.0,2476.19,1,1185.0,2822.2,21708,19920,26.593750000000004,170.17950000000002,201.9858,5.7,111,Neutral
2021-10-01,c4,hambantota,1,2600.0,2406.3175,1,2370.0,2822.2,27156,24900,26.34625,341.85200000000003,201.0899,7.6,111,Neutral
2021-11-01,c4,hambantota,1,2630.0,2483.172,1,3555.0,1693.3,24900,29880,25.869375,470.629,201.8582,9.9,111,Neutral
2021-12-01,c4,hambantota,1,2625.0,2455.965,1,3555.0,1505.2,21708,39840,25.6075,141.56449999999998,201.399,12.1,121,Neutral
2022-01-01,c4,hambantota,1,2650.0,2475.4974999999995,0,0.0,1280.9,19275,11175,25.470625,122.19749999999996,201.4647,14.2,121,Neutral
2022-02-01,c4,hambantota,1,2650.0,2517.0,0,0.0,1280.9,15855,15645,25.4025,163.791,201.7362,15.1,176,Neutral
2022-03-01,c4,hambantota,1,3266.6666666666665,2941.236666666666,0,0.0,1097.9,23955,17880,26.5825,89.29799999999999,255.8081,18.7,176,Neutral
2022-04-01,c4,hambantota,1,3816.6666666666665,3453.486666666666,1,1188.0,731.9,20115,17880,27.1175,306.01150000000007,319.4404,29.8,289,Neutral
2022-05-01,c4,hambantota,1,4112.5,3729.43,1,2376.0,914.9,18720,17880,27.130625,193.646,358.939,39.1,289,Neutral
2022-06-01,c4,hambantota,1,4162.5,3808.0625,1,3564.0,914.9,12646,13410,26.5225,86.711,360.2428,54.6,430,Neutral
2022-07-01,c4,hambantota,1,3800.0,3673.6725,1,3564.0,731.9,11805,13410,26.33,122.364,360.8724,60.8,430,Neutral
2022-08-01,c4,hambantota,1,3730.0,3627.944,1,2376.0,2744.7,15435,13410,25.99375,169.767,360.9983,64.3,430,Neutral
2022-09-01,c4,hambantota,1,3606.25,3417.9275,1,1188.0,2744.7,19485,17880,26.27,74.46399999999998,362.3826,69.8,415,Neutral
2022-10-01,c4,hambantota,1,3625.0,3409.6800000000003,1,2376.0,2744.7,24375,22350,26.19625,295.946,363.1484,66.0,430,Neutral
2022-11-01,c4,hambantota,1,3640.0,3487.3720000000003,1,3564.0,1646.8,22350,26820,25.59125000000001,289.1615,363.394,61.0,420,Neutral
2022-12-01,c4,hambantota,1,3400.0,3392.39,1,3564.0,1463.9,19484,35760,25.180625,289.313,363.1652,57.2,420,Neutral
2023-01-01,c4,hambantota,1,3625.0,3440.256,0,0.0,1377.4,20560,11920,24.488750000000007,122.862,362.4228,51.7,405,Neutral
2023-02-01,c4,hambantota,1,3562.5,3484.9225,0,0.0,1377.4,16912,16688,25.101875,158.296,361.9766,50.6,405,Neutral
2023-03-01,c4,hambantota,1,2950.0,3031.7525,0,0.0,1180.6,25552,19072,26.566875,113.27299999999998,329.4709,50.3,325,Neutral
2023-04-01,c4,hambantota,1,3366.6666666666665,3147.7700000000004,1,1120.5,787.1,21456,19072,27.605000000000004,161.4275,321.4244,35.3,310,Neutral
2023-05-01,c4,hambantota,1,3215.0,3214.894,1,2241.0,983.9,19969,19072,27.3725,198.883,310.1639,25.2,310,Neutral
2023-06-01,c4,hambantota,1,3150.0,2997.3900000000003,1,3361.5,983.9,13489,14304,27.287499999999994,101.3585,301.2612,12.0,308,Neutral
2023-07-01,c4,hambantota,1,3100.0,3046.8320000000003,1,3361.5,787.1,12592,14304,26.892499999999995,65.55649999999997,319.2903,6.3,306,Neutral
2023-08-01,c4,hambantota,1,2831.25,2885.0875000000005,1,2241.0,2951.6,16464,14304,27.4525,70.13050000000001,321.5764,4.0,341,Neutral
2023-09-01,c4,hambantota,1,2975.0,2948.8775000000005,1,1120.5,2951.6,20784,19072,26.727500000000003,328.41850000000005,322.7693,1.3,351,Neutral
2023-10-01,c4,hambantota,1,2860.0,2945.3520000000003,1,2241.0,2951.6,26000,23840,26.228125,585.5705,324.7303,1.5,356,Neutral
2023-11-01,c4,hambantota,1,2800.0,2878.5325000000003,1,3361.5,1770.9,23840,28608,26.368125,447.1740000000001,328.25,3.4,329,Neutral
2023-12-01,c4,hambantota,1,2925.0,2920.0225,1,3361.5,1574.2,20785,38147,26.25625,472.0125,326.7423,4.0,358,Neutral
2024-01-01,c4,hambantota,1,3065.0,2994.002,0,0.0,1330.0,21388,12400,25.613125,283.5445,321.1706,6.4,363,Neutral
2024-02-01,c4,hambantota,1,3037.5,3001.66,0,0.0,1330.0,17593,17360,26.340000000000003,29.858500000000003,312.5801,5.9,363,Neutral
2024-03-01,c4,hambantota,1,3062.5,3068.19,0,0.0,1140.0,26581,19840,27.113125,41.225,305.665,0.9,363,Neutral
2024-04-01,c4,hambantota,1,3175.0,3110.7760000000003,1,1120.0,760.0,22320,19840,28.68625,101.2695,299.4232,1.5,333,Neutral
2024-05-01,c4,hambantota,1,3202.0,3173.33,1,2240.0,950.0,20772,19840,28.328125000000004,226.944,299.6923,0.9,317,Neutral
2024-06-01,c4,hambantota,1,3206.25,3163.8725000000004,1,3360.0,950.0,14032,14880,27.524374999999992,82.85149999999999,303.8121,1.7,317,Neutral
2024-07-01,c4,hambantota,1,3200.0,3180.7225,1,3360.0,760.0,13099,14880,27.48125,67.39349999999999,303.7559,2.4,317,Neutral
2024-08-01,c4,hambantota,1,3356.25,3238.74,1,2240.0,2850.0,17127,14880,27.2175,137.24199999999996,300.6683,0.5,307,Neutral
2024-09-01,c4,hambantota,1,3437.5,3380.0325000000003,1,1120.0,2850.0,21621,19840,27.541875,69.441,301.1505,-0.5,283,Neutral
2024-10-01,c4,hambantota,1,3575.0,3462.6575000000003,1,2240.0,2850.0,27047,24800,26.887500000000003,196.62100000000004,293.7851,-0.8,283,Neutral
2024-11-01,c4,hambantota,1,3637.5,3554.8475,1,3360.0,1710.0,24800,29760,26.468125,381.7135,292.0092,-2.1,286,Neutral
2024-12-01,c4,hambantota,1,3802.0,3636.0520000000006,1,3360.0,1520.0,21620,39680,26.13437500000001,170.53300000000002,291.6805,-1.7,286,Neutral
2025-01-01,c4,hambantota,1,3787.5,3656.1075,0,0.0,0.0,21820,27000,25.2225,274.39300000000003,296.1796,-4.0,286,Neutral
2025-02-01,c4,hambantota,1,3825.0,3666.0375,0,0.0,0.0,25314,24000,25.713125,86.076,296.8034,-4.2,286,Neutral
2025-03-01,c4,hambantota,1,3825.0,3681.44,0,0.0,0.0,22329,19000,26.675625000000007,229.66600000000005,295.909,-2.6,286,Neutral
2025-04-01,c4,hambantota,1,3850.0,3723.8,1,0.0,0.0,5582,18000,27.221875,272.281,298.5312,-2.0,274,Neutral
2025-05-01,c4,hambantota,1,3762.5,3663.415,1,0.0,0.0,5582,15000,27.324375,191.717,299.4142,-0.7,274,Neutral
2025-06-01,c4,hambantota,1,3637.5,3608.4175,1,0.0,0.0,20560,15000,26.9,170.3,301.12,-0.6,305,Neutral
2025-07-01,c4,hambantota,1,3637.5,3622.666,1,0.0,0.0,35106,15000,27.0,148.3,301.12,-0.3,305,Neutral
2025-08-01,c4,hambantota,1,3712.5,3638.3875,1,0.0,0.0,39860,15000,26.8,135.0,301.12,1.2,299,Neutral
2025-09-01,c4,hambantota,1,3745.0,3638.67,1,0.0,0.0,31328,20000,26.7,213.3,302.0368,2.4,299,Neutral
2025-10-01,c4,hambantota,1,3818.75,3638.67,1,0.0,0.0,27000,22000,27.7,156.3,7.03,2.4,286,Neutral
2025-11-01,c4,hambantota,1,3931.25,3931.25,1,0.0,0.0,27000,25000,26.45,393.1,7.03,2.4,286,Neutral
2025-12-01,c4,hambantota,1,4215.0,4215.0,1,0.0,0.0,27000,28000,26.18,148.5,7.03,2.4,286,Neutral
2026-01-01,c4,hambantota,1,4671.75,4671.75,0,0.0,1300.0,15000,14000,26.35,49.9,7.03,2.4,279,Neutral
2026-02-01,c4,hambantota,1,4750.0,4671.75,0,0.0,1300.0,16000,14800,26.74,22.5,7.03,2.4,277,Neutral
2020-01-01,c5,hambantota,1,2040.0,2091.6975,0,0.0,1310.5,19156,11106,25.560625,57.7385,181.4036,5.7,104,Neutral
2020-02-01,c5,hambantota,1,2256.25,2235.8575,0,0.0,1310.5,15757,15549,25.815625,28.699000000000005,181.5628,6.2,104,Neutral
2020-03-01,c5,hambantota,1,2325.0,2325.1400000000003,0,0.0,1123.3,23807,17770,27.176875000000003,29.896,185.0567,5.4,104,Neutral
2020-04-01,c5,hambantota,1,2125.0,2162.625,1,1145.0,748.9,19991,17770,28.133125000000003,129.9175,193.0854,5.2,104,Neutral
2020-05-01,c5,hambantota,1,2206.25,2209.4375,1,2290.0,936.1,18605,17770,27.856250000000003,239.16,187.865,4.0,104,Neutral
2020-06-01,c5,hambantota,1,2330.0,2297.656,1,3435.0,936.1,12568,13327,27.2925,107.60849999999998,185.9545,3.9,104,Neutral
2020-07-01,c5,hambantota,1,2300.0,2268.3575,1,3435.0,748.9,11732,13327,26.540625,118.602,185.8487,4.2,104,Neutral
2020-08-01,c5,hambantota,1,2295.0,2272.194,1,2290.0,2808.3,15340,13327,26.786875,85.95949999999999,184.8939,4.1,104,Neutral
2020-09-01,c5,hambantota,1,2312.5,2263.9300000000003,1,1145.0,2808.3,19365,17770,26.410625,198.4555,185.0317,4.0,104,Neutral
2020-10-01,c5,hambantota,1,2272.5,2309.0925,1,2290.0,2808.3,24225,22212,26.730625,90.7945,184.4379,4.0,104,Neutral
2020-11-01,c5,hambantota,1,2278.75,2325.525,1,3435.0,1685.0,22212,26655,26.305625000000003,308.663,184.7882,4.1,104,Neutral
2020-12-01,c5,hambantota,1,2340.0,2349.288,1,3435.0,1497.7,19364,35539,25.624375,301.8475,187.1822,4.2,104,Neutral
2021-01-01,c5,hambantota,1,2350.0,2325.4300000000003,0,0.0,1317.0,21474,12450,25.203125,261.9235,190.4918,3.0,104,Neutral
2021-02-01,c5,hambantota,1,2425.0,2368.2875000000004,0,0.0,1317.0,17664,17430,25.576875000000005,57.901,194.0665,3.3,104,Neutral
2021-03-01,c5,hambantota,1,2470.0,2414.456,0,0.0,1128.9,26688,19920,26.118125,146.487,196.9825,4.1,104,Neutral
2021-04-01,c5,hambantota,1,2450.0,2445.6200000000003,1,1185.0,752.6,22410,19920,27.244375,130.3815,197.423,3.9,104,Neutral
2021-05-01,c5,hambantota,1,2508.33,2458.39,1,2370.0,940.7,20856,19920,27.279375,258.98,199.5847,4.5,111,Neutral
2021-06-01,c5,hambantota,1,2675.0,2550.0,1,3555.0,940.7,14088,14940,26.799375000000005,132.15700000000004,199.8161,5.2,111,Neutral
2021-07-01,c5,hambantota,1,2663.5,2587.9525,1,3555.0,752.6,13152,14940,26.590625,138.03850000000003,199.9778,5.7,111,Neutral
2021-08-01,c5,hambantota,1,2700.0,2615.523333333333,1,2370.0,2822.2,17196,14940,26.2875,132.23650000000004,200.4965,6.0,111,Neutral
2021-09-01,c5,hambantota,1,2700.0,2615.523333333333,1,1185.0,2822.2,21708,19920,26.593750000000004,170.17950000000002,201.9858,5.7,111,Neutral
2021-10-01,c5,hambantota,1,2650.0,2588.9975,1,2370.0,2822.2,27156,24900,26.34625,341.85200000000003,201.0899,7.6,111,Neutral
2021-11-01,c5,hambantota,1,2700.0,2644.142,1,3555.0,1693.3,24900,29880,25.869375,470.629,201.8582,9.9,111,Neutral
2021-12-01,c5,hambantota,1,2675.0,2618.7125,1,3555.0,1505.2,21708,39840,25.6075,141.56449999999998,201.399,12.1,121,Neutral
2022-01-01,c5,hambantota,1,2690.0,2624.32,0,0.0,1280.9,19275,11175,25.470625,122.19749999999996,201.4647,14.2,121,Neutral
2022-02-01,c5,hambantota,1,2700.0,2683.17,0,0.0,1280.9,15855,15645,25.4025,163.791,201.7362,15.1,176,Neutral
2022-03-01,c5,hambantota,1,3450.0,3178.7233333333334,0,0.0,1097.9,23955,17880,26.5825,89.29799999999999,255.8081,18.7,176,Neutral
2022-04-01,c5,hambantota,1,4008.3333333333335,3718.9233333333336,1,1188.0,731.9,20115,17880,27.1175,306.01150000000007,319.4404,29.8,289,Neutral
2022-05-01,c5,hambantota,1,4250.0,3985.8925,1,2376.0,914.9,18720,17880,27.130625,193.646,358.939,39.1,289,Neutral
2022-06-01,c5,hambantota,1,4262.5,4086.150000000001,1,3564.0,914.9,12646,13410,26.5225,86.711,360.2428,54.6,430,Neutral
2022-07-01,c5,hambantota,1,3900.0,4011.5475,1,3564.0,731.9,11805,13410,26.33,122.364,360.8724,60.8,430,Neutral
2022-08-01,c5,hambantota,1,3810.0,3950.228,1,2376.0,2744.7,15435,13410,25.99375,169.767,360.9983,64.3,430,Neutral
2022-09-01,c5,hambantota,1,3735.0,3659.1175,1,1188.0,2744.7,19485,17880,26.27,74.46399999999998,362.3826,69.8,415,Neutral
2022-10-01,c5,hambantota,1,3700.0,3718.3975,1,2376.0,2744.7,24375,22350,26.19625,295.946,363.1484,66.0,430,Neutral
2022-11-01,c5,hambantota,1,3745.0,3771.056,1,3564.0,1646.8,22350,26820,25.59125000000001,289.1615,363.394,61.0,420,Neutral
2022-12-01,c5,hambantota,1,3587.5,3693.5725,1,3564.0,1463.9,19484,35760,25.180625,289.313,363.1652,57.2,420,Neutral
2023-01-01,c5,hambantota,1,3725.0,3792.228,0,0.0,1377.4,20560,11920,24.488750000000007,122.862,362.4228,51.7,405,Neutral
2023-02-01,c5,hambantota,1,3693.75,3800.22,0,0.0,1377.4,16912,16688,25.101875,158.296,361.9766,50.6,405,Neutral
2023-03-01,c5,hambantota,1,3137.5,3412.5675,0,0.0,1180.6,25552,19072,26.566875,113.27299999999998,329.4709,50.3,325,Neutral
2023-04-01,c5,hambantota,1,3616.6666666666665,3608.103333333333,1,1120.5,787.1,21456,19072,27.605000000000004,161.4275,321.4244,35.3,310,Neutral
2023-05-01,c5,hambantota,1,3360.0,3538.882,1,2241.0,983.9,19969,19072,27.3725,198.883,310.1639,25.2,310,Neutral
2023-06-01,c5,hambantota,1,3375.0,3322.8475,1,3361.5,983.9,13489,14304,27.287499999999994,101.3585,301.2612,12.0,308,Neutral
2023-07-01,c5,hambantota,1,3290.0,3377.952,1,3361.5,787.1,12592,14304,26.892499999999995,65.55649999999997,319.2903,6.3,306,Neutral
2023-08-01,c5,hambantota,1,3012.5,3230.94,1,2241.0,2951.6,16464,14304,27.4525,70.13050000000001,321.5764,4.0,341,Neutral
2023-09-01,c5,hambantota,1,3200.0,3237.5650000000005,1,1120.5,2951.6,20784,19072,26.727500000000003,328.41850000000005,322.7693,1.3,351,Neutral
2023-10-01,c5,hambantota,1,3100.0,3262.976,1,2241.0,2951.6,26000,23840,26.228125,585.5705,324.7303,1.5,356,Neutral
2023-11-01,c5,hambantota,1,2950.0,3142.205,1,3361.5,1770.9,23840,28608,26.368125,447.1740000000001,328.25,3.4,329,Neutral
2023-12-01,c5,hambantota,1,3125.0,3200.8375000000005,1,3361.5,1574.2,20785,38147,26.25625,472.0125,326.7423,4.0,358,Neutral
2024-01-01,c5,hambantota,1,3330.0,3300.952,0,0.0,1330.0,21388,12400,25.613125,283.5445,321.1706,6.4,363,Neutral
2024-02-01,c5,hambantota,1,3325.0,3279.63,0,0.0,1330.0,17593,17360,26.340000000000003,29.858500000000003,312.5801,5.9,363,Neutral
2024-03-01,c5,hambantota,1,3375.0,3361.5975,0,0.0,1140.0,26581,19840,27.113125,41.225,305.665,0.9,363,Neutral
2024-04-01,c5,hambantota,1,3475.0,3391.1100000000006,1,1120.0,760.0,22320,19840,28.68625,101.2695,299.4232,1.5,333,Neutral
2024-05-01,c5,hambantota,1,3500.0,3502.105,1,2240.0,950.0,20772,19840,28.328125000000004,226.944,299.6923,0.9,317,Neutral
2024-06-01,c5,hambantota,1,3462.5,3491.9925,1,3360.0,950.0,14032,14880,27.524374999999992,82.85149999999999,303.8121,1.7,317,Neutral
2024-07-01,c5,hambantota,1,3375.0,3375.5600000000004,1,3360.0,760.0,13099,14880,27.48125,67.39349999999999,303.7559,2.4,317,Neutral
2024-08-01,c5,hambantota,1,3550.0,3433.1925,1,2240.0,2850.0,17127,14880,27.2175,137.24199999999996,300.6683,0.5,307,Neutral
2024-09-01,c5,hambantota,1,3316.25,3574.0025,1,1120.0,2850.0,21621,19840,27.541875,69.441,301.1505,-0.5,283,Neutral
2024-10-01,c5,hambantota,1,3700.0,3622.975,1,2240.0,2850.0,27047,24800,26.887500000000003,196.62100000000004,293.7851,-0.8,283,Neutral
2024-11-01,c5,hambantota,1,3737.5,3714.345,1,3360.0,1710.0,24800,29760,26.468125,381.7135,292.0092,-2.1,286,Neutral
2024-12-01,c5,hambantota,1,3960.0,3801.338,1,3360.0,1520.0,21620,39680,26.13437500000001,170.53300000000002,291.6805,-1.7,286,Neutral
2025-01-01,c5,hambantota,1,3937.5,3804.8475,0,0.0,0.0,21820,27000,25.2225,274.39300000000003,296.1796,-4.0,286,Neutral
2025-02-01,c5,hambantota,1,4025.0,3809.4075,0,0.0,0.0,25314,24000,25.713125,86.076,296.8034,-4.2,286,Neutral
2025-03-01,c5,hambantota,1,4000.0,3785.16,0,0.0,0.0,22329,19000,26.675625000000007,229.66600000000005,295.909,-2.6,286,Neutral
2025-04-01,c5,hambantota,1,4000.0,3857.785,1,0.0,0.0,5582,18000,27.221875,272.281,298.5312,-2.0,274,Neutral
2025-05-01,c5,hambantota,1,3900.0,3795.502500000001,1,0.0,0.0,5582,15000,27.324375,191.717,299.4142,-0.7,274,Neutral
2025-06-01,c5,hambantota,1,3800.0,3766.565,1,0.0,0.0,20560,15000,26.9,170.3,301.12,-0.6,305,Neutral
2025-07-01,c5,hambantota,1,3750.0,3761.8020000000006,1,0.0,0.0,35106,15000,27.0,148.3,301.12,-0.3,305,Neutral
2025-08-01,c5,hambantota,1,3843.75,3801.6575,1,0.0,0.0,39860,15000,26.8,135.0,301.12,1.2,299,Neutral
2025-09-01,c5,hambantota,1,4000.0,3817.505,1,0.0,0.0,31328,20000,26.7,213.3,302.0368,2.4,299,Neutral
2025-10-01,c5,hambantota,1,3925.0,3817.505,1,0.0,0.0,27000,22000,27.7,156.3,7.03,2.4,286,Neutral
2025-11-01,c5,hambantota,1,4062.5,4062.5,1,0.0,0.0,27000,25000,26.45,393.1,7.03,2.4,286,Neutral
2025-12-01,c5,hambantota,1,4520.0,4520.0,1,0.0,0.0,27000,28000,26.18,148.5,7.03,2.4,286,Neutral
2026-01-01,c5,hambantota,1,4931.25,4931.25,0,0.0,1300.0,15000,14000,26.35,49.9,7.03,2.4,279,Neutral
2026-02-01,c5,hambantota,1,5000.0,4931.25,0,0.0,1300.0,16000,14800,26.74,22.5,7.03,2.4,277,Neutral
2025-10-01,c5sp,hambantota,1,3000.0,3000.0,1,0.0,0.0,27000,22000,27.7,156.3,7.03,2.4,286,Neutral
2025-11-01,c5sp,hambantota,1,3000.0,3000.0,1,0.0,0.0,27000,25000,26.45,393.1,7.03,2.4,286,Neutral
2025-12-01,c5sp,hambantota,1,3000.0,3000.0,1,0.0,0.0,27000,28000,26.18,148.5,7.03,2.4,286,Neutral
2026-01-01,c5sp,hambantota,1,3000.0,3000.0,0,0.0,1300.0,15000,14000,26.35,49.9,7.03,2.4,279,Neutral
2026-02-01,c5sp,hambantota,1,3000.0,3000.0,0,0.0,1300.0,16000,14800,26.74,22.5,7.03,2.4,277,Neutral
2020-01-01,h1,hambantota,1,1718.75,1597.6925,0,0.0,1310.5,19156,11106,25.560625,57.7385,181.4036,5.7,104,Neutral
2020-02-01,h1,hambantota,1,1912.5,1745.71,0,0.0,1310.5,15757,15549,25.815625,28.699000000000005,181.5628,6.2,104,Neutral
2020-03-01,h1,hambantota,1,2030.0,1869.5,0,0.0,1123.3,23807,17770,27.176875000000003,29.896,185.0567,5.4,104,Neutral
2020-04-01,h1,hambantota,1,1825.0,1721.875,1,1145.0,748.9,19991,17770,28.133125000000003,129.9175,193.0854,5.2,104,Neutral
2020-05-01,h1,hambantota,1,1900.0,1779.0125,1,2290.0,936.1,18605,17770,27.856250000000003,239.16,187.865,4.0,104,Neutral
2020-06-01,h1,hambantota,1,2049.0,1904.232,1,3435.0,936.1,12568,13327,27.2925,107.60849999999998,185.9545,3.9,104,Neutral
2020-07-01,h1,hambantota,1,2113.75,1972.375,1,3435.0,748.9,11732,13327,26.540625,118.602,185.8487,4.2,104,Neutral
2020-08-01,h1,hambantota,1,2116.0,1965.6,1,2290.0,2808.3,15340,13327,26.786875,85.95949999999999,184.8939,4.1,104,Neutral
2020-09-01,h1,hambantota,1,2125.0,1999.5425,1,1145.0,2808.3,19365,17770,26.410625,198.4555,185.0317,4.0,104,Neutral
2020-10-01,h1,hambantota,1,2138.75,1983.0425,1,2290.0,2808.3,24225,22212,26.730625,90.7945,184.4379,4.0,104,Neutral
2020-11-01,h1,hambantota,1,2112.5,2024.8125,1,3435.0,1685.0,22212,26655,26.305625000000003,308.663,184.7882,4.1,104,Neutral
2020-12-01,h1,hambantota,1,2045.0,2023.666,1,3435.0,1497.7,19364,35539,25.624375,301.8475,187.1822,4.2,104,Neutral
2021-01-01,h1,hambantota,1,2075.0,1978.825,0,0.0,1317.0,21474,12450,25.203125,261.9235,190.4918,3.0,104,Neutral
2021-02-01,h1,hambantota,1,2100.0,2031.4175,0,0.0,1317.0,17664,17430,25.576875000000005,57.901,194.0665,3.3,104,Neutral
2021-03-01,h1,hambantota,1,2140.0,2059.84,0,0.0,1128.9,26688,19920,26.118125,146.487,196.9825,4.1,104,Neutral
2021-04-01,h1,hambantota,1,2166.67,2094.476666666667,1,1185.0,752.6,22410,19920,27.244375,130.3815,197.423,3.9,104,Neutral
2021-05-01,h1,hambantota,1,2191.6666666666665,2083.266666666667,1,2370.0,940.7,20856,19920,27.279375,258.98,199.5847,4.5,111,Neutral
2021-06-01,h1,hambantota,1,2245.0,2148.7,1,3555.0,940.7,14088,14940,26.799375000000005,132.15700000000004,199.8161,5.2,111,Neutral
2021-07-01,h1,hambantota,1,2257.5,2257.5,1,3555.0,752.6,13152,14940,26.590625,138.03850000000003,199.9778,5.7,111,Neutral
2021-08-01,h1,hambantota,1,2250.0,2182.1566666666663,1,2370.0,2822.2,17196,14940,26.2875,132.23650000000004,200.4965,6.0,111,Neutral
2021-09-01,h1,hambantota,1,2250.0,2182.1566666666663,1,1185.0,2822.2,21708,19920,26.593750000000004,170.17950000000002,201.9858,5.7,111,Neutral
2021-10-01,h1,hambantota,1,2250.0,2130.325,1,2370.0,2822.2,27156,24900,26.34625,341.85200000000003,201.0899,7.6,111,Neutral
2021-11-01,h1,hambantota,1,2250.0,2158.732,1,3555.0,1693.3,24900,29880,25.869375,470.629,201.8582,9.9,111,Neutral
2021-12-01,h1,hambantota,1,2270.0,2154.3325,1,3555.0,1505.2,21708,39840,25.6075,141.56449999999998,201.399,12.1,121,Neutral
2022-01-01,h1,hambantota,1,2285.0,2151.1675,0,0.0,1280.9,19275,11175,25.470625,122.19749999999996,201.4647,14.2,121,Neutral
2022-02-01,h1,hambantota,1,2322.0,2205.7940000000003,0,0.0,1280.9,15855,15645,25.4025,163.791,201.7362,15.1,176,Neutral
2022-03-01,h1,hambantota,1,2966.6666666666665,2599.5533333333333,0,0.0,1097.9,23955,17880,26.5825,89.29799999999999,255.8081,18.7,176,Neutral
2022-04-01,h1,hambantota,1,3450.0,3103.1,1,1188.0,731.9,20115,17880,27.1175,306.01150000000007,319.4404,29.8,289,Neutral
2022-05-01,h1,hambantota,1,3622.5,3276.5725,1,2376.0,914.9,18720,17880,27.130625,193.646,358.939,39.1,289,Neutral
2022-06-01,h1,hambantota,1,3912.5,3508.5,1,3564.0,914.9,12646,13410,26.5225,86.711,360.2428,54.6,430,Neutral
2022-07-01,h1,hambantota,1,3675.0,3403.1425,1,3564.0,731.9,11805,13410,26.33,122.364,360.8724,60.8,430,Neutral
2022-08-01,h1,hambantota,1,3545.0,3340.7160000000003,1,2376.0,2744.7,15435,13410,25.99375,169.767,360.9983,64.3,430,Neutral
2022-09-01,h1,hambantota,1,3200.0,3091.465,1,1188.0,2744.7,19485,17880,26.27,74.46399999999998,362.3826,69.8,415,Neutral
2022-10-01,h1,hambantota,1,3150.0,3025.8575,1,2376.0,2744.7,24375,22350,26.19625,295.946,363.1484,66.0,430,Neutral
2022-11-01,h1,hambantota,1,3112.5,3025.3740000000007,1,3564.0,1646.8,22350,26820,25.59125000000001,289.1615,363.394,61.0,420,Neutral
2022-12-01,h1,hambantota,1,2937.5,2936.3925,1,3564.0,1463.9,19484,35760,25.180625,289.313,363.1652,57.2,420,Neutral
2023-01-01,h1,hambantota,1,3140.0,2957.03,0,0.0,1377.4,20560,11920,24.488750000000007,122.862,362.4228,51.7,405,Neutral
2023-02-01,h1,hambantota,1,3100.0,2997.3125,0,0.0,1377.4,16912,16688,25.101875,158.296,361.9766,50.6,405,Neutral
2023-03-01,h1,hambantota,1,2631.25,2602.13,0,0.0,1180.6,25552,19072,26.566875,113.27299999999998,329.4709,50.3,325,Neutral
2023-04-01,h1,hambantota,1,3000.0,2723.13,1,1120.5,787.1,21456,19072,27.605000000000004,161.4275,321.4244,35.3,310,Neutral
2023-05-01,h1,hambantota,1,2935.0,2756.0080000000003,1,2241.0,983.9,19969,19072,27.3725,198.883,310.1639,25.2,310,Neutral
2023-06-01,h1,hambantota,1,2868.75,2600.0975,1,3361.5,983.9,13489,14304,27.287499999999994,101.3585,301.2612,12.0,308,Neutral
2023-07-01,h1,hambantota,1,2845.0,2662.028,1,3361.5,787.1,12592,14304,26.892499999999995,65.55649999999997,319.2903,6.3,306,Neutral
2023-08-01,h1,hambantota,1,2650.0,2532.955,1,2241.0,2951.6,16464,14304,27.4525,70.13050000000001,321.5764,4.0,341,Neutral
2023-09-01,h1,hambantota,1,2700.0,2589.285,1,1120.5,2951.6,20784,19072,26.727500000000003,328.41850000000005,322.7693,1.3,351,Neutral
2023-10-01,h1,hambantota,1,2630.0,2562.152,1,2241.0,2951.6,26000,23840,26.228125,585.5705,324.7303,1.5,356,Neutral
2023-11-01,h1,hambantota,1,2550.0,2536.2425000000003,1,3361.5,1770.9,23840,28608,26.368125,447.1740000000001,328.25,3.4,329,Neutral
2023-12-01,h1,hambantota,1,2656.25,2645.41,1,3361.5,1574.2,20785,38147,26.25625,472.0125,326.7423,4.0,358,Neutral
2024-01-01,h1,hambantota,1,2765.0,2626.252,0,0.0,1330.0,21388,12400,25.613125,283.5445,321.1706,6.4,363,Neutral
2024-02-01,h1,hambantota,1,2781.25,2651.7225,0,0.0,1330.0,17593,17360,26.340000000000003,29.858500000000003,312.5801,5.9,363,Neutral
2024-03-01,h1,hambantota,1,2800.0,2651.1575000000003,0,0.0,1140.0,26581,19840,27.113125,41.225,305.665,0.9,363,Neutral
2024-04-01,h1,hambantota,1,2820.0,2658.362,1,1120.0,760.0,22320,19840,28.68625,101.2695,299.4232,1.5,333,Neutral
2024-05-01,h1,hambantota,1,2851.75,2677.4525,1,2240.0,950.0,20772,19840,28.328125000000004,226.944,299.6923,0.9,317,Neutral
2024-06-01,h1,hambantota,1,2900.0,2683.615,1,3360.0,950.0,14032,14880,27.524374999999992,82.85149999999999,303.8121,1.7,317,Neutral
2024-07-01,h1,hambantota,1,2975.0,2740.435,1,3360.0,760.0,13099,14880,27.48125,67.39349999999999,303.7559,2.4,317,Neutral
2024-08-01,h1,hambantota,1,3168.75,2823.4325,1,2240.0,2850.0,17127,14880,27.2175,137.24199999999996,300.6683,0.5,307,Neutral
2024-09-01,h1,hambantota,1,3340.5,2970.9525000000003,1,1120.0,2850.0,21621,19840,27.541875,69.441,301.1505,-0.5,283,Neutral
2024-10-01,h1,hambantota,1,3481.25,3109.7225,1,2240.0,2850.0,27047,24800,26.887500000000003,196.62100000000004,293.7851,-0.8,283,Neutral
2024-11-01,h1,hambantota,1,3530.0,3190.4400000000005,1,3360.0,1710.0,24800,29760,26.468125,381.7135,292.0092,-2.1,286,Neutral
2024-12-01,h1,hambantota,1,3635.0,3331.178,1,3360.0,1520.0,21620,39680,26.13437500000001,170.53300000000002,291.6805,-1.7,286,Neutral
2025-01-01,h1,hambantota,1,3550.0,3300.3125,0,0.0,0.0,21820,27000,25.2225,274.39300000000003,296.1796,-4.0,286,Neutral
2025-02-01,h1,hambantota,1,3650.0,3375.605,0,0.0,0.0,25314,24000,25.713125,86.076,296.8034,-4.2,286,Neutral
2025-03-01,h1,hambantota,1,3625.0,3369.7225,0,0.0,0.0,22329,19000,26.675625000000007,229.66600000000005,295.909,-2.6,286,Neutral
2025-04-01,h1,hambantota,1,3650.0,3406.9875,1,0.0,0.0,5582,18000,27.221875,272.281,298.5312,-2.0,274,Neutral
2025-05-01,h1,hambantota,1,3437.5,3272.5975,1,0.0,0.0,5582,15000,27.324375,191.717,299.4142,-0.7,274,Neutral
2025-06-01,h1,hambantota,1,3237.5,3174.0975,1,0.0,0.0,20560,15000,26.9,170.3,301.12,-0.6,305,Neutral
2025-07-01,h1,hambantota,1,3281.25,3188.202,1,0.0,0.0,35106,15000,27.0,148.3,301.12,-0.3,305,Neutral
2025-08-01,h1,hambantota,1,3281.25,3226.9425,1,0.0,0.0,39860,15000,26.8,135.0,301.12,1.2,299,Neutral
2025-09-01,h1,hambantota,1,3300.0,3236.07,1,0.0,0.0,31328,20000,26.7,213.3,302.0368,2.4,299,Neutral
2025-10-01,h1,hambantota,1,3312.5,3236.07,1,0.0,0.0,27000,22000,27.7,156.3,7.03,2.4,286,Neutral
2025-11-01,h1,hambantota,1,3400.0,3400.0,1,0.0,0.0,27000,25000,26.45,393.1,7.03,2.4,286,Neutral
2025-12-01,h1,hambantota,1,3580.0,3580.0,1,0.0,0.0,27000,28000,26.18,148.5,7.03,2.4,286,Neutral
2026-01-01,h1,hambantota,1,3759.25,3759.25,0,0.0,1300.0,15000,14000,26.35,49.9,7.03,2.4,279,Neutral
2026-02-01,h1,hambantota,1,3800.0,3759.25,0,0.0,1300.0,16000,14800,26.74,22.5,7.03,2.4,277,Neutral
2020-01-01,h2,hambantota,1,1681.25,1496.4,0,0.0,1310.5,19156,11106,25.560625,57.7385,181.4036,5.7,104,Neutral
2020-02-01,h2,hambantota,1,1856.25,1625.3325,0,0.0,1310.5,15757,15549,25.815625,28.699000000000005,181.5628,6.2,104,Neutral
2020-03-01,h2,hambantota,1,1950.0,1732.915,0,0.0,1123.3,23807,17770,27.176875000000003,29.896,185.0567,5.4,104,Neutral
2020-04-01,h2,hambantota,1,1750.0,1587.125,1,1145.0,748.9,19991,17770,28.133125000000003,129.9175,193.0854,5.2,104,Neutral
2020-05-01,h2,hambantota,1,1837.5,1645.95,1,2290.0,936.1,18605,17770,27.856250000000003,239.16,187.865,4.0,104,Neutral
2020-06-01,h2,hambantota,1,2020.0,1792.898,1,3435.0,936.1,12568,13327,27.2925,107.60849999999998,185.9545,3.9,104,Neutral
2020-07-01,h2,hambantota,1,2050.0,1819.5,1,3435.0,748.9,11732,13327,26.540625,118.602,185.8487,4.2,104,Neutral
2020-08-01,h2,hambantota,1,1924.2,1850.308,1,2290.0,2808.3,15340,13327,26.786875,85.95949999999999,184.8939,4.1,104,Neutral
2020-09-01,h2,hambantota,1,2067.5,1892.2075,1,1145.0,2808.3,19365,17770,26.410625,198.4555,185.0317,4.0,104,Neutral
2020-10-01,h2,hambantota,1,2100.0,1879.96,1,2290.0,2808.3,24225,22212,26.730625,90.7945,184.4379,4.0,104,Neutral
2020-11-01,h2,hambantota,1,2075.0,1907.3125,1,3435.0,1685.0,22212,26655,26.305625000000003,308.663,184.7882,4.1,104,Neutral
2020-12-01,h2,hambantota,1,2000.0,1925.002,1,3435.0,1497.7,19364,35539,25.624375,301.8475,187.1822,4.2,104,Neutral
2021-01-01,h2,hambantota,1,2025.0,1909.79,0,0.0,1317.0,21474,12450,25.203125,261.9235,190.4918,3.0,104,Neutral
2021-02-01,h2,hambantota,1,2050.0,1925.5825,0,0.0,1317.0,17664,17430,25.576875000000005,57.901,194.0665,3.3,104,Neutral
2021-03-01,h2,hambantota,1,2090.0,1961.754,0,0.0,1128.9,26688,19920,26.118125,146.487,196.9825,4.1,104,Neutral
2021-04-01,h2,hambantota,1,2116.67,2003.4533333333327,1,1185.0,752.6,22410,19920,27.244375,130.3815,197.423,3.9,104,Neutral
2021-05-01,h2,hambantota,1,2138.333333333333,1961.6666666666667,1,2370.0,940.7,20856,19920,27.279375,258.98,199.5847,4.5,111,Neutral
2021-06-01,h2,hambantota,1,2200.0,2003.6,1,3555.0,940.7,14088,14940,26.799375000000005,132.15700000000004,199.8161,5.2,111,Neutral
2021-07-01,h2,hambantota,1,2211.6666666666665,2046.75,1,3555.0,752.6,13152,14940,26.590625,138.03850000000003,199.9778,5.7,111,Neutral
2021-08-01,h2,hambantota,1,2216.67,2063.8,1,2370.0,2822.2,17196,14940,26.2875,132.23650000000004,200.4965,6.0,111,Neutral
2021-09-01,h2,hambantota,1,2216.67,2063.8,1,1185.0,2822.2,21708,19920,26.593750000000004,170.17950000000002,201.9858,5.7,111,Neutral
2021-10-01,h2,hambantota,1,2200.0,2042.775,1,2370.0,2822.2,27156,24900,26.34625,341.85200000000003,201.0899,7.6,111,Neutral
2021-11-01,h2,hambantota,1,2200.0,2082.668,1,3555.0,1693.3,24900,29880,25.869375,470.629,201.8582,9.9,111,Neutral
2021-12-01,h2,hambantota,1,2225.0,2040.915,1,3555.0,1505.2,21708,39840,25.6075,141.56449999999998,201.399,12.1,121,Neutral
2022-01-01,h2,hambantota,1,2235.0,2070.46,0,0.0,1280.9,19275,11175,25.470625,122.19749999999996,201.4647,14.2,121,Neutral
2022-02-01,h2,hambantota,1,2273.0,2077.492,0,0.0,1280.9,15855,15645,25.4025,163.791,201.7362,15.1,176,Neutral
2022-03-01,h2,hambantota,1,2891.6666666666665,2430.443333333333,0,0.0,1097.9,23955,17880,26.5825,89.29799999999999,255.8081,18.7,176,Neutral
2022-04-01,h2,hambantota,1,3366.6666666666665,2909.403333333333,1,1188.0,731.9,20115,17880,27.1175,306.01150000000007,319.4404,29.8,289,Neutral
2022-05-01,h2,hambantota,1,3512.5,3017.4974999999995,1,2376.0,914.9,18720,17880,27.130625,193.646,358.939,39.1,289,Neutral
2022-06-01,h2,hambantota,1,3831.25,3183.2075,1,3564.0,914.9,12646,13410,26.5225,86.711,360.2428,54.6,430,Neutral
2022-07-01,h2,hambantota,1,3562.5,3212.8925,1,3564.0,731.9,11805,13410,26.33,122.364,360.8724,60.8,430,Neutral
2022-08-01,h2,hambantota,1,3440.0,3161.8,1,2376.0,2744.7,15435,13410,25.99375,169.767,360.9983,64.3,430,Neutral
2022-09-01,h2,hambantota,1,3047.5,2908.4300000000003,1,1188.0,2744.7,19485,17880,26.27,74.46399999999998,362.3826,69.8,415,Neutral
2022-10-01,h2,hambantota,1,3043.75,2853.535,1,2376.0,2744.7,24375,22350,26.19625,295.946,363.1484,66.0,430,Neutral
2022-11-01,h2,hambantota,1,3115.5,2849.202,1,3564.0,1646.8,22350,26820,25.59125000000001,289.1615,363.394,61.0,420,Neutral
2022-12-01,h2,hambantota,1,2750.0,2702.715,1,3564.0,1463.9,19484,35760,25.180625,289.313,363.1652,57.2,420,Neutral
2023-01-01,h2,hambantota,1,2440.0,2739.772,0,0.0,1377.4,20560,11920,24.488750000000007,122.862,362.4228,51.7,405,Neutral
2023-02-01,h2,hambantota,1,2981.25,2804.7825000000003,0,0.0,1377.4,16912,16688,25.101875,158.296,361.9766,50.6,405,Neutral
2023-03-01,h2,hambantota,1,2500.0,2357.8425,0,0.0,1180.6,25552,19072,26.566875,113.27299999999998,329.4709,50.3,325,Neutral
2023-04-01,h2,hambantota,1,2866.67,2480.346666666667,1,1120.5,787.1,21456,19072,27.605000000000004,161.4275,321.4244,35.3,310,Neutral
2023-05-01,h2,hambantota,1,2830.0,2522.822,1,2241.0,983.9,19969,19072,27.3725,198.883,310.1639,25.2,310,Neutral
2023-06-01,h2,hambantota,1,2743.75,2331.5950000000003,1,3361.5,983.9,13489,14304,27.287499999999994,101.3585,301.2612,12.0,308,Neutral
2023-07-01,h2,hambantota,1,2725.0,2406.9260000000004,1,3361.5,787.1,12592,14304,26.892499999999995,65.55649999999997,319.2903,6.3,306,Neutral
2023-08-01,h2,hambantota,1,2550.0,2355.8775,1,2241.0,2951.6,16464,14304,27.4525,70.13050000000001,321.5764,4.0,341,Neutral
2023-09-01,h2,hambantota,1,2575.0,2352.16,1,1120.5,2951.6,20784,19072,26.727500000000003,328.41850000000005,322.7693,1.3,351,Neutral
2023-10-01,h2,hambantota,1,2540.0,2402.494,1,2241.0,2951.6,26000,23840,26.228125,585.5705,324.7303,1.5,356,Neutral
2023-11-01,h2,hambantota,1,2450.0,2378.185,1,3361.5,1770.9,23840,28608,26.368125,447.1740000000001,328.25,3.4,329,Neutral
2023-12-01,h2,hambantota,1,2600.0,2460.44,1,3361.5,1574.2,20785,38147,26.25625,472.0125,326.7423,4.0,358,Neutral
2024-01-01,h2,hambantota,1,2690.0,2477.586,0,0.0,1330.0,21388,12400,25.613125,283.5445,321.1706,6.4,363,Neutral
2024-02-01,h2,hambantota,1,2693.75,2491.3475,0,0.0,1330.0,17593,17360,26.340000000000003,29.858500000000003,312.5801,5.9,363,Neutral
2024-03-01,h2,hambantota,1,2700.0,2479.2525,0,0.0,1140.0,26581,19840,27.113125,41.225,305.665,0.9,363,Neutral
2024-04-01,h2,hambantota,1,2750.0,2506.9880000000003,1,1120.0,760.0,22320,19840,28.68625,101.2695,299.4232,1.5,333,Neutral
2024-05-01,h2,hambantota,1,2781.25,2506.1125,1,2240.0,950.0,20772,19840,28.328125000000004,226.944,299.6923,0.9,317,Neutral
2024-06-01,h2,hambantota,1,2825.0,2521.0625,1,3360.0,950.0,14032,14880,27.524374999999992,82.85149999999999,303.8121,1.7,317,Neutral
2024-07-01,h2,hambantota,1,2906.25,2600.905,1,3360.0,760.0,13099,14880,27.48125,67.39349999999999,303.7559,2.4,317,Neutral
2024-08-01,h2,hambantota,1,3087.5,2680.69,1,2240.0,2850.0,17127,14880,27.2175,137.24199999999996,300.6683,0.5,307,Neutral
2024-09-01,h2,hambantota,1,2545.5,2819.1275,1,1120.0,2850.0,21621,19840,27.541875,69.441,301.1505,-0.5,283,Neutral
2024-10-01,h2,hambantota,1,3406.25,2941.5975,1,2240.0,2850.0,27047,24800,26.887500000000003,196.62100000000004,293.7851,-0.8,283,Neutral
2024-11-01,h2,hambantota,1,3487.5,3049.9075000000003,1,3360.0,1710.0,24800,29760,26.468125,381.7135,292.0092,-2.1,286,Neutral
2024-12-01,h2,hambantota,1,3580.0,3181.1200000000003,1,3360.0,1520.0,21620,39680,26.13437500000001,170.53300000000002,291.6805,-1.7,286,Neutral
2025-01-01,h2,hambantota,1,3506.25,3156.065,0,0.0,0.0,21820,27000,25.2225,274.39300000000003,296.1796,-4.0,286,Neutral
2025-02-01,h2,hambantota,1,3556.25,3215.835,0,0.0,0.0,25314,24000,25.713125,86.076,296.8034,-4.2,286,Neutral
2025-03-01,h2,hambantota,1,3600.0,3237.2825000000003,0,0.0,0.0,22329,19000,26.675625000000007,229.66600000000005,295.909,-2.6,286,Neutral
2025-04-01,h2,hambantota,1,3575.0,3246.5125,1,0.0,0.0,5582,18000,27.221875,272.281,298.5312,-2.0,274,Neutral
2025-05-01,h2,hambantota,1,3381.25,3130.2525000000005,1,0.0,0.0,5582,15000,27.324375,191.717,299.4142,-0.7,274,Neutral
2025-06-01,h2,hambantota,1,3162.5,3034.41,1,0.0,0.0,20560,15000,26.9,170.3,301.12,-0.6,305,Neutral
2025-07-01,h2,hambantota,1,3243.75,3063.852,1,0.0,0.0,35106,15000,27.0,148.3,301.12,-0.3,305,Neutral
2025-08-01,h2,hambantota,1,3206.25,3087.2925,1,0.0,0.0,39860,15000,26.8,135.0,301.12,1.2,299,Neutral
2025-09-01,h2,hambantota,1,3242.5,3118.285,1,0.0,0.0,31328,20000,26.7,213.3,302.0368,2.4,299,Neutral
2025-10-01,h2,hambantota,1,3256.25,3118.285,1,0.0,0.0,27000,22000,27.7,156.3,7.03,2.4,286,Neutral
2025-11-01,h2,hambantota,1,3318.75,3318.75,1,0.0,0.0,27000,25000,26.45,393.1,7.03,2.4,286,Neutral
2025-12-01,h2,hambantota,1,3530.0,3530.0,1,0.0,0.0,27000,28000,26.18,148.5,7.03,2.4,286,Neutral
2026-01-01,h2,hambantota,1,3690.0,3690.0,0,0.0,1300.0,15000,14000,26.35,49.9,7.03,2.4,279,Neutral
2026-02-01,h2,hambantota,1,3725.0,3690.0,0,0.0,1300.0,16000,14800,26.74,22.5,7.03,2.4,277,Neutral
2025-10-01,h_faq,hambantota,1,3000.0,3000.0,1,0.0,0.0,27000,22000,27.7,156.3,7.03,2.4,286,Neutral
2025-11-01,h_faq,hambantota,1,3000.0,3000.0,1,0.0,0.0,27000,25000,26.45,393.1,7.03,2.4,286,Neutral
2025-12-01,h_faq,hambantota,1,3000.0,3000.0,1,0.0,0.0,27000,28000,26.18,148.5,7.03,2.4,286,Neutral
2026-01-01,h_faq,hambantota,1,3000.0,3000.0,0,0.0,1300.0,15000,14000,26.35,49.9,7.03,2.4,279,Neutral
2026-02-01,h_faq,hambantota,1,3000.0,3000.0,0,0.0,1300.0,16000,14800,26.74,22.5,7.03,2.4,277,Neutral
2020-01-01,alba,kalutara,1,2566.5,2758.1875,0,0.0,1310.5,19156,11106,25.560625,57.7385,181.4036,5.7,104,Neutral
2020-02-01,alba,kalutara,1,2766.75,2936.375,0,0.0,1310.5,15757,15549,25.815625,28.699000000000005,181.5628,6.2,104,Neutral
2020-03-01,alba,kalutara,1,2966.0,3140.375,0,0.0,1123.3,23807,17770,27.176875000000003,29.896,185.0567,5.4,104,Neutral
2020-04-01,alba,kalutara,1,2966.0,2847.17,1,1145.0,748.9,19991,17770,28.133125000000003,129.9175,193.0854,5.2,104,Neutral
2020-05-01,alba,kalutara,1,2966.333333333333,2903.6675,1,2290.0,936.1,18605,17770,27.856250000000003,239.16,187.865,4.0,104,Neutral
2020-06-01,alba,kalutara,1,2888.4,2910.75,1,3435.0,936.1,12568,13327,27.2925,107.60849999999998,185.9545,3.9,104,Neutral
2020-07-01,alba,kalutara,1,2866.0,2912.25,1,3435.0,748.9,11732,13327,26.540625,118.602,185.8487,4.2,104,Neutral
2020-08-01,alba,kalutara,1,2865.0,2838.734,1,2290.0,2808.3,15340,13327,26.786875,85.95949999999999,184.8939,4.1,104,Neutral
2020-09-01,alba,kalutara,1,2865.0,2910.9375,1,1145.0,2808.3,19365,17770,26.410625,198.4555,185.0317,4.0,104,Neutral
2020-10-01,alba,kalutara,1,2865.0,2949.5625,1,2290.0,2808.3,24225,22212,26.730625,90.7945,184.4379,4.0,104,Neutral
2020-11-01,alba,kalutara,1,2900.0,2979.48,1,3435.0,1685.0,22212,26655,26.305625000000003,308.663,184.7882,4.1,104,Neutral
2020-12-01,alba,kalutara,1,2985.0,2977.25,1,3435.0,1497.7,19364,35539,25.624375,301.8475,187.1822,4.2,104,Neutral
2021-01-01,alba,kalutara,1,3000.0,2972.0625,0,0.0,1317.0,21474,12450,25.203125,261.9235,190.4918,3.0,104,Neutral
2021-02-01,alba,kalutara,1,3000.0,3006.25,0,0.0,1317.0,17664,17430,25.576875000000005,57.901,194.0665,3.3,104,Neutral
2021-03-01,alba,kalutara,1,3000.0,3047.5,0,0.0,1128.9,26688,19920,26.118125,146.487,196.9825,4.1,104,Neutral
2021-04-01,alba,kalutara,1,3000.0,3038.89,1,1185.0,752.6,22410,19920,27.244375,130.3815,197.423,3.9,104,Neutral
2021-05-01,alba,kalutara,1,3000.0,3073.1666666666665,1,2370.0,940.7,20856,19920,27.279375,258.98,199.5847,4.5,111,Neutral
2021-06-01,alba,kalutara,1,3050.0,3041.875,1,3555.0,940.7,14088,14940,26.799375000000005,132.15700000000004,199.8161,5.2,111,Neutral
2021-07-01,alba,kalutara,1,3100.0,3141.6875,1,3555.0,752.6,13152,14940,26.590625,138.03850000000003,199.9778,5.7,111,Neutral
2021-08-01,alba,kalutara,1,3100.0,3157.583333333333,1,2370.0,2822.2,17196,14940,26.2875,132.23650000000004,200.4965,6.0,111,Neutral
2021-09-01,alba,kalutara,1,3100.0,3157.583333333333,1,1185.0,2822.2,21708,19920,26.593750000000004,170.17950000000002,201.9858,5.7,111,Neutral
2021-10-01,alba,kalutara,1,3108.25,3230.5425,1,2370.0,2822.2,27156,24900,26.34625,341.85200000000003,201.0899,7.6,111,Neutral
2021-11-01,alba,kalutara,1,3142.0,3282.8,1,3555.0,1693.3,24900,29880,25.869375,470.629,201.8582,9.9,111,Neutral
2021-12-01,alba,kalutara,1,3170.0,3308.5,1,3555.0,1505.2,21708,39840,25.6075,141.56449999999998,201.399,12.1,121,Neutral
2022-01-01,alba,kalutara,1,3200.0,3438.0,0,0.0,1280.9,19275,11175,25.470625,122.19749999999996,201.4647,14.2,121,Neutral
2022-02-01,alba,kalutara,1,3210.0,3450.5,0,0.0,1280.9,15855,15645,25.4025,163.791,201.7362,15.1,176,Neutral
2022-03-01,alba,kalutara,1,3335.333333333333,3958.75,0,0.0,1097.9,23955,17880,26.5825,89.29799999999999,255.8081,18.7,176,Neutral
2022-04-01,alba,kalutara,1,3523.333333333333,4420.833333333333,1,1188.0,731.9,20115,17880,27.1175,306.01150000000007,319.4404,29.8,289,Neutral
2022-05-01,alba,kalutara,1,3790.0,4697.0625,1,2376.0,914.9,18720,17880,27.130625,193.646,358.939,39.1,289,Neutral
2022-06-01,alba,kalutara,1,4010.0,4865.8125,1,3564.0,914.9,12646,13410,26.5225,86.711,360.2428,54.6,430,Neutral
2022-07-01,alba,kalutara,1,4480.0,5019.4375,1,3564.0,731.9,11805,13410,26.33,122.364,360.8724,60.8,430,Neutral
2022-08-01,alba,kalutara,1,4784.0,5164.0,1,2376.0,2744.7,15435,13410,25.99375,169.767,360.9983,64.3,430,Neutral
2022-09-01,alba,kalutara,1,4790.0,5290.5,1,1188.0,2744.7,19485,17880,26.27,74.46399999999998,362.3826,69.8,415,Neutral
2022-10-01,alba,kalutara,1,4790.0,5433.625,1,2376.0,2744.7,24375,22350,26.19625,295.946,363.1484,66.0,430,Neutral
2022-11-01,alba,kalutara,1,4795.0,5569.95,1,3564.0,1646.8,22350,26820,25.59125000000001,289.1615,363.394,61.0,420,Neutral
2022-12-01,alba,kalutara,1,4795.0,5735.125,1,3564.0,1463.9,19484,35760,25.180625,289.313,363.1652,57.2,420,Neutral
2023-01-01,alba,kalutara,1,4900.0,5885.7,0,0.0,1377.4,20560,11920,24.488750000000007,122.862,362.4228,51.7,405,Neutral
2023-02-01,alba,kalutara,1,4950.0,5755.6875,0,0.0,1377.4,16912,16688,25.101875,158.296,361.9766,50.6,405,Neutral
2023-03-01,alba,kalutara,1,4825.0,5090.5625,0,0.0,1180.6,25552,19072,26.566875,113.27299999999998,329.4709,50.3,325,Neutral
2023-04-01,alba,kalutara,1,4633.33,5204.86,1,1120.5,787.1,21456,19072,27.605000000000004,161.4275,321.4244,35.3,310,Neutral
2023-05-01,alba,kalutara,1,4985.0,5145.4,1,2241.0,983.9,19969,19072,27.3725,198.883,310.1639,25.2,310,Neutral
2023-06-01,alba,kalutara,1,4790.0,4919.4375,1,3361.5,983.9,13489,14304,27.287499999999994,101.3585,301.2612,12.0,308,Neutral
2023-07-01,alba,kalutara,1,4790.0,4779.1,1,3361.5,787.1,12592,14304,26.892499999999995,65.55649999999997,319.2903,6.3,306,Neutral
2023-08-01,alba,kalutara,1,4663.75,4415.875,1,2241.0,2951.6,16464,14304,27.4525,70.13050000000001,321.5764,4.0,341,Neutral
2023-09-01,alba,kalutara,1,4587.5,4649.75,1,1120.5,2951.6,20784,19072,26.727500000000003,328.41850000000005,322.7693,1.3,351,Neutral
2023-10-01,alba,kalutara,1,4790.0,4756.2,1,2241.0,2951.6,26000,23840,26.228125,585.5705,324.7303,1.5,356,Neutral
2023-11-01,alba,kalutara,1,4790.0,4735.75,1,3361.5,1770.9,23840,28608,26.368125,447.1740000000001,328.25,3.4,329,Neutral
2023-12-01,alba,kalutara,1,4790.0,4797.6875,1,3361.5,1574.2,20785,38147,26.25625,472.0125,326.7423,4.0,358,Neutral
2024-01-01,alba,kalutara,1,4790.0,4847.05,0,0.0,1330.0,21388,12400,25.613125,283.5445,321.1706,6.4,363,Neutral
2024-02-01,alba,kalutara,1,4790.0,4835.0,0,0.0,1330.0,17593,17360,26.340000000000003,29.858500000000003,312.5801,5.9,363,Neutral
2024-03-01,alba,kalutara,1,4740.0,4771.9375,0,0.0,1140.0,26581,19840,27.113125,41.225,305.665,0.9,363,Neutral
2024-04-01,alba,kalutara,1,4790.0,4765.884,1,1120.0,760.0,22320,19840,28.68625,101.2695,299.4232,1.5,333,Neutral
2024-05-01,alba,kalutara,1,4790.0,4773.25,1,2240.0,950.0,20772,19840,28.328125000000004,226.944,299.6923,0.9,317,Neutral
2024-06-01,alba,kalutara,1,4795.0,4751.52,1,3360.0,950.0,14032,14880,27.524374999999992,82.85149999999999,303.8121,1.7,317,Neutral
2024-07-01,alba,kalutara,1,4287.5,4231.6875,1,3360.0,760.0,13099,14880,27.48125,67.39349999999999,303.7559,2.4,317,Neutral
2024-08-01,alba,kalutara,1,4090.0,4330.8125,1,2240.0,2850.0,17127,14880,27.2175,137.24199999999996,300.6683,0.5,307,Neutral
2024-09-01,alba,kalutara,1,4170.0,4475.3125,1,1120.0,2850.0,21621,19840,27.541875,69.441,301.1505,-0.5,283,Neutral
2024-10-01,alba,kalutara,1,4170.0,4417.125,1,2240.0,2850.0,27047,24800,26.887500000000003,196.62100000000004,293.7851,-0.8,283,Neutral
2024-11-01,alba,kalutara,1,4397.5,4536.875,1,3360.0,1710.0,24800,29760,26.468125,381.7135,292.0092,-2.1,286,Neutral
2024-12-01,alba,kalutara,1,4470.0,4606.0,1,3360.0,1520.0,21620,39680,26.13437500000001,170.53300000000002,291.6805,-1.7,286,Neutral
2025-01-01,alba,kalutara,1,4480.0,4573.125,0,0.0,0.0,21820,27000,25.2225,274.39300000000003,296.1796,-4.0,286,Neutral
2025-02-01,alba,kalutara,1,4480.0,4555.9375,0,0.0,0.0,25314,24000,25.713125,86.076,296.8034,-4.2,286,Neutral
2025-03-01,alba,kalutara,1,4480.0,4587.1875,0,0.0,0.0,22329,19000,26.675625000000007,229.66600000000005,295.909,-2.6,286,Neutral
2025-04-01,alba,kalutara,1,4480.0,4609.0625,1,0.0,0.0,5582,18000,27.221875,272.281,298.5312,-2.0,274,Neutral
2025-05-01,alba,kalutara,1,4480.0,4537.8125,1,0.0,0.0,5582,15000,27.324375,191.717,299.4142,-0.7,274,Neutral
2025-06-01,alba,kalutara,1,4490.0,4478.75,1,0.0,0.0,20560,15000,26.9,170.3,301.12,-0.6,305,Neutral
2025-07-01,alba,kalutara,1,4490.0,4521.25,1,0.0,0.0,35106,15000,27.0,148.3,301.12,-0.3,305,Neutral
2025-08-01,alba,kalutara,1,4490.0,4595.9375,1,0.0,0.0,39860,15000,26.8,135.0,301.12,1.2,299,Neutral
2025-09-01,alba,kalutara,1,4490.0,4541.25,1,0.0,0.0,31328,20000,26.7,213.3,302.0368,2.4,299,Neutral
2025-10-01,alba,kalutara,1,4543.75,4541.25,1,0.0,0.0,27000,22000,26.25,249.8,7.03,2.4,286,Neutral
2025-11-01,alba,kalutara,1,4626.25,4626.25,1,0.0,0.0,27000,25000,25.6,465.5,7.03,2.4,286,Neutral
2025-12-01,alba,kalutara,1,4814.0,4814.0,1,0.0,0.0,27000,28000,25.4,148.5,7.03,2.4,286,Neutral
2026-01-01,alba,kalutara,1,4867.5,4895.0,0,0.0,1300.0,15000,14000,25.28,62.5,7.03,2.4,279,Neutral
2026-02-01,alba,kalutara,1,4895.0,4541.25,0,0.0,1300.0,16000,14800,25.43,36.0,7.03,2.4,277,Neutral
2020-01-01,c4,kalutara,1,1766.25,1900.475,0,0.0,1310.5,19156,11106,25.560625,57.7385,181.4036,5.7,104,Neutral
2020-02-01,c4,kalutara,1,1865.25,2030.3925,0,0.0,1310.5,15757,15549,25.815625,28.699000000000005,181.5628,6.2,104,Neutral
2020-03-01,c4,kalutara,1,1963.5,2145.285,0,0.0,1123.3,23807,17770,27.176875000000003,29.896,185.0567,5.4,104,Neutral
2020-04-01,c4,kalutara,1,1963.5,1979.75,1,1145.0,748.9,19991,17770,28.133125000000003,129.9175,193.0854,5.2,104,Neutral
2020-05-01,c4,kalutara,1,1966.33,2071.125,1,2290.0,936.1,18605,17770,27.856250000000003,239.16,187.865,4.0,104,Neutral
2020-06-01,c4,kalutara,1,1961.0,2072.884,1,3435.0,936.1,12568,13327,27.2925,107.60849999999998,185.9545,3.9,104,Neutral
2020-07-01,c4,kalutara,1,1984.0,2091.0,1,3435.0,748.9,11732,13327,26.540625,118.602,185.8487,4.2,104,Neutral
2020-08-01,c4,kalutara,1,1969.0,2063.946,1,2290.0,2808.3,15340,13327,26.786875,85.95949999999999,184.8939,4.1,104,Neutral
2020-09-01,c4,kalutara,1,2117.5,2090.93,1,1145.0,2808.3,19365,17770,26.410625,198.4555,185.0317,4.0,104,Neutral
2020-10-01,c4,kalutara,1,2167.0,2183.96,1,2290.0,2808.3,24225,22212,26.730625,90.7945,184.4379,4.0,104,Neutral
2020-11-01,c4,kalutara,1,2150.0,2217.575,1,3435.0,1685.0,22212,26655,26.305625000000003,308.663,184.7882,4.1,104,Neutral
2020-12-01,c4,kalutara,1,2270.0,2199.652,1,3435.0,1497.7,19364,35539,25.624375,301.8475,187.1822,4.2,104,Neutral
2021-01-01,c4,kalutara,1,2265.0,2185.465,0,0.0,1317.0,21474,12450,25.203125,261.9235,190.4918,3.0,104,Neutral
2021-02-01,c4,kalutara,1,2267.0,2202.8575,0,0.0,1317.0,17664,17430,25.576875000000005,57.901,194.0665,3.3,104,Neutral
2021-03-01,c4,kalutara,1,2265.0,2243.548,0,0.0,1128.9,26688,19920,26.118125,146.487,196.9825,4.1,104,Neutral
2021-04-01,c4,kalutara,1,2265.0,2284.9866666666667,1,1185.0,752.6,22410,19920,27.244375,130.3815,197.423,3.9,104,Neutral
2021-05-01,c4,kalutara,1,2265.0,2296.056666666667,1,2370.0,940.7,20856,19920,27.279375,258.98,199.5847,4.5,111,Neutral
2021-06-01,c4,kalutara,1,2362.5,2388.08,1,3555.0,940.7,14088,14940,26.799375000000005,132.15700000000004,199.8161,5.2,111,Neutral
2021-07-01,c4,kalutara,1,2460.0,2440.3025,1,3555.0,752.6,13152,14940,26.590625,138.03850000000003,199.9778,5.7,111,Neutral
2021-08-01,c4,kalutara,1,2460.0,2476.19,1,2370.0,2822.2,17196,14940,26.2875,132.23650000000004,200.4965,6.0,111,Neutral
2021-09-01,c4,kalutara,1,2460.0,2476.19,1,1185.0,2822.2,21708,19920,26.593750000000004,170.17950000000002,201.9858,5.7,111,Neutral
2021-10-01,c4,kalutara,1,2465.0,2406.3175,1,2370.0,2822.2,27156,24900,26.34625,341.85200000000003,201.0899,7.6,111,Neutral
2021-11-01,c4,kalutara,1,2470.0,2483.172,1,3555.0,1693.3,24900,29880,25.869375,470.629,201.8582,9.9,111,Neutral
2021-12-01,c4,kalutara,1,2470.0,2455.965,1,3555.0,1505.2,21708,39840,25.6075,141.56449999999998,201.399,12.1,121,Neutral
2022-01-01,c4,kalutara,1,2550.0,2475.4974999999995,0,0.0,1280.9,19275,11175,25.470625,122.19749999999996,201.4647,14.2,121,Neutral
2022-02-01,c4,kalutara,1,2470.0,2517.0,0,0.0,1280.9,15855,15645,25.4025,163.791,201.7362,15.1,176,Neutral
2022-03-01,c4,kalutara,1,2666.6666666666665,2941.236666666666,0,0.0,1097.9,23955,17880,26.5825,89.29799999999999,255.8081,18.7,176,Neutral
2022-04-01,c4,kalutara,1,2899.0,3453.486666666666,1,1188.0,731.9,20115,17880,27.1175,306.01150000000007,319.4404,29.8,289,Neutral
2022-05-01,c4,kalutara,1,3168.0,3729.43,1,2376.0,914.9,18720,17880,27.130625,193.646,358.939,39.1,289,Neutral
2022-06-01,c4,kalutara,1,3547.5,3808.0625,1,3564.0,914.9,12646,13410,26.5225,86.711,360.2428,54.6,430,Neutral
2022-07-01,c4,kalutara,1,3820.0,3673.6725,1,3564.0,731.9,11805,13410,26.33,122.364,360.8724,60.8,430,Neutral
2022-08-01,c4,kalutara,1,3972.0,3627.944,1,2376.0,2744.7,15435,13410,25.99375,169.767,360.9983,64.3,430,Neutral
2022-09-01,c4,kalutara,1,3485.0,3417.9275,1,1188.0,2744.7,19485,17880,26.27,74.46399999999998,362.3826,69.8,415,Neutral
2022-10-01,c4,kalutara,1,3190.0,3409.6800000000003,1,2376.0,2744.7,24375,22350,26.19625,295.946,363.1484,66.0,430,Neutral
2022-11-01,c4,kalutara,1,3300.0,3487.3720000000003,1,3564.0,1646.8,22350,26820,25.59125000000001,289.1615,363.394,61.0,420,Neutral
2022-12-01,c4,kalutara,1,3370.0,3392.39,1,3564.0,1463.9,19484,35760,25.180625,289.313,363.1652,57.2,420,Neutral
2023-01-01,c4,kalutara,1,3370.0,3440.256,0,0.0,1377.4,20560,11920,24.488750000000007,122.862,362.4228,51.7,405,Neutral
2023-02-01,c4,kalutara,1,3370.0,3484.9225,0,0.0,1377.4,16912,16688,25.101875,158.296,361.9766,50.6,405,Neutral
2023-03-01,c4,kalutara,1,3267.5,3031.7525,0,0.0,1180.6,25552,19072,26.566875,113.27299999999998,329.4709,50.3,325,Neutral
2023-04-01,c4,kalutara,1,3077.6666666666665,3147.7700000000004,1,1120.5,787.1,21456,19072,27.605000000000004,161.4275,321.4244,35.3,310,Neutral
2023-05-01,c4,kalutara,1,3187.0,3214.894,1,2241.0,983.9,19969,19072,27.3725,198.883,310.1639,25.2,310,Neutral
2023-06-01,c4,kalutara,1,3013.75,2997.3900000000003,1,3361.5,983.9,13489,14304,27.287499999999994,101.3585,301.2612,12.0,308,Neutral
2023-07-01,c4,kalutara,1,2985.0,3046.8320000000003,1,3361.5,787.1,12592,14304,26.892499999999995,65.55649999999997,319.2903,6.3,306,Neutral
2023-08-01,c4,kalutara,1,2879.0,2885.0875000000005,1,2241.0,2951.6,16464,14304,27.4525,70.13050000000001,321.5764,4.0,341,Neutral
2023-09-01,c4,kalutara,1,2984.0,2948.8775000000005,1,1120.5,2951.6,20784,19072,26.727500000000003,328.41850000000005,322.7693,1.3,351,Neutral
2023-10-01,c4,kalutara,1,2980.0,2945.3520000000003,1,2241.0,2951.6,26000,23840,26.228125,585.5705,324.7303,1.5,356,Neutral
2023-11-01,c4,kalutara,1,2980.0,2878.5325000000003,1,3361.5,1770.9,23840,28608,26.368125,447.1740000000001,328.25,3.4,329,Neutral
2023-12-01,c4,kalutara,1,2590.0,2920.0225,1,3361.5,1574.2,20785,38147,26.25625,472.0125,326.7423,4.0,358,Neutral
2024-01-01,c4,kalutara,1,2695.0,2994.002,0,0.0,1330.0,21388,12400,25.613125,283.5445,321.1706,6.4,363,Neutral
2024-02-01,c4,kalutara,1,2695.0,3001.66,0,0.0,1330.0,17593,17360,26.340000000000003,29.858500000000003,312.5801,5.9,363,Neutral
2024-03-01,c4,kalutara,1,2892.5,3068.19,0,0.0,1140.0,26581,19840,27.113125,41.225,305.665,0.9,363,Neutral
2024-04-01,c4,kalutara,1,3090.0,3110.7760000000003,1,1120.0,760.0,22320,19840,28.68625,101.2695,299.4232,1.5,333,Neutral
2024-05-01,c4,kalutara,1,3090.0,3173.33,1,2240.0,950.0,20772,19840,28.328125000000004,226.944,299.6923,0.9,317,Neutral
2024-06-01,c4,kalutara,1,3090.0,3163.8725000000004,1,3360.0,950.0,14032,14880,27.524374999999992,82.85149999999999,303.8121,1.7,317,Neutral
2024-07-01,c4,kalutara,1,3090.0,3180.7225,1,3360.0,760.0,13099,14880,27.48125,67.39349999999999,303.7559,2.4,317,Neutral
2024-08-01,c4,kalutara,1,3090.0,3238.74,1,2240.0,2850.0,17127,14880,27.2175,137.24199999999996,300.6683,0.5,307,Neutral
2024-09-01,c4,kalutara,1,3180.0,3380.0325000000003,1,1120.0,2850.0,21621,19840,27.541875,69.441,301.1505,-0.5,283,Neutral
2024-10-01,c4,kalutara,1,3180.0,3462.6575000000003,1,2240.0,2850.0,27047,24800,26.887500000000003,196.62100000000004,293.7851,-0.8,283,Neutral
2024-11-01,c4,kalutara,1,3412.5,3554.8475,1,3360.0,1710.0,24800,29760,26.468125,381.7135,292.0092,-2.1,286,Neutral
2024-12-01,c4,kalutara,1,3490.0,3636.0520000000006,1,3360.0,1520.0,21620,39680,26.13437500000001,170.53300000000002,291.6805,-1.7,286,Neutral
2025-01-01,c4,kalutara,1,3490.0,3656.1075,0,0.0,0.0,21820,27000,25.2225,274.39300000000003,296.1796,-4.0,286,Neutral
2025-02-01,c4,kalutara,1,3490.0,3666.0375,0,0.0,0.0,25314,24000,25.713125,86.076,296.8034,-4.2,286,Neutral
2025-03-01,c4,kalutara,1,3490.0,3681.44,0,0.0,0.0,22329,19000,26.675625000000007,229.66600000000005,295.909,-2.6,286,Neutral
2025-04-01,c4,kalutara,1,3490.0,3723.8,1,0.0,0.0,5582,18000,27.221875,272.281,298.5312,-2.0,274,Neutral
2025-05-01,c4,kalutara,1,3415.0,3663.415,1,0.0,0.0,5582,15000,27.324375,191.717,299.4142,-0.7,274,Neutral
2025-06-01,c4,kalutara,1,3490.0,3608.4175,1,0.0,0.0,20560,15000,26.9,170.3,301.12,-0.6,305,Neutral
2025-07-01,c4,kalutara,1,3490.0,3622.666,1,0.0,0.0,35106,15000,27.0,148.3,301.12,-0.3,305,Neutral
2025-08-01,c4,kalutara,1,3490.0,3638.3875,1,0.0,0.0,39860,15000,26.8,135.0,301.12,1.2,299,Neutral
2025-09-01,c4,kalutara,1,3490.0,3638.67,1,0.0,0.0,31328,20000,26.7,213.3,302.0368,2.4,299,Neutral
2025-10-01,c4,kalutara,1,3563.75,3638.67,1,0.0,0.0,27000,22000,26.25,249.8,7.03,2.4,286,Neutral
2025-11-01,c4,kalutara,1,3786.25,3786.25,1,0.0,0.0,27000,25000,25.6,465.5,7.03,2.4,286,Neutral
2025-12-01,c4,kalutara,1,3980.0,3980.0,1,0.0,0.0,27000,28000,25.4,148.5,7.03,2.4,286,Neutral
2026-01-01,c4,kalutara,1,4137.5,4190.0,0,0.0,1300.0,15000,14000,25.28,62.5,7.03,2.4,279,Neutral
2026-02-01,c4,kalutara,1,4190.0,3638.67,0,0.0,1300.0,16000,14800,25.43,36.0,7.03,2.4,277,Neutral
2020-01-01,c5,kalutara,1,1983.0,2091.6975,0,0.0,1310.5,19156,11106,25.560625,57.7385,181.4036,5.7,104,Neutral
2020-02-01,c5,kalutara,1,2074.75,2235.8575,0,0.0,1310.5,15757,15549,25.815625,28.699000000000005,181.5628,6.2,104,Neutral
2020-03-01,c5,kalutara,1,2165.5,2325.1400000000003,0,0.0,1123.3,23807,17770,27.176875000000003,29.896,185.0567,5.4,104,Neutral
2020-04-01,c5,kalutara,1,2165.5,2162.625,1,1145.0,748.9,19991,17770,28.133125000000003,129.9175,193.0854,5.2,104,Neutral
2020-05-01,c5,kalutara,1,2166.33,2209.4375,1,2290.0,936.1,18605,17770,27.856250000000003,239.16,187.865,4.0,104,Neutral
2020-06-01,c5,kalutara,1,2164.6,2297.656,1,3435.0,936.1,12568,13327,27.2925,107.60849999999998,185.9545,3.9,104,Neutral
2020-07-01,c5,kalutara,1,2235.0,2268.3575,1,3435.0,748.9,11732,13327,26.540625,118.602,185.8487,4.2,104,Neutral
2020-08-01,c5,kalutara,1,2273.4,2272.194,1,2290.0,2808.3,15340,13327,26.786875,85.95949999999999,184.8939,4.1,104,Neutral
2020-09-01,c5,kalutara,1,2295.0,2263.9300000000003,1,1145.0,2808.3,19365,17770,26.410625,198.4555,185.0317,4.0,104,Neutral
2020-10-01,c5,kalutara,1,2284.0,2309.0925,1,2290.0,2808.3,24225,22212,26.730625,90.7945,184.4379,4.0,104,Neutral
2020-11-01,c5,kalutara,1,2285.0,2325.525,1,3435.0,1685.0,22212,26655,26.305625000000003,308.663,184.7882,4.1,104,Neutral
2020-12-01,c5,kalutara,1,2368.0,2349.288,1,3435.0,1497.7,19364,35539,25.624375,301.8475,187.1822,4.2,104,Neutral
2021-01-01,c5,kalutara,1,2414.0,2325.4300000000003,0,0.0,1317.0,21474,12450,25.203125,261.9235,190.4918,3.0,104,Neutral
2021-02-01,c5,kalutara,1,2484.0,2368.2875000000004,0,0.0,1317.0,17664,17430,25.576875000000005,57.901,194.0665,3.3,104,Neutral
2021-03-01,c5,kalutara,1,2480.0,2414.456,0,0.0,1128.9,26688,19920,26.118125,146.487,196.9825,4.1,104,Neutral
2021-04-01,c5,kalutara,1,2480.0,2445.6200000000003,1,1185.0,752.6,22410,19920,27.244375,130.3815,197.423,3.9,104,Neutral
2021-05-01,c5,kalutara,1,2470.0,2458.39,1,2370.0,940.7,20856,19920,27.279375,258.98,199.5847,4.5,111,Neutral
2021-06-01,c5,kalutara,1,2533.5,2550.0,1,3555.0,940.7,14088,14940,26.799375000000005,132.15700000000004,199.8161,5.2,111,Neutral
2021-07-01,c5,kalutara,1,2592.25,2587.9525,1,3555.0,752.6,13152,14940,26.590625,138.03850000000003,199.9778,5.7,111,Neutral
2021-08-01,c5,kalutara,1,2595.0,2615.523333333333,1,2370.0,2822.2,17196,14940,26.2875,132.23650000000004,200.4965,6.0,111,Neutral
2021-09-01,c5,kalutara,1,2595.0,2615.523333333333,1,1185.0,2822.2,21708,19920,26.593750000000004,170.17950000000002,201.9858,5.7,111,Neutral
2021-10-01,c5,kalutara,1,2595.0,2588.9975,1,2370.0,2822.2,27156,24900,26.34625,341.85200000000003,201.0899,7.6,111,Neutral
2021-11-01,c5,kalutara,1,2595.0,2644.142,1,3555.0,1693.3,24900,29880,25.869375,470.629,201.8582,9.9,111,Neutral
2021-12-01,c5,kalutara,1,2592.5,2618.7125,1,3555.0,1505.2,21708,39840,25.6075,141.56449999999998,201.399,12.1,121,Neutral
2022-01-01,c5,kalutara,1,2665.0,2624.32,0,0.0,1280.9,19275,11175,25.470625,122.19749999999996,201.4647,14.2,121,Neutral
2022-02-01,c5,kalutara,1,2590.0,2683.17,0,0.0,1280.9,15855,15645,25.4025,163.791,201.7362,15.1,176,Neutral
2022-03-01,c5,kalutara,1,2770.0,3178.7233333333334,0,0.0,1097.9,23955,17880,26.5825,89.29799999999999,255.8081,18.7,176,Neutral
2022-04-01,c5,kalutara,1,3041.0,3718.9233333333336,1,1188.0,731.9,20115,17880,27.1175,306.01150000000007,319.4404,29.8,289,Neutral
2022-05-01,c5,kalutara,1,3385.0,3985.8925,1,2376.0,914.9,18720,17880,27.130625,193.646,358.939,39.1,289,Neutral
2022-06-01,c5,kalutara,1,3743.75,4086.150000000001,1,3564.0,914.9,12646,13410,26.5225,86.711,360.2428,54.6,430,Neutral
2022-07-01,c5,kalutara,1,4090.0,4011.5475,1,3564.0,731.9,11805,13410,26.33,122.364,360.8724,60.8,430,Neutral
2022-08-01,c5,kalutara,1,4290.0,3950.228,1,2376.0,2744.7,15435,13410,25.99375,169.767,360.9983,64.3,430,Neutral
2022-09-01,c5,kalutara,1,3628.75,3659.1175,1,1188.0,2744.7,19485,17880,26.27,74.46399999999998,362.3826,69.8,415,Neutral
2022-10-01,c5,kalutara,1,3250.0,3718.3975,1,2376.0,2744.7,24375,22350,26.19625,295.946,363.1484,66.0,430,Neutral
2022-11-01,c5,kalutara,1,3396.0,3771.056,1,3564.0,1646.8,22350,26820,25.59125000000001,289.1615,363.394,61.0,420,Neutral
2022-12-01,c5,kalutara,1,3465.0,3693.5725,1,3564.0,1463.9,19484,35760,25.180625,289.313,363.1652,57.2,420,Neutral
2023-01-01,c5,kalutara,1,3465.0,3792.228,0,0.0,1377.4,20560,11920,24.488750000000007,122.862,362.4228,51.7,405,Neutral
2023-02-01,c5,kalutara,1,3467.5,3800.22,0,0.0,1377.4,16912,16688,25.101875,158.296,361.9766,50.6,405,Neutral
2023-03-01,c5,kalutara,1,3460.0,3412.5675,0,0.0,1180.6,25552,19072,26.566875,113.27299999999998,329.4709,50.3,325,Neutral
2023-04-01,c5,kalutara,1,3658.3333333333335,3608.103333333333,1,1120.5,787.1,21456,19072,27.605000000000004,161.4275,321.4244,35.3,310,Neutral
2023-05-01,c5,kalutara,1,3810.0,3538.882,1,2241.0,983.9,19969,19072,27.3725,198.883,310.1639,25.2,310,Neutral
2023-06-01,c5,kalutara,1,3390.0,3322.8475,1,3361.5,983.9,13489,14304,27.287499999999994,101.3585,301.2612,12.0,308,Neutral
2023-07-01,c5,kalutara,1,3390.0,3377.952,1,3361.5,787.1,12592,14304,26.892499999999995,65.55649999999997,319.2903,6.3,306,Neutral
2023-08-01,c5,kalutara,1,3304.75,3230.94,1,2241.0,2951.6,16464,14304,27.4525,70.13050000000001,321.5764,4.0,341,Neutral
2023-09-01,c5,kalutara,1,3231.0,3237.5650000000005,1,1120.5,2951.6,20784,19072,26.727500000000003,328.41850000000005,322.7693,1.3,351,Neutral
2023-10-01,c5,kalutara,1,3295.0,3262.976,1,2241.0,2951.6,26000,23840,26.228125,585.5705,324.7303,1.5,356,Neutral
2023-11-01,c5,kalutara,1,3162.5,3142.205,1,3361.5,1770.9,23840,28608,26.368125,447.1740000000001,328.25,3.4,329,Neutral
2023-12-01,c5,kalutara,1,2970.0,3200.8375000000005,1,3361.5,1574.2,20785,38147,26.25625,472.0125,326.7423,4.0,358,Neutral
2024-01-01,c5,kalutara,1,2970.0,3300.952,0,0.0,1330.0,21388,12400,25.613125,283.5445,321.1706,6.4,363,Neutral
2024-02-01,c5,kalutara,1,2970.0,3279.63,0,0.0,1330.0,17593,17360,26.340000000000003,29.858500000000003,312.5801,5.9,363,Neutral
2024-03-01,c5,kalutara,1,3225.0,3361.5975,0,0.0,1140.0,26581,19840,27.113125,41.225,305.665,0.9,363,Neutral
2024-04-01,c5,kalutara,1,3470.0,3391.1100000000006,1,1120.0,760.0,22320,19840,28.68625,101.2695,299.4232,1.5,333,Neutral
2024-05-01,c5,kalutara,1,3470.0,3502.105,1,2240.0,950.0,20772,19840,28.328125000000004,226.944,299.6923,0.9,317,Neutral
2024-06-01,c5,kalutara,1,3470.0,3491.9925,1,3360.0,950.0,14032,14880,27.524374999999992,82.85149999999999,303.8121,1.7,317,Neutral
2024-07-01,c5,kalutara,1,3200.0,3375.5600000000004,1,3360.0,760.0,13099,14880,27.48125,67.39349999999999,303.7559,2.4,317,Neutral
2024-08-01,c5,kalutara,1,3200.0,3433.1925,1,2240.0,2850.0,17127,14880,27.2175,137.24199999999996,300.6683,0.5,307,Neutral
2024-09-01,c5,kalutara,1,3385.0,3574.0025,1,1120.0,2850.0,21621,19840,27.541875,69.441,301.1505,-0.5,283,Neutral
2024-10-01,c5,kalutara,1,3385.0,3622.975,1,2240.0,2850.0,27047,24800,26.887500000000003,196.62100000000004,293.7851,-0.8,283,Neutral
2024-11-01,c5,kalutara,1,3617.5,3714.345,1,3360.0,1710.0,24800,29760,26.468125,381.7135,292.0092,-2.1,286,Neutral
2024-12-01,c5,kalutara,1,3695.0,3801.338,1,3360.0,1520.0,21620,39680,26.13437500000001,170.53300000000002,291.6805,-1.7,286,Neutral
2025-01-01,c5,kalutara,1,3695.0,3804.8475,0,0.0,0.0,21820,27000,25.2225,274.39300000000003,296.1796,-4.0,286,Neutral
2025-02-01,c5,kalutara,1,3695.0,3809.4075,0,0.0,0.0,25314,24000,25.713125,86.076,296.8034,-4.2,286,Neutral
2025-03-01,c5,kalutara,1,3695.0,3785.16,0,0.0,0.0,22329,19000,26.675625000000007,229.66600000000005,295.909,-2.6,286,Neutral
2025-04-01,c5,kalutara,1,3695.0,3857.785,1,0.0,0.0,5582,18000,27.221875,272.281,298.5312,-2.0,274,Neutral
2025-05-01,c5,kalutara,1,3695.0,3795.502500000001,1,0.0,0.0,5582,15000,27.324375,191.717,299.4142,-0.7,274,Neutral
2025-06-01,c5,kalutara,1,3695.0,3766.565,1,0.0,0.0,20560,15000,26.9,170.3,301.12,-0.6,305,Neutral
2025-07-01,c5,kalutara,1,3695.0,3761.8020000000006,1,0.0,0.0,35106,15000,27.0,148.3,301.12,-0.3,305,Neutral
2025-08-01,c5,kalutara,1,3695.0,3801.6575,1,0.0,0.0,39860,15000,26.8,135.0,301.12,1.2,299,Neutral
2025-09-01,c5,kalutara,1,3695.0,3817.505,1,0.0,0.0,31328,20000,26.7,213.3,302.0368,2.4,299,Neutral
2025-10-01,c5,kalutara,1,3773.75,3817.505,1,0.0,0.0,27000,22000,26.25,249.8,7.03,2.4,286,Neutral
2025-11-01,c5,kalutara,1,3998.75,3998.75,1,0.0,0.0,27000,25000,25.6,465.5,7.03,2.4,286,Neutral
2025-12-01,c5,kalutara,1,4295.0,4295.0,1,0.0,0.0,27000,28000,25.4,148.5,7.03,2.4,286,Neutral
2026-01-01,c5,kalutara,1,4362.5,4385.0,0,0.0,1300.0,15000,14000,25.28,62.5,7.03,2.4,279,Neutral
2026-02-01,c5,kalutara,1,4385.0,3817.505,0,0.0,1300.0,16000,14800,25.43,36.0,7.03,2.4,277,Neutral
2020-01-01,c5sp,kalutara,1,2166.75,2342.3875,0,0.0,1310.5,19156,11106,25.560625,57.7385,181.4036,5.7,104,Neutral
2020-02-01,c5sp,kalutara,1,2322.75,2505.65,0,0.0,1310.5,15757,15549,25.815625,28.699000000000005,181.5628,6.2,104,Neutral
2020-03-01,c5sp,kalutara,1,2481.5,2613.8,0,0.0,1123.3,23807,17770,27.176875000000003,29.896,185.0567,5.4,104,Neutral
2020-04-01,c5sp,kalutara,1,2481.5,2413.835,1,1145.0,748.9,19991,17770,28.133125000000003,129.9175,193.0854,5.2,104,Neutral
2020-05-01,c5sp,kalutara,1,2480.0,2439.6875,1,2290.0,936.1,18605,17770,27.856250000000003,239.16,187.865,4.0,104,Neutral
2020-06-01,c5sp,kalutara,1,2451.6,2517.56,1,3435.0,936.1,12568,13327,27.2925,107.60849999999998,185.9545,3.9,104,Neutral
2020-07-01,c5sp,kalutara,1,2445.75,2524.9,1,3435.0,748.9,11732,13327,26.540625,118.602,185.8487,4.2,104,Neutral
2020-08-01,c5sp,kalutara,1,2477.6,2484.84,1,2290.0,2808.3,15340,13327,26.786875,85.95949999999999,184.8939,4.1,104,Neutral
2020-09-01,c5sp,kalutara,1,2480.0,2435.95,1,1145.0,2808.3,19365,17770,26.410625,198.4555,185.0317,4.0,104,Neutral
2020-10-01,c5sp,kalutara,1,2490.0,2513.75,1,2290.0,2808.3,24225,22212,26.730625,90.7945,184.4379,4.0,104,Neutral
2020-11-01,c5sp,kalutara,1,2450.0,2501.355,1,3435.0,1685.0,22212,26655,26.305625000000003,308.663,184.7882,4.1,104,Neutral
2020-12-01,c5sp,kalutara,1,2575.0,2537.79,1,3435.0,1497.7,19364,35539,25.624375,301.8475,187.1822,4.2,104,Neutral
2021-01-01,c5sp,kalutara,1,2585.0,2536.75,0,0.0,1317.0,21474,12450,25.203125,261.9235,190.4918,3.0,104,Neutral
2021-02-01,c5sp,kalutara,1,2595.0,2571.1,0,0.0,1317.0,17664,17430,25.576875000000005,57.901,194.0665,3.3,104,Neutral
2021-03-01,c5sp,kalutara,1,2590.0,2606.7200000000003,0,0.0,1128.9,26688,19920,26.118125,146.487,196.9825,4.1,104,Neutral
2021-04-01,c5sp,kalutara,1,2590.0,2627.4,1,1185.0,752.6,22410,19920,27.244375,130.3815,197.423,3.9,104,Neutral
2021-05-01,c5sp,kalutara,1,2580.0,2629.6666666666665,1,2370.0,940.7,20856,19920,27.279375,258.98,199.5847,4.5,111,Neutral
2021-06-01,c5sp,kalutara,1,2672.5,2733.875,1,3555.0,940.7,14088,14940,26.799375000000005,132.15700000000004,199.8161,5.2,111,Neutral
2021-07-01,c5sp,kalutara,1,2762.5,2792.6125,1,3555.0,752.6,13152,14940,26.590625,138.03850000000003,199.9778,5.7,111,Neutral
2021-08-01,c5sp,kalutara,1,2760.0,2814.816666666667,1,2370.0,2822.2,17196,14940,26.2875,132.23650000000004,200.4965,6.0,111,Neutral
2021-09-01,c5sp,kalutara,1,2760.0,2814.816666666667,1,1185.0,2822.2,21708,19920,26.593750000000004,170.17950000000002,201.9858,5.7,111,Neutral
2021-10-01,c5sp,kalutara,1,2760.0,2854.4175,1,2370.0,2822.2,27156,24900,26.34625,341.85200000000003,201.0899,7.6,111,Neutral
2021-11-01,c5sp,kalutara,1,2720.0,2884.0800000000004,1,3555.0,1693.3,24900,29880,25.869375,470.629,201.8582,9.9,111,Neutral
2021-12-01,c5sp,kalutara,1,2765.0,2871.3,1,3555.0,1505.2,21708,39840,25.6075,141.56449999999998,201.399,12.1,121,Neutral
2022-01-01,c5sp,kalutara,1,2865.0,2933.2000000000003,0,0.0,1280.9,19275,11175,25.470625,122.19749999999996,201.4647,14.2,121,Neutral
2022-02-01,c5sp,kalutara,1,2766.0,2974.24,0,0.0,1280.9,15855,15645,25.4025,163.791,201.7362,15.1,176,Neutral
2022-03-01,c5sp,kalutara,1,3035.0,3430.2666666666664,0,0.0,1097.9,23955,17880,26.5825,89.29799999999999,255.8081,18.7,176,Neutral
2022-04-01,c5sp,kalutara,1,3305.0,4027.216666666666,1,1188.0,731.9,20115,17880,27.1175,306.01150000000007,319.4404,29.8,289,Neutral
2022-05-01,c5sp,kalutara,1,3570.0,4336.85,1,2376.0,914.9,18720,17880,27.130625,193.646,358.939,39.1,289,Neutral
2022-06-01,c5sp,kalutara,1,3860.0,4520.7375,1,3564.0,914.9,12646,13410,26.5225,86.711,360.2428,54.6,430,Neutral
2022-07-01,c5sp,kalutara,1,4230.0,4599.9375,1,3564.0,731.9,11805,13410,26.33,122.364,360.8724,60.8,430,Neutral
2022-08-01,c5sp,kalutara,1,4485.0,4578.360000000001,1,2376.0,2744.7,15435,13410,25.99375,169.767,360.9983,64.3,430,Neutral
2022-09-01,c5sp,kalutara,1,4190.0,4358.1,1,1188.0,2744.7,19485,17880,26.27,74.46399999999998,362.3826,69.8,415,Neutral
2022-10-01,c5sp,kalutara,1,4065.0,4476.65,1,2376.0,2744.7,24375,22350,26.19625,295.946,363.1484,66.0,430,Neutral
2022-11-01,c5sp,kalutara,1,4080.0,4499.52,1,3564.0,1646.8,22350,26820,25.59125000000001,289.1615,363.394,61.0,420,Neutral
2022-12-01,c5sp,kalutara,1,4080.0,4475.75,1,3564.0,1463.9,19484,35760,25.180625,289.313,363.1652,57.2,420,Neutral
2023-01-01,c5sp,kalutara,1,4080.0,4722.6,0,0.0,1377.4,20560,11920,24.488750000000007,122.862,362.4228,51.7,405,Neutral
2023-02-01,c5sp,kalutara,1,4080.0,4581.45,0,0.0,1377.4,16912,16688,25.101875,158.296,361.9766,50.6,405,Neutral
2023-03-01,c5sp,kalutara,1,3998.75,4079.7,0,0.0,1180.6,25552,19072,26.566875,113.27299999999998,329.4709,50.3,325,Neutral
2023-04-01,c5sp,kalutara,1,3500.0,4165.233333333334,1,1120.5,787.1,21456,19072,27.605000000000004,161.4275,321.4244,35.3,310,Neutral
2023-05-01,c5sp,kalutara,1,4465.0,4267.84,1,2241.0,983.9,19969,19072,27.3725,198.883,310.1639,25.2,310,Neutral
2023-06-01,c5sp,kalutara,1,4385.0,4070.5,1,3361.5,983.9,13489,14304,27.287499999999994,101.3585,301.2612,12.0,308,Neutral
2023-07-01,c5sp,kalutara,1,4395.0,3957.32,1,3361.5,787.1,12592,14304,26.892499999999995,65.55649999999997,319.2903,6.3,306,Neutral
2023-08-01,c5sp,kalutara,1,3680.5,3572.7000000000003,1,2241.0,2951.6,16464,14304,27.4525,70.13050000000001,321.5764,4.0,341,Neutral
2023-09-01,c5sp,kalutara,1,3942.5,3760.75,1,1120.5,2951.6,20784,19072,26.727500000000003,328.41850000000005,322.7693,1.3,351,Neutral
2023-10-01,c5sp,kalutara,1,4395.0,3869.2,1,2241.0,2951.6,26000,23840,26.228125,585.5705,324.7303,1.5,356,Neutral
2023-11-01,c5sp,kalutara,1,4395.0,3829.75,1,3361.5,1770.9,23840,28608,26.368125,447.1740000000001,328.25,3.4,329,Neutral
2023-12-01,c5sp,kalutara,1,4395.0,3843.15,1,3361.5,1574.2,20785,38147,26.25625,472.0125,326.7423,4.0,358,Neutral
2024-01-01,c5sp,kalutara,1,3590.0,3752.64,0,0.0,1330.0,21388,12400,25.613125,283.5445,321.1706,6.4,363,Neutral
2024-02-01,c5sp,kalutara,1,3590.0,3698.45,0,0.0,1330.0,17593,17360,26.340000000000003,29.858500000000003,312.5801,5.9,363,Neutral
2024-03-01,c5sp,kalutara,1,3687.5,3825.375,0,0.0,1140.0,26581,19840,27.113125,41.225,305.665,0.9,363,Neutral
2024-04-01,c5sp,kalutara,1,3785.0,3791.38,1,1120.0,760.0,22320,19840,28.68625,101.2695,299.4232,1.5,333,Neutral
2024-05-01,c5sp,kalutara,1,3785.0,3801.725,1,2240.0,950.0,20772,19840,28.328125000000004,226.944,299.6923,0.9,317,Neutral
2024-06-01,c5sp,kalutara,1,3790.0,3780.3,1,3360.0,950.0,14032,14880,27.524374999999992,82.85149999999999,303.8121,1.7,317,Neutral
2024-07-01,c5sp,kalutara,1,3470.0,3572.3375,1,3360.0,760.0,13099,14880,27.48125,67.39349999999999,303.7559,2.4,317,Neutral
2024-08-01,c5sp,kalutara,1,3470.0,3625.65,1,2240.0,2850.0,17127,14880,27.2175,137.24199999999996,300.6683,0.5,307,Neutral
2024-09-01,c5sp,kalutara,1,3565.0,3768.05,1,1120.0,2850.0,21621,19840,27.541875,69.441,301.1505,-0.5,283,Neutral
2024-10-01,c5sp,kalutara,1,3565.0,3787.85,1,2240.0,2850.0,27047,24800,26.887500000000003,196.62100000000004,293.7851,-0.8,283,Neutral
2024-11-01,c5sp,kalutara,1,3941.25,3949.05,1,3360.0,1710.0,24800,29760,26.468125,381.7135,292.0092,-2.1,286,Neutral
2024-12-01,c5sp,kalutara,1,4065.0,3998.96,1,3360.0,1520.0,21620,39680,26.13437500000001,170.53300000000002,291.6805,-1.7,286,Neutral
2025-01-01,c5sp,kalutara,1,4065.0,4027.55,0,0.0,0.0,21820,27000,25.2225,274.39300000000003,296.1796,-4.0,286,Neutral
2025-02-01,c5sp,kalutara,1,4065.0,3989.05,0,0.0,0.0,25314,24000,25.713125,86.076,296.8034,-4.2,286,Neutral
2025-03-01,c5sp,kalutara,1,4070.0,4045.65,0,0.0,0.0,22329,19000,26.675625000000007,229.66600000000005,295.909,-2.6,286,Neutral
2025-04-01,c5sp,kalutara,1,4070.0,4094.4625,1,0.0,0.0,5582,18000,27.221875,272.281,298.5312,-2.0,274,Neutral
2025-05-01,c5sp,kalutara,1,4070.0,4083.15,1,0.0,0.0,5582,15000,27.324375,191.717,299.4142,-0.7,274,Neutral
2025-06-01,c5sp,kalutara,1,4070.0,4012.3,1,0.0,0.0,20560,15000,26.9,170.3,301.12,-0.6,305,Neutral
2025-07-01,c5sp,kalutara,1,4070.0,4008.36,1,0.0,0.0,35106,15000,27.0,148.3,301.12,-0.3,305,Neutral
2025-08-01,c5sp,kalutara,1,4070.0,4084.85,1,0.0,0.0,39860,15000,26.8,135.0,301.12,1.2,299,Neutral
2025-09-01,c5sp,kalutara,1,4070.0,4062.0,1,0.0,0.0,31328,20000,26.7,213.3,302.0368,2.4,299,Neutral
2025-10-01,c5sp,kalutara,1,4263.75,4062.0,1,0.0,0.0,27000,22000,26.25,249.8,7.03,2.4,286,Neutral
2025-11-01,c5sp,kalutara,1,4331.25,4331.25,1,0.0,0.0,27000,25000,25.6,465.5,7.03,2.4,286,Neutral
2025-12-01,c5sp,kalutara,1,4510.0,4510.0,1,0.0,0.0,27000,28000,25.4,148.5,7.03,2.4,286,Neutral
2026-01-01,c5sp,kalutara,1,4555.0,4580.0,0,0.0,1300.0,15000,14000,25.28,62.5,7.03,2.4,279,Neutral
2026-02-01,c5sp,kalutara,1,4580.0,4062.0,0,0.0,1300.0,16000,14800,25.43,36.0,7.03,2.4,277,Neutral
2020-01-01,h1,kalutara,1,1368.75,1597.6925,0,0.0,1310.5,19156,11106,25.560625,57.7385,181.4036,5.7,104,Neutral
2020-02-01,h1,kalutara,1,1474.25,1745.71,0,0.0,1310.5,15757,15549,25.815625,28.699000000000005,181.5628,6.2,104,Neutral
2020-03-01,h1,kalutara,1,1579.5,1869.5,0,0.0,1123.3,23807,17770,27.176875000000003,29.896,185.0567,5.4,104,Neutral
2020-04-01,h1,kalutara,1,1579.5,1721.875,1,1145.0,748.9,19991,17770,28.133125000000003,129.9175,193.0854,5.2,104,Neutral
2020-05-01,h1,kalutara,1,1468.6666666666667,1779.0125,1,2290.0,936.1,18605,17770,27.856250000000003,239.16,187.865,4.0,104,Neutral
2020-06-01,h1,kalutara,1,1495.8,1904.232,1,3435.0,936.1,12568,13327,27.2925,107.60849999999998,185.9545,3.9,104,Neutral
2020-07-01,h1,kalutara,1,1537.0,1972.375,1,3435.0,748.9,11732,13327,26.540625,118.602,185.8487,4.2,104,Neutral
2020-08-01,h1,kalutara,1,1610.2,1965.6,1,2290.0,2808.3,15340,13327,26.786875,85.95949999999999,184.8939,4.1,104,Neutral
2020-09-01,h1,kalutara,1,1665.0,1999.5425,1,1145.0,2808.3,19365,17770,26.410625,198.4555,185.0317,4.0,104,Neutral
2020-10-01,h1,kalutara,1,1665.0,1983.0425,1,2290.0,2808.3,24225,22212,26.730625,90.7945,184.4379,4.0,104,Neutral
2020-11-01,h1,kalutara,1,1778.3333333333333,2024.8125,1,3435.0,1685.0,22212,26655,26.305625000000003,308.663,184.7882,4.1,104,Neutral
2020-12-01,h1,kalutara,1,1887.0,2023.666,1,3435.0,1497.7,19364,35539,25.624375,301.8475,187.1822,4.2,104,Neutral
2021-01-01,h1,kalutara,1,1885.0,1978.825,0,0.0,1317.0,21474,12450,25.203125,261.9235,190.4918,3.0,104,Neutral
2021-02-01,h1,kalutara,1,1885.0,2031.4175,0,0.0,1317.0,17664,17430,25.576875000000005,57.901,194.0665,3.3,104,Neutral
2021-03-01,h1,kalutara,1,1885.0,2059.84,0,0.0,1128.9,26688,19920,26.118125,146.487,196.9825,4.1,104,Neutral
2021-04-01,h1,kalutara,1,1885.0,2094.476666666667,1,1185.0,752.6,22410,19920,27.244375,130.3815,197.423,3.9,104,Neutral
2021-05-01,h1,kalutara,1,1891.67,2083.266666666667,1,2370.0,940.7,20856,19920,27.279375,258.98,199.5847,4.5,111,Neutral
2021-06-01,h1,kalutara,1,1902.5,2148.7,1,3555.0,940.7,14088,14940,26.799375000000005,132.15700000000004,199.8161,5.2,111,Neutral
2021-07-01,h1,kalutara,1,1920.0,2257.5,1,3555.0,752.6,13152,14940,26.590625,138.03850000000003,199.9778,5.7,111,Neutral
2021-08-01,h1,kalutara,1,1930.0,2182.1566666666663,1,2370.0,2822.2,17196,14940,26.2875,132.23650000000004,200.4965,6.0,111,Neutral
2021-09-01,h1,kalutara,1,1930.0,2182.1566666666663,1,1185.0,2822.2,21708,19920,26.593750000000004,170.17950000000002,201.9858,5.7,111,Neutral
2021-10-01,h1,kalutara,1,1925.0,2130.325,1,2370.0,2822.2,27156,24900,26.34625,341.85200000000003,201.0899,7.6,111,Neutral
2021-11-01,h1,kalutara,1,1930.0,2158.732,1,3555.0,1693.3,24900,29880,25.869375,470.629,201.8582,9.9,111,Neutral
2021-12-01,h1,kalutara,1,1945.0,2154.3325,1,3555.0,1505.2,21708,39840,25.6075,141.56449999999998,201.399,12.1,121,Neutral
2022-01-01,h1,kalutara,1,1950.0,2151.1675,0,0.0,1280.9,19275,11175,25.470625,122.19749999999996,201.4647,14.2,121,Neutral
2022-02-01,h1,kalutara,1,1950.0,2205.7940000000003,0,0.0,1280.9,15855,15645,25.4025,163.791,201.7362,15.1,176,Neutral
2022-03-01,h1,kalutara,1,1970.0,2599.5533333333333,0,0.0,1097.9,23955,17880,26.5825,89.29799999999999,255.8081,18.7,176,Neutral
2022-04-01,h1,kalutara,1,2303.333333333333,3103.1,1,1188.0,731.9,20115,17880,27.1175,306.01150000000007,319.4404,29.8,289,Neutral
2022-05-01,h1,kalutara,1,2477.5,3276.5725,1,2376.0,914.9,18720,17880,27.130625,193.646,358.939,39.1,289,Neutral
2022-06-01,h1,kalutara,1,2545.0,3508.5,1,3564.0,914.9,12646,13410,26.5225,86.711,360.2428,54.6,430,Neutral
2022-07-01,h1,kalutara,1,2915.0,3403.1425,1,3564.0,731.9,11805,13410,26.33,122.364,360.8724,60.8,430,Neutral
2022-08-01,h1,kalutara,1,3166.0,3340.7160000000003,1,2376.0,2744.7,15435,13410,25.99375,169.767,360.9983,64.3,430,Neutral
2022-09-01,h1,kalutara,1,2966.25,3091.465,1,1188.0,2744.7,19485,17880,26.27,74.46399999999998,362.3826,69.8,415,Neutral
2022-10-01,h1,kalutara,1,2900.0,3025.8575,1,2376.0,2744.7,24375,22350,26.19625,295.946,363.1484,66.0,430,Neutral
2022-11-01,h1,kalutara,1,2900.0,3025.3740000000007,1,3564.0,1646.8,22350,26820,25.59125000000001,289.1615,363.394,61.0,420,Neutral
2022-12-01,h1,kalutara,1,2900.0,2936.3925,1,3564.0,1463.9,19484,35760,25.180625,289.313,363.1652,57.2,420,Neutral
2023-01-01,h1,kalutara,1,2900.0,2957.03,0,0.0,1377.4,20560,11920,24.488750000000007,122.862,362.4228,51.7,405,Neutral
2023-02-01,h1,kalutara,1,2900.0,2997.3125,0,0.0,1377.4,16912,16688,25.101875,158.296,361.9766,50.6,405,Neutral
2023-03-01,h1,kalutara,1,2666.25,2602.13,0,0.0,1180.6,25552,19072,26.566875,113.27299999999998,329.4709,50.3,325,Neutral
2023-04-01,h1,kalutara,1,1950.0,2723.13,1,1120.5,787.1,21456,19072,27.605000000000004,161.4275,321.4244,35.3,310,Neutral
2023-05-01,h1,kalutara,1,1990.0,2756.0080000000003,1,2241.0,983.9,19969,19072,27.3725,198.883,310.1639,25.2,310,Neutral
2023-06-01,h1,kalutara,1,2225.0,2600.0975,1,3361.5,983.9,13489,14304,27.287499999999994,101.3585,301.2612,12.0,308,Neutral
2023-07-01,h1,kalutara,1,1975.0,2662.028,1,3361.5,787.1,12592,14304,26.892499999999995,65.55649999999997,319.2903,6.3,306,Neutral
2023-08-01,h1,kalutara,1,2319.25,2532.955,1,2241.0,2951.6,16464,14304,27.4525,70.13050000000001,321.5764,4.0,341,Neutral
2023-09-01,h1,kalutara,1,2227.5,2589.285,1,1120.5,2951.6,20784,19072,26.727500000000003,328.41850000000005,322.7693,1.3,351,Neutral
2023-10-01,h1,kalutara,1,2195.0,2562.152,1,2241.0,2951.6,26000,23840,26.228125,585.5705,324.7303,1.5,356,Neutral
2023-11-01,h1,kalutara,1,2195.0,2536.2425000000003,1,3361.5,1770.9,23840,28608,26.368125,447.1740000000001,328.25,3.4,329,Neutral
2023-12-01,h1,kalutara,1,2190.0,2645.41,1,3361.5,1574.2,20785,38147,26.25625,472.0125,326.7423,4.0,358,Neutral
2024-01-01,h1,kalutara,1,2190.0,2626.252,0,0.0,1330.0,21388,12400,25.613125,283.5445,321.1706,6.4,363,Neutral
2024-02-01,h1,kalutara,1,2190.0,2651.7225,0,0.0,1330.0,17593,17360,26.340000000000003,29.858500000000003,312.5801,5.9,363,Neutral
2024-03-01,h1,kalutara,1,2190.0,2651.1575000000003,0,0.0,1140.0,26581,19840,27.113125,41.225,305.665,0.9,363,Neutral
2024-04-01,h1,kalutara,1,2190.0,2658.362,1,1120.0,760.0,22320,19840,28.68625,101.2695,299.4232,1.5,333,Neutral
2024-05-01,h1,kalutara,1,2190.0,2677.4525,1,2240.0,950.0,20772,19840,28.328125000000004,226.944,299.6923,0.9,317,Neutral
2024-06-01,h1,kalutara,1,2190.0,2683.615,1,3360.0,950.0,14032,14880,27.524374999999992,82.85149999999999,303.8121,1.7,317,Neutral
2024-07-01,h1,kalutara,1,2190.0,2740.435,1,3360.0,760.0,13099,14880,27.48125,67.39349999999999,303.7559,2.4,317,Neutral
2024-08-01,h1,kalutara,1,2185.0,2823.4325,1,2240.0,2850.0,17127,14880,27.2175,137.24199999999996,300.6683,0.5,307,Neutral
2024-09-01,h1,kalutara,1,2380.0,2970.9525000000003,1,1120.0,2850.0,21621,19840,27.541875,69.441,301.1505,-0.5,283,Neutral
2024-10-01,h1,kalutara,1,2380.0,3109.7225,1,2240.0,2850.0,27047,24800,26.887500000000003,196.62100000000004,293.7851,-0.8,283,Neutral
2024-11-01,h1,kalutara,1,2466.25,3190.4400000000005,1,3360.0,1710.0,24800,29760,26.468125,381.7135,292.0092,-2.1,286,Neutral
2024-12-01,h1,kalutara,1,2495.0,3331.178,1,3360.0,1520.0,21620,39680,26.13437500000001,170.53300000000002,291.6805,-1.7,286,Neutral
2025-01-01,h1,kalutara,1,2495.0,3300.3125,0,0.0,0.0,21820,27000,25.2225,274.39300000000003,296.1796,-4.0,286,Neutral
2025-02-01,h1,kalutara,1,2495.0,3375.605,0,0.0,0.0,25314,24000,25.713125,86.076,296.8034,-4.2,286,Neutral
2025-03-01,h1,kalutara,1,2495.0,3369.7225,0,0.0,0.0,22329,19000,26.675625000000007,229.66600000000005,295.909,-2.6,286,Neutral
2025-04-01,h1,kalutara,1,2495.0,3406.9875,1,0.0,0.0,5582,18000,27.221875,272.281,298.5312,-2.0,274,Neutral
2025-05-01,h1,kalutara,1,2495.0,3272.5975,1,0.0,0.0,5582,15000,27.324375,191.717,299.4142,-0.7,274,Neutral
2025-06-01,h1,kalutara,1,2606.25,3174.0975,1,0.0,0.0,20560,15000,26.9,170.3,301.12,-0.6,305,Neutral
2025-07-01,h1,kalutara,1,2880.0,3188.202,1,0.0,0.0,35106,15000,27.0,148.3,301.12,-0.3,305,Neutral
2025-08-01,h1,kalutara,1,3092.5,3226.9425,1,0.0,0.0,39860,15000,26.8,135.0,301.12,1.2,299,Neutral
2025-09-01,h1,kalutara,1,3312.5,3236.07,1,0.0,0.0,31328,20000,26.7,213.3,302.0368,2.4,299,Neutral
2025-10-01,h1,kalutara,1,3090.0,3236.07,1,0.0,0.0,27000,22000,26.25,249.8,7.03,2.4,286,Neutral
2025-11-01,h1,kalutara,1,3090.0,3090.0,1,0.0,0.0,27000,25000,25.6,465.5,7.03,2.4,286,Neutral
2025-12-01,h1,kalutara,1,3090.0,3090.0,1,0.0,0.0,27000,28000,25.4,148.5,7.03,2.4,286,Neutral
2026-01-01,h1,kalutara,1,3165.0,3190.0,0,0.0,1300.0,15000,14000,25.28,62.5,7.03,2.4,279,Neutral
2026-02-01,h1,kalutara,1,3190.0,3236.07,0,0.0,1300.0,16000,14800,25.43,36.0,7.03,2.4,277,Neutral
2020-01-01,h2,kalutara,1,1266.5,1496.4,0,0.0,1310.5,19156,11106,25.560625,57.7385,181.4036,5.7,104,Neutral
2020-02-01,h2,kalutara,1,1368.0,1625.3325,0,0.0,1310.5,15757,15549,25.815625,28.699000000000005,181.5628,6.2,104,Neutral
2020-03-01,h2,kalutara,1,1460.0,1732.915,0,0.0,1123.3,23807,17770,27.176875000000003,29.896,185.0567,5.4,104,Neutral
2020-04-01,h2,kalutara,1,1460.0,1587.125,1,1145.0,748.9,19991,17770,28.133125000000003,129.9175,193.0854,5.2,104,Neutral
2020-05-01,h2,kalutara,1,1366.6666666666667,1645.95,1,2290.0,936.1,18605,17770,27.856250000000003,239.16,187.865,4.0,104,Neutral
2020-06-01,h2,kalutara,1,1394.4,1792.898,1,3435.0,936.1,12568,13327,27.2925,107.60849999999998,185.9545,3.9,104,Neutral
2020-07-01,h2,kalutara,1,1435.0,1819.5,1,3435.0,748.9,11732,13327,26.540625,118.602,185.8487,4.2,104,Neutral
2020-08-01,h2,kalutara,1,1454.2,1850.308,1,2290.0,2808.3,15340,13327,26.786875,85.95949999999999,184.8939,4.1,104,Neutral
2020-09-01,h2,kalutara,1,1541.25,1892.2075,1,1145.0,2808.3,19365,17770,26.410625,198.4555,185.0317,4.0,104,Neutral
2020-10-01,h2,kalutara,1,1570.0,1879.96,1,2290.0,2808.3,24225,22212,26.730625,90.7945,184.4379,4.0,104,Neutral
2020-11-01,h2,kalutara,1,1666.67,1907.3125,1,3435.0,1685.0,22212,26655,26.305625000000003,308.663,184.7882,4.1,104,Neutral
2020-12-01,h2,kalutara,1,1800.0,1925.002,1,3435.0,1497.7,19364,35539,25.624375,301.8475,187.1822,4.2,104,Neutral
2021-01-01,h2,kalutara,1,1800.0,1909.79,0,0.0,1317.0,21474,12450,25.203125,261.9235,190.4918,3.0,104,Neutral
2021-02-01,h2,kalutara,1,1800.0,1925.5825,0,0.0,1317.0,17664,17430,25.576875000000005,57.901,194.0665,3.3,104,Neutral
2021-03-01,h2,kalutara,1,1800.0,1961.754,0,0.0,1128.9,26688,19920,26.118125,146.487,196.9825,4.1,104,Neutral
2021-04-01,h2,kalutara,1,1800.0,2003.4533333333327,1,1185.0,752.6,22410,19920,27.244375,130.3815,197.423,3.9,104,Neutral
2021-05-01,h2,kalutara,1,1800.0,1961.6666666666667,1,2370.0,940.7,20856,19920,27.279375,258.98,199.5847,4.5,111,Neutral
2021-06-01,h2,kalutara,1,1800.0,2003.6,1,3555.0,940.7,14088,14940,26.799375000000005,132.15700000000004,199.8161,5.2,111,Neutral
2021-07-01,h2,kalutara,1,1800.0,2046.75,1,3555.0,752.6,13152,14940,26.590625,138.03850000000003,199.9778,5.7,111,Neutral
2021-08-01,h2,kalutara,1,1800.0,2063.8,1,2370.0,2822.2,17196,14940,26.2875,132.23650000000004,200.4965,6.0,111,Neutral
2021-09-01,h2,kalutara,1,1800.0,2063.8,1,1185.0,2822.2,21708,19920,26.593750000000004,170.17950000000002,201.9858,5.7,111,Neutral
2021-10-01,h2,kalutara,1,1800.0,2042.775,1,2370.0,2822.2,27156,24900,26.34625,341.85200000000003,201.0899,7.6,111,Neutral
2021-11-01,h2,kalutara,1,1800.0,2082.668,1,3555.0,1693.3,24900,29880,25.869375,470.629,201.8582,9.9,111,Neutral
2021-12-01,h2,kalutara,1,1800.0,2040.915,1,3555.0,1505.2,21708,39840,25.6075,141.56449999999998,201.399,12.1,121,Neutral
2022-01-01,h2,kalutara,1,1800.0,2070.46,0,0.0,1280.9,19275,11175,25.470625,122.19749999999996,201.4647,14.2,121,Neutral
2022-02-01,h2,kalutara,1,1800.0,2077.492,0,0.0,1280.9,15855,15645,25.4025,163.791,201.7362,15.1,176,Neutral
2022-03-01,h2,kalutara,1,1800.0,2430.443333333333,0,0.0,1097.9,23955,17880,26.5825,89.29799999999999,255.8081,18.7,176,Neutral
2022-04-01,h2,kalutara,1,1866.67,2909.403333333333,1,1188.0,731.9,20115,17880,27.1175,306.01150000000007,319.4404,29.8,289,Neutral
2022-05-01,h2,kalutara,1,2000.0,3017.4974999999995,1,2376.0,914.9,18720,17880,27.130625,193.646,358.939,39.1,289,Neutral
2022-06-01,h2,kalutara,1,2050.0,3183.2075,1,3564.0,914.9,12646,13410,26.5225,86.711,360.2428,54.6,430,Neutral
2022-07-01,h2,kalutara,1,2525.0,3212.8925,1,3564.0,731.9,11805,13410,26.33,122.364,360.8724,60.8,430,Neutral
2022-08-01,h2,kalutara,1,3000.0,3161.8,1,2376.0,2744.7,15435,13410,25.99375,169.767,360.9983,64.3,430,Neutral
2022-09-01,h2,kalutara,1,2820.0,2908.4300000000003,1,1188.0,2744.7,19485,17880,26.27,74.46399999999998,362.3826,69.8,415,Neutral
2022-10-01,h2,kalutara,1,2700.0,2853.535,1,2376.0,2744.7,24375,22350,26.19625,295.946,363.1484,66.0,430,Neutral
2022-11-01,h2,kalutara,1,2700.0,2849.202,1,3564.0,1646.8,22350,26820,25.59125000000001,289.1615,363.394,61.0,420,Neutral
2022-12-01,h2,kalutara,1,2700.0,2702.715,1,3564.0,1463.9,19484,35760,25.180625,289.313,363.1652,57.2,420,Neutral
2023-01-01,h2,kalutara,1,2700.0,2739.772,0,0.0,1377.4,20560,11920,24.488750000000007,122.862,362.4228,51.7,405,Neutral
2023-02-01,h2,kalutara,1,2700.0,2804.7825000000003,0,0.0,1377.4,16912,16688,25.101875,158.296,361.9766,50.6,405,Neutral
2023-03-01,h2,kalutara,1,2400.0,2357.8425,0,0.0,1180.6,25552,19072,26.566875,113.27299999999998,329.4709,50.3,325,Neutral
2023-04-01,h2,kalutara,1,1500.0,2480.346666666667,1,1120.5,787.1,21456,19072,27.605000000000004,161.4275,321.4244,35.3,310,Neutral
2023-05-01,h2,kalutara,1,1500.0,2522.822,1,2241.0,983.9,19969,19072,27.3725,198.883,310.1639,25.2,310,Neutral
2023-06-01,h2,kalutara,1,1500.0,2331.5950000000003,1,3361.5,983.9,13489,14304,27.287499999999994,101.3585,301.2612,12.0,308,Neutral
2023-07-01,h2,kalutara,1,1500.0,2406.9260000000004,1,3361.5,787.1,12592,14304,26.892499999999995,65.55649999999997,319.2903,6.3,306,Neutral
2023-08-01,h2,kalutara,1,2137.5,2355.8775,1,2241.0,2951.6,16464,14304,27.4525,70.13050000000001,321.5764,4.0,341,Neutral
2023-09-01,h2,kalutara,1,1900.0,2352.16,1,1120.5,2951.6,20784,19072,26.727500000000003,328.41850000000005,322.7693,1.3,351,Neutral
2023-10-01,h2,kalutara,1,2100.0,2402.494,1,2241.0,2951.6,26000,23840,26.228125,585.5705,324.7303,1.5,356,Neutral
2023-11-01,h2,kalutara,1,2100.0,2378.185,1,3361.5,1770.9,23840,28608,26.368125,447.1740000000001,328.25,3.4,329,Neutral
2023-12-01,h2,kalutara,1,2100.0,2460.44,1,3361.5,1574.2,20785,38147,26.25625,472.0125,326.7423,4.0,358,Neutral
2024-01-01,h2,kalutara,1,2100.0,2477.586,0,0.0,1330.0,21388,12400,25.613125,283.5445,321.1706,6.4,363,Neutral
2024-02-01,h2,kalutara,1,2100.0,2491.3475,0,0.0,1330.0,17593,17360,26.340000000000003,29.858500000000003,312.5801,5.9,363,Neutral
2024-03-01,h2,kalutara,1,2100.0,2479.2525,0,0.0,1140.0,26581,19840,27.113125,41.225,305.665,0.9,363,Neutral
2024-04-01,h2,kalutara,1,2100.0,2506.9880000000003,1,1120.0,760.0,22320,19840,28.68625,101.2695,299.4232,1.5,333,Neutral
2024-05-01,h2,kalutara,1,2100.0,2506.1125,1,2240.0,950.0,20772,19840,28.328125000000004,226.944,299.6923,0.9,317,Neutral
2024-06-01,h2,kalutara,1,2100.0,2521.0625,1,3360.0,950.0,14032,14880,27.524374999999992,82.85149999999999,303.8121,1.7,317,Neutral
2024-07-01,h2,kalutara,1,2100.0,2600.905,1,3360.0,760.0,13099,14880,27.48125,67.39349999999999,303.7559,2.4,317,Neutral
2024-08-01,h2,kalutara,1,2100.0,2680.69,1,2240.0,2850.0,17127,14880,27.2175,137.24199999999996,300.6683,0.5,307,Neutral
2024-09-01,h2,kalutara,1,2200.0,2819.1275,1,1120.0,2850.0,21621,19840,27.541875,69.441,301.1505,-0.5,283,Neutral
2024-10-01,h2,kalutara,1,2200.0,2941.5975,1,2240.0,2850.0,27047,24800,26.887500000000003,196.62100000000004,293.7851,-0.8,283,Neutral
2024-11-01,h2,kalutara,1,2275.0,3049.9075000000003,1,3360.0,1710.0,24800,29760,26.468125,381.7135,292.0092,-2.1,286,Neutral
2024-12-01,h2,kalutara,1,2300.0,3181.1200000000003,1,3360.0,1520.0,21620,39680,26.13437500000001,170.53300000000002,291.6805,-1.7,286,Neutral
2025-01-01,h2,kalutara,1,2300.0,3156.065,0,0.0,0.0,21820,27000,25.2225,274.39300000000003,296.1796,-4.0,286,Neutral
2025-02-01,h2,kalutara,1,2300.0,3215.835,0,0.0,0.0,25314,24000,25.713125,86.076,296.8034,-4.2,286,Neutral
2025-03-01,h2,kalutara,1,2300.0,3237.2825000000003,0,0.0,0.0,22329,19000,26.675625000000007,229.66600000000005,295.909,-2.6,286,Neutral
2025-04-01,h2,kalutara,1,2300.0,3246.5125,1,0.0,0.0,5582,18000,27.221875,272.281,298.5312,-2.0,274,Neutral
2025-05-01,h2,kalutara,1,2300.0,3130.2525000000005,1,0.0,0.0,5582,15000,27.324375,191.717,299.4142,-0.7,274,Neutral
2025-06-01,h2,kalutara,1,2425.0,3034.41,1,0.0,0.0,20560,15000,26.9,170.3,301.12,-0.6,305,Neutral
2025-07-01,h2,kalutara,1,2800.0,3063.852,1,0.0,0.0,35106,15000,27.0,148.3,301.12,-0.3,305,Neutral
2025-08-01,h2,kalutara,1,3000.0,3087.2925,1,0.0,0.0,39860,15000,26.8,135.0,301.12,1.2,299,Neutral
2025-09-01,h2,kalutara,1,3175.0,3118.285,1,0.0,0.0,31328,20000,26.7,213.3,302.0368,2.4,299,Neutral
2025-10-01,h2,kalutara,1,3000.0,3118.285,1,0.0,0.0,27000,22000,26.25,249.8,7.03,2.4,286,Neutral
2025-11-01,h2,kalutara,1,3000.0,3000.0,1,0.0,0.0,27000,25000,25.6,465.5,7.03,2.4,286,Neutral
2025-12-01,h2,kalutara,1,3000.0,3000.0,1,0.0,0.0,27000,28000,25.4,148.5,7.03,2.4,286,Neutral
2026-01-01,h2,kalutara,1,3075.0,3100.0,0,0.0,1300.0,15000,14000,25.28,62.5,7.03,2.4,279,Neutral
2026-02-01,h2,kalutara,1,3100.0,3118.285,0,0.0,1300.0,16000,14800,25.43,36.0,7.03,2.4,277,Neutral
2025-10-01,h_faq,kalutara,1,3000.0,3000.0,1,0.0,0.0,27000,22000,26.25,249.8,7.03,2.4,286,Neutral
2025-11-01,h_faq,kalutara,1,3000.0,3000.0,1,0.0,0.0,27000,25000,25.6,465.5,7.03,2.4,286,Neutral
2025-12-01,h_faq,kalutara,1,3000.0,3000.0,1,0.0,0.0,27000,28000,25.4,148.5,7.03,2.4,286,Neutral
2026-01-01,h_faq,kalutara,1,3000.0,3000.0,0,0.0,1300.0,15000,14000,25.28,62.5,7.03,2.4,279,Neutral
2026-02-01,h_faq,kalutara,1,3000.0,3000.0,0,0.0,1300.0,16000,14800,25.43,36.0,7.03,2.4,277,Neutral
2025-10-01,alba,kandy,0,3000.0,3000.0,1,0.0,0.0,27000,22000,23.58,316.3,7.03,2.4,286,Neutral
2025-11-01,alba,kandy,0,3000.0,3000.0,1,0.0,0.0,27000,25000,22.98,604.3,7.03,2.4,286,Neutral
2025-12-01,alba,kandy,0,3000.0,3000.0,1,0.0,0.0,27000,28000,23.32,112.7,7.03,2.4,286,Neutral
2026-01-01,alba,kandy,0,3000.0,3000.0,0,0.0,1300.0,15000,14000,22.8,100.5,7.03,2.4,279,Neutral
2026-02-01,alba,kandy,0,3000.0,3000.0,0,0.0,1300.0,16000,14800,23.39,17.9,7.03,2.4,277,Neutral
2025-10-01,c4,kandy,0,3000.0,3000.0,1,0.0,0.0,27000,22000,23.58,316.3,7.03,2.4,286,Neutral
2025-11-01,c4,kandy,0,3000.0,3000.0,1,0.0,0.0,27000,25000,22.98,604.3,7.03,2.4,286,Neutral
2025-12-01,c4,kandy,0,3000.0,3000.0,1,0.0,0.0,27000,28000,23.32,112.7,7.03,2.4,286,Neutral
2026-01-01,c4,kandy,0,3000.0,3000.0,0,0.0,1300.0,15000,14000,22.8,100.5,7.03,2.4,279,Neutral
2026-02-01,c4,kandy,0,3000.0,3000.0,0,0.0,1300.0,16000,14800,23.39,17.9,7.03,2.4,277,Neutral
2025-10-01,c5,kandy,0,3000.0,3000.0,1,0.0,0.0,27000,22000,23.58,316.3,7.03,2.4,286,Neutral
2025-11-01,c5,kandy,0,3000.0,3000.0,1,0.0,0.0,27000,25000,22.98,604.3,7.03,2.4,286,Neutral
2025-12-01,c5,kandy,0,3000.0,3000.0,1,0.0,0.0,27000,28000,23.32,112.7,7.03,2.4,286,Neutral
2026-01-01,c5,kandy,0,3000.0,3000.0,0,0.0,1300.0,15000,14000,22.8,100.5,7.03,2.4,279,Neutral
2026-02-01,c5,kandy,0,3000.0,3000.0,0,0.0,1300.0,16000,14800,23.39,17.9,7.03,2.4,277,Neutral
2025-10-01,c5sp,kandy,0,3000.0,3000.0,1,0.0,0.0,27000,22000,23.58,316.3,7.03,2.4,286,Neutral
2025-11-01,c5sp,kandy,0,3000.0,3000.0,1,0.0,0.0,27000,25000,22.98,604.3,7.03,2.4,286,Neutral
2025-12-01,c5sp,kandy,0,3000.0,3000.0,1,0.0,0.0,27000,28000,23.32,112.7,7.03,2.4,286,Neutral
2026-01-01,c5sp,kandy,0,3000.0,3000.0,0,0.0,1300.0,15000,14000,22.8,100.5,7.03,2.4,279,Neutral
2026-02-01,c5sp,kandy,0,3000.0,3000.0,0,0.0,1300.0,16000,14800,23.39,17.9,7.03,2.4,277,Neutral
2025-10-01,h1,kandy,0,3000.0,3000.0,1,0.0,0.0,27000,22000,23.58,316.3,7.03,2.4,286,Neutral
2025-11-01,h1,kandy,0,3000.0,3000.0,1,0.0,0.0,27000,25000,22.98,604.3,7.03,2.4,286,Neutral
2025-12-01,h1,kandy,0,3000.0,3000.0,1,0.0,0.0,27000,28000,23.32,112.7,7.03,2.4,286,Neutral
2026-01-01,h1,kandy,0,3000.0,3000.0,0,0.0,1300.0,15000,14000,22.8,100.5,7.03,2.4,279,Neutral
2026-02-01,h1,kandy,0,3000.0,3000.0,0,0.0,1300.0,16000,14800,23.39,17.9,7.03,2.4,277,Neutral
2025-10-01,h2,kandy,0,3000.0,3000.0,1,0.0,0.0,27000,22000,23.58,316.3,7.03,2.4,286,Neutral
2025-11-01,h2,kandy,0,3000.0,3000.0,1,0.0,0.0,27000,25000,22.98,604.3,7.03,2.4,286,Neutral
2025-12-01,h2,kandy,0,3000.0,3000.0,1,0.0,0.0,27000,28000,23.32,112.7,7.03,2.4,286,Neutral
2026-01-01,h2,kandy,0,3000.0,3000.0,0,0.0,1300.0,15000,14000,22.8,100.5,7.03,2.4,279,Neutral
2026-02-01,h2,kandy,0,3000.0,3000.0,0,0.0,1300.0,16000,14800,23.39,17.9,7.03,2.4,277,Neutral
2025-10-01,h_faq,kandy,0,3000.0,3000.0,1,0.0,0.0,27000,22000,23.58,316.3,7.03,2.4,286,Neutral
2025-11-01,h_faq,kandy,0,3000.0,3000.0,1,0.0,0.0,27000,25000,22.98,604.3,7.03,2.4,286,Neutral
2025-12-01,h_faq,kandy,0,3000.0,3000.0,1,0.0,0.0,27000,28000,23.32,112.7,7.03,2.4,286,Neutral
2026-01-01,h_faq,kandy,0,3000.0,3000.0,0,0.0,1300.0,15000,14000,22.8,100.5,7.03,2.4,279,Neutral
2026-02-01,h_faq,kandy,0,3000.0,3000.0,0,0.0,1300.0,16000,14800,23.39,17.9,7.03,2.4,277,Neutral
2025-10-01,alba,kurunegala,0,3000.0,3000.0,1,0.0,0.0,27000,22000,25.87,348.6,7.03,2.4,286,Neutral
2025-11-01,alba,kurunegala,0,3000.0,3000.0,1,0.0,0.0,27000,25000,24.64,639.3,7.03,2.4,286,Neutral
2025-12-01,alba,kurunegala,0,3000.0,3000.0,1,0.0,0.0,27000,28000,24.83,74.1,7.03,2.4,286,Neutral
2026-01-01,alba,kurunegala,0,3000.0,3000.0,0,0.0,1300.0,15000,14000,24.61,71.7,7.03,2.4,279,Neutral
2026-02-01,alba,kurunegala,0,3000.0,3000.0,0,0.0,1300.0,16000,14800,25.67,31.7,7.03,2.4,277,Neutral
2025-10-01,c4,kurunegala,0,3000.0,3000.0,1,0.0,0.0,27000,22000,25.87,348.6,7.03,2.4,286,Neutral
2025-11-01,c4,kurunegala,0,3000.0,3000.0,1,0.0,0.0,27000,25000,24.64,639.3,7.03,2.4,286,Neutral
2025-12-01,c4,kurunegala,0,3000.0,3000.0,1,0.0,0.0,27000,28000,24.83,74.1,7.03,2.4,286,Neutral
2026-01-01,c4,kurunegala,0,3000.0,3000.0,0,0.0,1300.0,15000,14000,24.61,71.7,7.03,2.4,279,Neutral
2026-02-01,c4,kurunegala,0,3000.0,3000.0,0,0.0,1300.0,16000,14800,25.67,31.7,7.03,2.4,277,Neutral
2025-10-01,c5,kurunegala,0,3000.0,3000.0,1,0.0,0.0,27000,22000,25.87,348.6,7.03,2.4,286,Neutral
2025-11-01,c5,kurunegala,0,3000.0,3000.0,1,0.0,0.0,27000,25000,24.64,639.3,7.03,2.4,286,Neutral
2025-12-01,c5,kurunegala,0,3000.0,3000.0,1,0.0,0.0,27000,28000,24.83,74.1,7.03,2.4,286,Neutral
2026-01-01,c5,kurunegala,0,3000.0,3000.0,0,0.0,1300.0,15000,14000,24.61,71.7,7.03,2.4,279,Neutral
2026-02-01,c5,kurunegala,0,3000.0,3000.0,0,0.0,1300.0,16000,14800,25.67,31.7,7.03,2.4,277,Neutral
2025-10-01,c5sp,kurunegala,0,3000.0,3000.0,1,0.0,0.0,27000,22000,25.87,348.6,7.03,2.4,286,Neutral
2025-11-01,c5sp,kurunegala,0,3000.0,3000.0,1,0.0,0.0,27000,25000,24.64,639.3,7.03,2.4,286,Neutral
2025-12-01,c5sp,kurunegala,0,3000.0,3000.0,1,0.0,0.0,27000,28000,24.83,74.1,7.03,2.4,286,Neutral
2026-01-01,c5sp,kurunegala,0,3000.0,3000.0,0,0.0,1300.0,15000,14000,24.61,71.7,7.03,2.4,279,Neutral
2026-02-01,c5sp,kurunegala,0,3000.0,3000.0,0,0.0,1300.0,16000,14800,25.67,31.7,7.03,2.4,277,Neutral
2025-10-01,h1,kurunegala,0,3000.0,3000.0,1,0.0,0.0,27000,22000,25.87,348.6,7.03,2.4,286,Neutral
2025-11-01,h1,kurunegala,0,3000.0,3000.0,1,0.0,0.0,27000,25000,24.64,639.3,7.03,2.4,286,Neutral
2025-12-01,h1,kurunegala,0,3000.0,3000.0,1,0.0,0.0,27000,28000,24.83,74.1,7.03,2.4,286,Neutral
2026-01-01,h1,kurunegala,0,3000.0,3000.0,0,0.0,1300.0,15000,14000,24.61,71.7,7.03,2.4,279,Neutral
2026-02-01,h1,kurunegala,0,3000.0,3000.0,0,0.0,1300.0,16000,14800,25.67,31.7,7.03,2.4,277,Neutral
2025-10-01,h2,kurunegala,0,3000.0,3000.0,1,0.0,0.0,27000,22000,25.87,348.6,7.03,2.4,286,Neutral
2025-11-01,h2,kurunegala,0,3000.0,3000.0,1,0.0,0.0,27000,25000,24.64,639.3,7.03,2.4,286,Neutral
2025-12-01,h2,kurunegala,0,3000.0,3000.0,1,0.0,0.0,27000,28000,24.83,74.1,7.03,2.4,286,Neutral
2026-01-01,h2,kurunegala,0,3000.0,3000.0,0,0.0,1300.0,15000,14000,24.61,71.7,7.03,2.4,279,Neutral
2026-02-01,h2,kurunegala,0,3000.0,3000.0,0,0.0,1300.0,16000,14800,25.67,31.7,7.03,2.4,277,Neutral
2025-10-01,h_faq,kurunegala,0,3000.0,3000.0,1,0.0,0.0,27000,22000,25.87,348.6,7.03,2.4,286,Neutral
2025-11-01,h_faq,kurunegala,0,3000.0,3000.0,1,0.0,0.0,27000,25000,24.64,639.3,7.03,2.4,286,Neutral
2025-12-01,h_faq,kurunegala,0,3000.0,3000.0,1,0.0,0.0,27000,28000,24.83,74.1,7.03,2.4,286,Neutral
2026-01-01,h_faq,kurunegala,0,3000.0,3000.0,0,0.0,1300.0,15000,14000,24.61,71.7,7.03,2.4,279,Neutral
2026-02-01,h_faq,kurunegala,0,3000.0,3000.0,0,0.0,1300.0,16000,14800,25.67,31.7,7.03,2.4,277,Neutral
2020-01-01,alba,matara,1,3006.5,2758.1875,0,0.0,1310.5,19156,11106,25.560625,57.7385,181.4036,5.7,104,Neutral
2020-02-01,alba,matara,1,3195.75,2936.375,0,0.0,1310.5,15757,15549,25.815625,28.699000000000005,181.5628,6.2,104,Neutral
2020-03-01,alba,matara,1,3325.0,3140.375,0,0.0,1123.3,23807,17770,27.176875000000003,29.896,185.0567,5.4,104,Neutral
2020-04-01,alba,matara,1,2841.5,2847.17,1,1145.0,748.9,19991,17770,28.133125000000003,129.9175,193.0854,5.2,104,Neutral
2020-05-01,alba,matara,1,2908.25,2903.6675,1,2290.0,936.1,18605,17770,27.856250000000003,239.16,187.865,4.0,104,Neutral
2020-06-01,alba,matara,1,2902.2,2910.75,1,3435.0,936.1,12568,13327,27.2925,107.60849999999998,185.9545,3.9,104,Neutral
2020-07-01,alba,matara,1,2887.5,2912.25,1,3435.0,748.9,11732,13327,26.540625,118.602,185.8487,4.2,104,Neutral
2020-08-01,alba,matara,1,2826.2,2838.734,1,2290.0,2808.3,15340,13327,26.786875,85.95949999999999,184.8939,4.1,104,Neutral
2020-09-01,alba,matara,1,2837.5,2910.9375,1,1145.0,2808.3,19365,17770,26.410625,198.4555,185.0317,4.0,104,Neutral
2020-10-01,alba,matara,1,2850.25,2949.5625,1,2290.0,2808.3,24225,22212,26.730625,90.7945,184.4379,4.0,104,Neutral
2020-11-01,alba,matara,1,2896.0,2979.48,1,3435.0,1685.0,22212,26655,26.305625000000003,308.663,184.7882,4.1,104,Neutral
2020-12-01,alba,matara,1,2917.6,2977.25,1,3435.0,1497.7,19364,35539,25.624375,301.8475,187.1822,4.2,104,Neutral
2021-01-01,alba,matara,1,2984.5,2972.0625,0,0.0,1317.0,21474,12450,25.203125,261.9235,190.4918,3.0,104,Neutral
2021-02-01,alba,matara,1,2975.25,3006.25,0,0.0,1317.0,17664,17430,25.576875000000005,57.901,194.0665,3.3,104,Neutral
2021-03-01,alba,matara,1,2971.0,3047.5,0,0.0,1128.9,26688,19920,26.118125,146.487,196.9825,4.1,104,Neutral
2021-04-01,alba,matara,1,3000.0,3038.89,1,1185.0,752.6,22410,19920,27.244375,130.3815,197.423,3.9,104,Neutral
2021-05-01,alba,matara,1,3027.6666666666665,3073.1666666666665,1,2370.0,940.7,20856,19920,27.279375,258.98,199.5847,4.5,111,Neutral
2021-06-01,alba,matara,1,3105.0,3041.875,1,3555.0,940.7,14088,14940,26.799375000000005,132.15700000000004,199.8161,5.2,111,Neutral
2021-07-01,alba,matara,1,3225.25,3141.6875,1,3555.0,752.6,13152,14940,26.590625,138.03850000000003,199.9778,5.7,111,Neutral
2021-08-01,alba,matara,1,3302.6666666666665,3157.583333333333,1,2370.0,2822.2,17196,14940,26.2875,132.23650000000004,200.4965,6.0,111,Neutral
2021-09-01,alba,matara,1,3302.6666666666665,3157.583333333333,1,1185.0,2822.2,21708,19920,26.593750000000004,170.17950000000002,201.9858,5.7,111,Neutral
2021-10-01,alba,matara,1,3409.75,3230.5425,1,2370.0,2822.2,27156,24900,26.34625,341.85200000000003,201.0899,7.6,111,Neutral
2021-11-01,alba,matara,1,3492.6,3282.8,1,3555.0,1693.3,24900,29880,25.869375,470.629,201.8582,9.9,111,Neutral
2021-12-01,alba,matara,1,3525.0,3308.5,1,3555.0,1505.2,21708,39840,25.6075,141.56449999999998,201.399,12.1,121,Neutral
2022-01-01,alba,matara,1,3606.25,3438.0,0,0.0,1280.9,19275,11175,25.470625,122.19749999999996,201.4647,14.2,121,Neutral
2022-02-01,alba,matara,1,3672.8,3450.5,0,0.0,1280.9,15855,15645,25.4025,163.791,201.7362,15.1,176,Neutral
2022-03-01,alba,matara,1,4200.0,3958.75,0,0.0,1097.9,23955,17880,26.5825,89.29799999999999,255.8081,18.7,176,Neutral
2022-04-01,alba,matara,1,4708.333333333333,4420.833333333333,1,1188.0,731.9,20115,17880,27.1175,306.01150000000007,319.4404,29.8,289,Neutral
2022-05-01,alba,matara,1,5031.25,4697.0625,1,2376.0,914.9,18720,17880,27.130625,193.646,358.939,39.1,289,Neutral
2022-06-01,alba,matara,1,5365.75,4865.8125,1,3564.0,914.9,12646,13410,26.5225,86.711,360.2428,54.6,430,Neutral
2022-07-01,alba,matara,1,5543.75,5019.4375,1,3564.0,731.9,11805,13410,26.33,122.364,360.8724,60.8,430,Neutral
2022-08-01,alba,matara,1,5559.8,5164.0,1,2376.0,2744.7,15435,13410,25.99375,169.767,360.9983,64.3,430,Neutral
2022-09-01,alba,matara,1,5640.75,5290.5,1,1188.0,2744.7,19485,17880,26.27,74.46399999999998,362.3826,69.8,415,Neutral
2022-10-01,alba,matara,1,5943.75,5433.625,1,2376.0,2744.7,24375,22350,26.19625,295.946,363.1484,66.0,430,Neutral
2022-11-01,alba,matara,1,6238.4,5569.95,1,3564.0,1646.8,22350,26820,25.59125000000001,289.1615,363.394,61.0,420,Neutral
2022-12-01,alba,matara,1,6317.5,5735.125,1,3564.0,1463.9,19484,35760,25.180625,289.313,363.1652,57.2,420,Neutral
2023-01-01,alba,matara,1,6420.0,5885.7,0,0.0,1377.4,20560,11920,24.488750000000007,122.862,362.4228,51.7,405,Neutral
2023-02-01,alba,matara,1,6168.75,5755.6875,0,0.0,1377.4,16912,16688,25.101875,158.296,361.9766,50.6,405,Neutral
2023-03-01,alba,matara,1,5400.0,5090.5625,0,0.0,1180.6,25552,19072,26.566875,113.27299999999998,329.4709,50.3,325,Neutral
2023-04-01,alba,matara,1,5550.0,5204.86,1,1120.5,787.1,21456,19072,27.605000000000004,161.4275,321.4244,35.3,310,Neutral
2023-05-01,alba,matara,1,5370.0,5145.4,1,2241.0,983.9,19969,19072,27.3725,198.883,310.1639,25.2,310,Neutral
2023-06-01,alba,matara,1,5052.5,4919.4375,1,3361.5,983.9,13489,14304,27.287499999999994,101.3585,301.2612,12.0,308,Neutral
2023-07-01,alba,matara,1,4920.0,4779.1,1,3361.5,787.1,12592,14304,26.892499999999995,65.55649999999997,319.2903,6.3,306,Neutral
2023-08-01,alba,matara,1,4670.75,4415.875,1,2241.0,2951.6,16464,14304,27.4525,70.13050000000001,321.5764,4.0,341,Neutral
2023-09-01,alba,matara,1,4800.0,4649.75,1,1120.5,2951.6,20784,19072,26.727500000000003,328.41850000000005,322.7693,1.3,351,Neutral
2023-10-01,alba,matara,1,4893.4,4756.2,1,2241.0,2951.6,26000,23840,26.228125,585.5705,324.7303,1.5,356,Neutral
2023-11-01,alba,matara,1,4931.25,4735.75,1,3361.5,1770.9,23840,28608,26.368125,447.1740000000001,328.25,3.4,329,Neutral
2023-12-01,alba,matara,1,4968.75,4797.6875,1,3361.5,1574.2,20785,38147,26.25625,472.0125,326.7423,4.0,358,Neutral
2024-01-01,alba,matara,1,4988.4,4847.05,0,0.0,1330.0,21388,12400,25.613125,283.5445,321.1706,6.4,363,Neutral
2024-02-01,alba,matara,1,4956.25,4835.0,0,0.0,1330.0,17593,17360,26.340000000000003,29.858500000000003,312.5801,5.9,363,Neutral
2024-03-01,alba,matara,1,4825.0,4771.9375,0,0.0,1140.0,26581,19840,27.113125,41.225,305.665,0.9,363,Neutral
2024-04-01,alba,matara,1,4850.0,4765.884,1,1120.0,760.0,22320,19840,28.68625,101.2695,299.4232,1.5,333,Neutral
2024-05-01,alba,matara,1,4850.0,4773.25,1,2240.0,950.0,20772,19840,28.328125000000004,226.944,299.6923,0.9,317,Neutral
2024-06-01,alba,matara,1,4693.75,4751.52,1,3360.0,950.0,14032,14880,27.524374999999992,82.85149999999999,303.8121,1.7,317,Neutral
2024-07-01,alba,matara,1,4139.5,4231.6875,1,3360.0,760.0,13099,14880,27.48125,67.39349999999999,303.7559,2.4,317,Neutral
2024-08-01,alba,matara,1,4325.0,4330.8125,1,2240.0,2850.0,17127,14880,27.2175,137.24199999999996,300.6683,0.5,307,Neutral
2024-09-01,alba,matara,1,4500.0,4475.3125,1,1120.0,2850.0,21621,19840,27.541875,69.441,301.1505,-0.5,283,Neutral
2024-10-01,alba,matara,1,4525.0,4417.125,1,2240.0,2850.0,27047,24800,26.887500000000003,196.62100000000004,293.7851,-0.8,283,Neutral
2024-11-01,alba,matara,1,4512.5,4536.875,1,3360.0,1710.0,24800,29760,26.468125,381.7135,292.0092,-2.1,286,Neutral
2024-12-01,alba,matara,1,4525.0,4606.0,1,3360.0,1520.0,21620,39680,26.13437500000001,170.53300000000002,291.6805,-1.7,286,Neutral
2025-01-01,alba,matara,1,4525.0,4573.125,0,0.0,0.0,21820,27000,25.2225,274.39300000000003,296.1796,-4.0,286,Neutral
2025-02-01,alba,matara,1,4550.0,4555.9375,0,0.0,0.0,25314,24000,25.713125,86.076,296.8034,-4.2,286,Neutral
2025-03-01,alba,matara,1,4550.0,4587.1875,0,0.0,0.0,22329,19000,26.675625000000007,229.66600000000005,295.909,-2.6,286,Neutral
2025-04-01,alba,matara,1,4550.0,4609.0625,1,0.0,0.0,5582,18000,27.221875,272.281,298.5312,-2.0,274,Neutral
2025-05-01,alba,matara,1,4518.75,4537.8125,1,0.0,0.0,5582,15000,27.324375,191.717,299.4142,-0.7,274,Neutral
2025-06-01,alba,matara,1,4462.5,4478.75,1,0.0,0.0,20560,15000,26.9,170.3,301.12,-0.6,305,Neutral
2025-07-01,alba,matara,1,4537.5,4521.25,1,0.0,0.0,35106,15000,27.0,148.3,301.12,-0.3,305,Neutral
2025-08-01,alba,matara,1,4525.0,4595.9375,1,0.0,0.0,39860,15000,26.8,135.0,301.12,1.2,299,Neutral
2025-09-01,alba,matara,1,4525.0,4541.25,1,0.0,0.0,31328,20000,26.7,213.3,302.0368,2.4,299,Neutral
2025-10-01,alba,matara,1,4568.75,4541.25,1,0.0,0.0,27000,22000,26.57,241.2,7.03,2.4,286,Neutral
2025-11-01,alba,matara,1,4703.0,4703.0,1,0.0,0.0,27000,25000,25.79,418.9,7.03,2.4,286,Neutral
2025-12-01,alba,matara,1,5297.6,5297.6,1,0.0,0.0,27000,28000,25.54,145.8,7.03,2.4,286,Neutral
2026-01-01,alba,matara,1,5750.0,5750.0,0,0.0,1300.0,15000,14000,25.49,64.2,7.03,2.4,279,Neutral
2026-02-01,alba,matara,1,6225.0,5750.0,0,0.0,1300.0,16000,14800,25.54,63.7,7.03,2.4,277,Neutral
2020-01-01,c4,matara,1,1981.0,1900.475,0,0.0,1310.5,19156,11106,25.560625,57.7385,181.4036,5.7,104,Neutral
2020-02-01,c4,matara,1,2143.25,2030.3925,0,0.0,1310.5,15757,15549,25.815625,28.699000000000005,181.5628,6.2,104,Neutral
2020-03-01,c4,matara,1,2241.5,2145.285,0,0.0,1123.3,23807,17770,27.176875000000003,29.896,185.0567,5.4,104,Neutral
2020-04-01,c4,matara,1,2004.0,1979.75,1,1145.0,748.9,19991,17770,28.133125000000003,129.9175,193.0854,5.2,104,Neutral
2020-05-01,c4,matara,1,2062.0,2071.125,1,2290.0,936.1,18605,17770,27.856250000000003,239.16,187.865,4.0,104,Neutral
2020-06-01,c4,matara,1,2204.2,2072.884,1,3435.0,936.1,12568,13327,27.2925,107.60849999999998,185.9545,3.9,104,Neutral
2020-07-01,c4,matara,1,2225.5,2091.0,1,3435.0,748.9,11732,13327,26.540625,118.602,185.8487,4.2,104,Neutral
2020-08-01,c4,matara,1,2205.8,2063.946,1,2290.0,2808.3,15340,13327,26.786875,85.95949999999999,184.8939,4.1,104,Neutral
2020-09-01,c4,matara,1,2211.75,2090.93,1,1145.0,2808.3,19365,17770,26.410625,198.4555,185.0317,4.0,104,Neutral
2020-10-01,c4,matara,1,2248.25,2183.96,1,2290.0,2808.3,24225,22212,26.730625,90.7945,184.4379,4.0,104,Neutral
2020-11-01,c4,matara,1,2253.5,2217.575,1,3435.0,1685.0,22212,26655,26.305625000000003,308.663,184.7882,4.1,104,Neutral
2020-12-01,c4,matara,1,2270.6,2199.652,1,3435.0,1497.7,19364,35539,25.624375,301.8475,187.1822,4.2,104,Neutral
2021-01-01,c4,matara,1,2273.0,2185.465,0,0.0,1317.0,21474,12450,25.203125,261.9235,190.4918,3.0,104,Neutral
2021-02-01,c4,matara,1,2309.5,2202.8575,0,0.0,1317.0,17664,17430,25.576875000000005,57.901,194.0665,3.3,104,Neutral
2021-03-01,c4,matara,1,2341.8,2243.548,0,0.0,1128.9,26688,19920,26.118125,146.487,196.9825,4.1,104,Neutral
2021-04-01,c4,matara,1,2399.0,2284.9866666666667,1,1185.0,752.6,22410,19920,27.244375,130.3815,197.423,3.9,104,Neutral
2021-05-01,c4,matara,1,2429.333333333333,2296.056666666667,1,2370.0,940.7,20856,19920,27.279375,258.98,199.5847,4.5,111,Neutral
2021-06-01,c4,matara,1,2584.5,2388.08,1,3555.0,940.7,14088,14940,26.799375000000005,132.15700000000004,199.8161,5.2,111,Neutral
2021-07-01,c4,matara,1,2584.75,2440.3025,1,3555.0,752.6,13152,14940,26.590625,138.03850000000003,199.9778,5.7,111,Neutral
2021-08-01,c4,matara,1,2588.6666666666665,2476.19,1,2370.0,2822.2,17196,14940,26.2875,132.23650000000004,200.4965,6.0,111,Neutral
2021-09-01,c4,matara,1,2588.6666666666665,2476.19,1,1185.0,2822.2,21708,19920,26.593750000000004,170.17950000000002,201.9858,5.7,111,Neutral
2021-10-01,c4,matara,1,2596.5,2406.3175,1,2370.0,2822.2,27156,24900,26.34625,341.85200000000003,201.0899,7.6,111,Neutral
2021-11-01,c4,matara,1,2598.2,2483.172,1,3555.0,1693.3,24900,29880,25.869375,470.629,201.8582,9.9,111,Neutral
2021-12-01,c4,matara,1,2609.5,2455.965,1,3555.0,1505.2,21708,39840,25.6075,141.56449999999998,201.399,12.1,121,Neutral
2022-01-01,c4,matara,1,2647.0,2475.4974999999995,0,0.0,1280.9,19275,11175,25.470625,122.19749999999996,201.4647,14.2,121,Neutral
2022-02-01,c4,matara,1,2704.4,2517.0,0,0.0,1280.9,15855,15645,25.4025,163.791,201.7362,15.1,176,Neutral
2022-03-01,c4,matara,1,3277.0,2941.236666666666,0,0.0,1097.9,23955,17880,26.5825,89.29799999999999,255.8081,18.7,176,Neutral
2022-04-01,c4,matara,1,3830.3333333333335,3453.486666666666,1,1188.0,731.9,20115,17880,27.1175,306.01150000000007,319.4404,29.8,289,Neutral
2022-05-01,c4,matara,1,4179.0,3729.43,1,2376.0,914.9,18720,17880,27.130625,193.646,358.939,39.1,289,Neutral
2022-06-01,c4,matara,1,4197.0,3808.0625,1,3564.0,914.9,12646,13410,26.5225,86.711,360.2428,54.6,430,Neutral
2022-07-01,c4,matara,1,3898.75,3673.6725,1,3564.0,731.9,11805,13410,26.33,122.364,360.8724,60.8,430,Neutral
2022-08-01,c4,matara,1,3803.4,3627.944,1,2376.0,2744.7,15435,13410,25.99375,169.767,360.9983,64.3,430,Neutral
2022-09-01,c4,matara,1,3632.5,3417.9275,1,1188.0,2744.7,19485,17880,26.27,74.46399999999998,362.3826,69.8,415,Neutral
2022-10-01,c4,matara,1,3656.25,3409.6800000000003,1,2376.0,2744.7,24375,22350,26.19625,295.946,363.1484,66.0,430,Neutral
2022-11-01,c4,matara,1,3660.2,3487.3720000000003,1,3564.0,1646.8,22350,26820,25.59125000000001,289.1615,363.394,61.0,420,Neutral
2022-12-01,c4,matara,1,3598.5,3392.39,1,3564.0,1463.9,19484,35760,25.180625,289.313,363.1652,57.2,420,Neutral
2023-01-01,c4,matara,1,3654.2,3440.256,0,0.0,1377.4,20560,11920,24.488750000000007,122.862,362.4228,51.7,405,Neutral
2023-02-01,c4,matara,1,3577.0,3484.9225,0,0.0,1377.4,16912,16688,25.101875,158.296,361.9766,50.6,405,Neutral
2023-03-01,c4,matara,1,3188.5,3031.7525,0,0.0,1180.6,25552,19072,26.566875,113.27299999999998,329.4709,50.3,325,Neutral
2023-04-01,c4,matara,1,3466.0,3147.7700000000004,1,1120.5,787.1,21456,19072,27.605000000000004,161.4275,321.4244,35.3,310,Neutral
2023-05-01,c4,matara,1,3292.4,3214.894,1,2241.0,983.9,19969,19072,27.3725,198.883,310.1639,25.2,310,Neutral
2023-06-01,c4,matara,1,3115.0,2997.3900000000003,1,3361.5,983.9,13489,14304,27.287499999999994,101.3585,301.2612,12.0,308,Neutral
2023-07-01,c4,matara,1,3108.8,3046.8320000000003,1,3361.5,787.1,12592,14304,26.892499999999995,65.55649999999997,319.2903,6.3,306,Neutral
2023-08-01,c4,matara,1,2963.25,2885.0875000000005,1,2241.0,2951.6,16464,14304,27.4525,70.13050000000001,321.5764,4.0,341,Neutral
2023-09-01,c4,matara,1,2997.0,2948.8775000000005,1,1120.5,2951.6,20784,19072,26.727500000000003,328.41850000000005,322.7693,1.3,351,Neutral
2023-10-01,c4,matara,1,2957.4,2945.3520000000003,1,2241.0,2951.6,26000,23840,26.228125,585.5705,324.7303,1.5,356,Neutral
2023-11-01,c4,matara,1,2905.25,2878.5325000000003,1,3361.5,1770.9,23840,28608,26.368125,447.1740000000001,328.25,3.4,329,Neutral
2023-12-01,c4,matara,1,3007.5,2920.0225,1,3361.5,1574.2,20785,38147,26.25625,472.0125,326.7423,4.0,358,Neutral
2024-01-01,c4,matara,1,3059.4,2994.002,0,0.0,1330.0,21388,12400,25.613125,283.5445,321.1706,6.4,363,Neutral
2024-02-01,c4,matara,1,3008.0,3001.66,0,0.0,1330.0,17593,17360,26.340000000000003,29.858500000000003,312.5801,5.9,363,Neutral
2024-03-01,c4,matara,1,3058.25,3068.19,0,0.0,1140.0,26581,19840,27.113125,41.225,305.665,0.9,363,Neutral
2024-04-01,c4,matara,1,3112.0,3110.7760000000003,1,1120.0,760.0,22320,19840,28.68625,101.2695,299.4232,1.5,333,Neutral
2024-05-01,c4,matara,1,3129.5,3173.33,1,2240.0,950.0,20772,19840,28.328125000000004,226.944,299.6923,0.9,317,Neutral
2024-06-01,c4,matara,1,3178.5,3163.8725000000004,1,3360.0,950.0,14032,14880,27.524374999999992,82.85149999999999,303.8121,1.7,317,Neutral
2024-07-01,c4,matara,1,3203.0,3180.7225,1,3360.0,760.0,13099,14880,27.48125,67.39349999999999,303.7559,2.4,317,Neutral
2024-08-01,c4,matara,1,3302.25,3238.74,1,2240.0,2850.0,17127,14880,27.2175,137.24199999999996,300.6683,0.5,307,Neutral
2024-09-01,c4,matara,1,3435.25,3380.0325000000003,1,1120.0,2850.0,21621,19840,27.541875,69.441,301.1505,-0.5,283,Neutral
2024-10-01,c4,matara,1,3600.0,3462.6575000000003,1,2240.0,2850.0,27047,24800,26.887500000000003,196.62100000000004,293.7851,-0.8,283,Neutral
2024-11-01,c4,matara,1,3620.0,3554.8475,1,3360.0,1710.0,24800,29760,26.468125,381.7135,292.0092,-2.1,286,Neutral
2024-12-01,c4,matara,1,3726.4,3636.0520000000006,1,3360.0,1520.0,21620,39680,26.13437500000001,170.53300000000002,291.6805,-1.7,286,Neutral
2025-01-01,c4,matara,1,3747.0,3656.1075,0,0.0,0.0,21820,27000,25.2225,274.39300000000003,296.1796,-4.0,286,Neutral
2025-02-01,c4,matara,1,3757.25,3666.0375,0,0.0,0.0,25314,24000,25.713125,86.076,296.8034,-4.2,286,Neutral
2025-03-01,c4,matara,1,3792.75,3681.44,0,0.0,0.0,22329,19000,26.675625000000007,229.66600000000005,295.909,-2.6,286,Neutral
2025-04-01,c4,matara,1,3842.5,3723.8,1,0.0,0.0,5582,18000,27.221875,272.281,298.5312,-2.0,274,Neutral
2025-05-01,c4,matara,1,3805.25,3663.415,1,0.0,0.0,5582,15000,27.324375,191.717,299.4142,-0.7,274,Neutral
2025-06-01,c4,matara,1,3679.5,3608.4175,1,0.0,0.0,20560,15000,26.9,170.3,301.12,-0.6,305,Neutral
2025-07-01,c4,matara,1,3728.5,3622.666,1,0.0,0.0,35106,15000,27.0,148.3,301.12,-0.3,305,Neutral
2025-08-01,c4,matara,1,3741.75,3638.3875,1,0.0,0.0,39860,15000,26.8,135.0,301.12,1.2,299,Neutral
2025-09-01,c4,matara,1,3753.0,3638.67,1,0.0,0.0,31328,20000,26.7,213.3,302.0368,2.4,299,Neutral
2025-10-01,c4,matara,1,3792.5,3638.67,1,0.0,0.0,27000,22000,26.57,241.2,7.03,2.4,286,Neutral
2025-11-01,c4,matara,1,3912.5,3912.5,1,0.0,0.0,27000,25000,25.79,418.9,7.03,2.4,286,Neutral
2025-12-01,c4,matara,1,4206.4,4206.4,1,0.0,0.0,27000,28000,25.54,145.8,7.03,2.4,286,Neutral
2026-01-01,c4,matara,1,4666.75,4666.75,0,0.0,1300.0,15000,14000,25.49,64.2,7.03,2.4,279,Neutral
2026-02-01,c4,matara,1,4728.0,4666.75,0,0.0,1300.0,16000,14800,25.54,63.7,7.03,2.4,277,Neutral
2020-01-01,c5,matara,1,2045.0,2091.6975,0,0.0,1310.5,19156,11106,25.560625,57.7385,181.4036,5.7,104,Neutral
2020-02-01,c5,matara,1,2320.25,2235.8575,0,0.0,1310.5,15757,15549,25.815625,28.699000000000005,181.5628,6.2,104,Neutral
2020-03-01,c5,matara,1,2425.0,2325.1400000000003,0,0.0,1123.3,23807,17770,27.176875000000003,29.896,185.0567,5.4,104,Neutral
2020-04-01,c5,matara,1,2125.5,2162.625,1,1145.0,748.9,19991,17770,28.133125000000003,129.9175,193.0854,5.2,104,Neutral
2020-05-01,c5,matara,1,2174.25,2209.4375,1,2290.0,936.1,18605,17770,27.856250000000003,239.16,187.865,4.0,104,Neutral
2020-06-01,c5,matara,1,2323.4,2297.656,1,3435.0,936.1,12568,13327,27.2925,107.60849999999998,185.9545,3.9,104,Neutral
2020-07-01,c5,matara,1,2291.5,2268.3575,1,3435.0,748.9,11732,13327,26.540625,118.602,185.8487,4.2,104,Neutral
2020-08-01,c5,matara,1,2304.8,2272.194,1,2290.0,2808.3,15340,13327,26.786875,85.95949999999999,184.8939,4.1,104,Neutral
2020-09-01,c5,matara,1,2300.0,2263.9300000000003,1,1145.0,2808.3,19365,17770,26.410625,198.4555,185.0317,4.0,104,Neutral
2020-10-01,c5,matara,1,2315.0,2309.0925,1,2290.0,2808.3,24225,22212,26.730625,90.7945,184.4379,4.0,104,Neutral
2020-11-01,c5,matara,1,2326.0,2325.525,1,3435.0,1685.0,22212,26655,26.305625000000003,308.663,184.7882,4.1,104,Neutral
2020-12-01,c5,matara,1,2370.2,2349.288,1,3435.0,1497.7,19364,35539,25.624375,301.8475,187.1822,4.2,104,Neutral
2021-01-01,c5,matara,1,2377.0,2325.4300000000003,0,0.0,1317.0,21474,12450,25.203125,261.9235,190.4918,3.0,104,Neutral
2021-02-01,c5,matara,1,2412.5,2368.2875000000004,0,0.0,1317.0,17664,17430,25.576875000000005,57.901,194.0665,3.3,104,Neutral
2021-03-01,c5,matara,1,2441.0,2414.456,0,0.0,1128.9,26688,19920,26.118125,146.487,196.9825,4.1,104,Neutral
2021-04-01,c5,matara,1,2497.333333333333,2445.6200000000003,1,1185.0,752.6,22410,19920,27.244375,130.3815,197.423,3.9,104,Neutral
2021-05-01,c5,matara,1,2533.33,2458.39,1,2370.0,940.7,20856,19920,27.279375,258.98,199.5847,4.5,111,Neutral
2021-06-01,c5,matara,1,2658.5,2550.0,1,3555.0,940.7,14088,14940,26.799375000000005,132.15700000000004,199.8161,5.2,111,Neutral
2021-07-01,c5,matara,1,2666.25,2587.9525,1,3555.0,752.6,13152,14940,26.590625,138.03850000000003,199.9778,5.7,111,Neutral
2021-08-01,c5,matara,1,2727.6666666666665,2615.523333333333,1,2370.0,2822.2,17196,14940,26.2875,132.23650000000004,200.4965,6.0,111,Neutral
2021-09-01,c5,matara,1,2727.6666666666665,2615.523333333333,1,1185.0,2822.2,21708,19920,26.593750000000004,170.17950000000002,201.9858,5.7,111,Neutral
2021-10-01,c5,matara,1,2714.0,2588.9975,1,2370.0,2822.2,27156,24900,26.34625,341.85200000000003,201.0899,7.6,111,Neutral
2021-11-01,c5,matara,1,2736.8,2644.142,1,3555.0,1693.3,24900,29880,25.869375,470.629,201.8582,9.9,111,Neutral
2021-12-01,c5,matara,1,2759.5,2618.7125,1,3555.0,1505.2,21708,39840,25.6075,141.56449999999998,201.399,12.1,121,Neutral
2022-01-01,c5,matara,1,2821.0,2624.32,0,0.0,1280.9,19275,11175,25.470625,122.19749999999996,201.4647,14.2,121,Neutral
2022-02-01,c5,matara,1,2822.6,2683.17,0,0.0,1280.9,15855,15645,25.4025,163.791,201.7362,15.1,176,Neutral
2022-03-01,c5,matara,1,3422.0,3178.7233333333334,0,0.0,1097.9,23955,17880,26.5825,89.29799999999999,255.8081,18.7,176,Neutral
2022-04-01,c5,matara,1,4003.3333333333335,3718.9233333333336,1,1188.0,731.9,20115,17880,27.1175,306.01150000000007,319.4404,29.8,289,Neutral
2022-05-01,c5,matara,1,4327.5,3985.8925,1,2376.0,914.9,18720,17880,27.130625,193.646,358.939,39.1,289,Neutral
2022-06-01,c5,matara,1,4438.75,4086.150000000001,1,3564.0,914.9,12646,13410,26.5225,86.711,360.2428,54.6,430,Neutral
2022-07-01,c5,matara,1,4458.25,4011.5475,1,3564.0,731.9,11805,13410,26.33,122.364,360.8724,60.8,430,Neutral
2022-08-01,c5,matara,1,4169.8,3950.228,1,2376.0,2744.7,15435,13410,25.99375,169.767,360.9983,64.3,430,Neutral
2022-09-01,c5,matara,1,3906.25,3659.1175,1,1188.0,2744.7,19485,17880,26.27,74.46399999999998,362.3826,69.8,415,Neutral
2022-10-01,c5,matara,1,4179.0,3718.3975,1,2376.0,2744.7,24375,22350,26.19625,295.946,363.1484,66.0,430,Neutral
2022-11-01,c5,matara,1,4020.0,3771.056,1,3564.0,1646.8,22350,26820,25.59125000000001,289.1615,363.394,61.0,420,Neutral
2022-12-01,c5,matara,1,3841.75,3693.5725,1,3564.0,1463.9,19484,35760,25.180625,289.313,363.1652,57.2,420,Neutral
2023-01-01,c5,matara,1,3954.0,3792.228,0,0.0,1377.4,20560,11920,24.488750000000007,122.862,362.4228,51.7,405,Neutral
2023-02-01,c5,matara,1,3780.25,3800.22,0,0.0,1377.4,16912,16688,25.101875,158.296,361.9766,50.6,405,Neutral
2023-03-01,c5,matara,1,3554.0,3412.5675,0,0.0,1180.6,25552,19072,26.566875,113.27299999999998,329.4709,50.3,325,Neutral
2023-04-01,c5,matara,1,3808.3333333333335,3608.103333333333,1,1120.5,787.1,21456,19072,27.605000000000004,161.4275,321.4244,35.3,310,Neutral
2023-05-01,c5,matara,1,3505.2,3538.882,1,2241.0,983.9,19969,19072,27.3725,198.883,310.1639,25.2,310,Neutral
2023-06-01,c5,matara,1,3354.5,3322.8475,1,3361.5,983.9,13489,14304,27.287499999999994,101.3585,301.2612,12.0,308,Neutral
2023-07-01,c5,matara,1,3302.6,3377.952,1,3361.5,787.1,12592,14304,26.892499999999995,65.55649999999997,319.2903,6.3,306,Neutral
2023-08-01,c5,matara,1,3195.0,3230.94,1,2241.0,2951.6,16464,14304,27.4525,70.13050000000001,321.5764,4.0,341,Neutral
2023-09-01,c5,matara,1,3174.0,3237.5650000000005,1,1120.5,2951.6,20784,19072,26.727500000000003,328.41850000000005,322.7693,1.3,351,Neutral
2023-10-01,c5,matara,1,3246.6,3262.976,1,2241.0,2951.6,26000,23840,26.228125,585.5705,324.7303,1.5,356,Neutral
2023-11-01,c5,matara,1,3187.5,3142.205,1,3361.5,1770.9,23840,28608,26.368125,447.1740000000001,328.25,3.4,329,Neutral
2023-12-01,c5,matara,1,3178.25,3200.8375000000005,1,3361.5,1574.2,20785,38147,26.25625,472.0125,326.7423,4.0,358,Neutral
2024-01-01,c5,matara,1,3235.0,3300.952,0,0.0,1330.0,21388,12400,25.613125,283.5445,321.1706,6.4,363,Neutral
2024-02-01,c5,matara,1,3173.0,3279.63,0,0.0,1330.0,17593,17360,26.340000000000003,29.858500000000003,312.5801,5.9,363,Neutral
2024-03-01,c5,matara,1,3341.75,3361.5975,0,0.0,1140.0,26581,19840,27.113125,41.225,305.665,0.9,363,Neutral
2024-04-01,c5,matara,1,3247.4,3391.1100000000006,1,1120.0,760.0,22320,19840,28.68625,101.2695,299.4232,1.5,333,Neutral
2024-05-01,c5,matara,1,3288.75,3502.105,1,2240.0,950.0,20772,19840,28.328125000000004,226.944,299.6923,0.9,317,Neutral
2024-06-01,c5,matara,1,3347.0,3491.9925,1,3360.0,950.0,14032,14880,27.524374999999992,82.85149999999999,303.8121,1.7,317,Neutral
2024-07-01,c5,matara,1,3321.0,3375.5600000000004,1,3360.0,760.0,13099,14880,27.48125,67.39349999999999,303.7559,2.4,317,Neutral
2024-08-01,c5,matara,1,3408.75,3433.1925,1,2240.0,2850.0,17127,14880,27.2175,137.24199999999996,300.6683,0.5,307,Neutral
2024-09-01,c5,matara,1,3515.75,3574.0025,1,1120.0,2850.0,21621,19840,27.541875,69.441,301.1505,-0.5,283,Neutral
2024-10-01,c5,matara,1,3648.25,3622.975,1,2240.0,2850.0,27047,24800,26.887500000000003,196.62100000000004,293.7851,-0.8,283,Neutral
2024-11-01,c5,matara,1,3716.0,3714.345,1,3360.0,1710.0,24800,29760,26.468125,381.7135,292.0092,-2.1,286,Neutral
2024-12-01,c5,matara,1,3816.6,3801.338,1,3360.0,1520.0,21620,39680,26.13437500000001,170.53300000000002,291.6805,-1.7,286,Neutral
2025-01-01,c5,matara,1,3850.0,3804.8475,0,0.0,0.0,21820,27000,25.2225,274.39300000000003,296.1796,-4.0,286,Neutral
2025-02-01,c5,matara,1,3838.0,3809.4075,0,0.0,0.0,25314,24000,25.713125,86.076,296.8034,-4.2,286,Neutral
2025-03-01,c5,matara,1,3917.5,3785.16,0,0.0,0.0,22329,19000,26.675625000000007,229.66600000000005,295.909,-2.6,286,Neutral
2025-04-01,c5,matara,1,3948.5,3857.785,1,0.0,0.0,5582,18000,27.221875,272.281,298.5312,-2.0,274,Neutral
2025-05-01,c5,matara,1,3869.0,3795.502500000001,1,0.0,0.0,5582,15000,27.324375,191.717,299.4142,-0.7,274,Neutral
2025-06-01,c5,matara,1,3800.0,3766.565,1,0.0,0.0,20560,15000,26.9,170.3,301.12,-0.6,305,Neutral
2025-07-01,c5,matara,1,3847.25,3761.8020000000006,1,0.0,0.0,35106,15000,27.0,148.3,301.12,-0.3,305,Neutral
2025-08-01,c5,matara,1,3855.75,3801.6575,1,0.0,0.0,39860,15000,26.8,135.0,301.12,1.2,299,Neutral
2025-09-01,c5,matara,1,3840.0,3817.505,1,0.0,0.0,31328,20000,26.7,213.3,302.0368,2.4,299,Neutral
2025-10-01,c5,matara,1,3916.25,3817.505,1,0.0,0.0,27000,22000,26.57,241.2,7.03,2.4,286,Neutral
2025-11-01,c5,matara,1,4003.0,4003.0,1,0.0,0.0,27000,25000,25.79,418.9,7.03,2.4,286,Neutral
2025-12-01,c5,matara,1,4427.6,4427.6,1,0.0,0.0,27000,28000,25.54,145.8,7.03,2.4,286,Neutral
2026-01-01,c5,matara,1,4839.75,4839.75,0,0.0,1300.0,15000,14000,25.49,64.2,7.03,2.4,279,Neutral
2026-02-01,c5,matara,1,4950.0,4839.75,0,0.0,1300.0,16000,14800,25.54,63.7,7.03,2.4,277,Neutral
2020-01-01,c5sp,matara,1,2325.0,2342.3875,0,0.0,1310.5,19156,11106,25.560625,57.7385,181.4036,5.7,104,Neutral
2020-02-01,c5sp,matara,1,2585.0,2505.65,0,0.0,1310.5,15757,15549,25.815625,28.699000000000005,181.5628,6.2,104,Neutral
2020-03-01,c5sp,matara,1,2633.5,2613.8,0,0.0,1123.3,23807,17770,27.176875000000003,29.896,185.0567,5.4,104,Neutral
2020-04-01,c5sp,matara,1,2341.5,2413.835,1,1145.0,748.9,19991,17770,28.133125000000003,129.9175,193.0854,5.2,104,Neutral
2020-05-01,c5sp,matara,1,2370.75,2439.6875,1,2290.0,936.1,18605,17770,27.856250000000003,239.16,187.865,4.0,104,Neutral
2020-06-01,c5sp,matara,1,2503.2,2517.56,1,3435.0,936.1,12568,13327,27.2925,107.60849999999998,185.9545,3.9,104,Neutral
2020-07-01,c5sp,matara,1,2475.0,2524.9,1,3435.0,748.9,11732,13327,26.540625,118.602,185.8487,4.2,104,Neutral
2020-08-01,c5sp,matara,1,2453.4,2484.84,1,2290.0,2808.3,15340,13327,26.786875,85.95949999999999,184.8939,4.1,104,Neutral
2020-09-01,c5sp,matara,1,2433.5,2435.95,1,1145.0,2808.3,19365,17770,26.410625,198.4555,185.0317,4.0,104,Neutral
2020-10-01,c5sp,matara,1,2531.5,2513.75,1,2290.0,2808.3,24225,22212,26.730625,90.7945,184.4379,4.0,104,Neutral
2020-11-01,c5sp,matara,1,2476.25,2501.355,1,3435.0,1685.0,22212,26655,26.305625000000003,308.663,184.7882,4.1,104,Neutral
2020-12-01,c5sp,matara,1,2523.4,2537.79,1,3435.0,1497.7,19364,35539,25.624375,301.8475,187.1822,4.2,104,Neutral
2021-01-01,c5sp,matara,1,2537.5,2536.75,0,0.0,1317.0,21474,12450,25.203125,261.9235,190.4918,3.0,104,Neutral
2021-02-01,c5sp,matara,1,2550.0,2571.1,0,0.0,1317.0,17664,17430,25.576875000000005,57.901,194.0665,3.3,104,Neutral
2021-03-01,c5sp,matara,1,2570.0,2606.7200000000003,0,0.0,1128.9,26688,19920,26.118125,146.487,196.9825,4.1,104,Neutral
2021-04-01,c5sp,matara,1,2627.67,2627.4,1,1185.0,752.6,22410,19920,27.244375,130.3815,197.423,3.9,104,Neutral
2021-05-01,c5sp,matara,1,2630.6666666666665,2629.6666666666665,1,2370.0,940.7,20856,19920,27.279375,258.98,199.5847,4.5,111,Neutral
2021-06-01,c5sp,matara,1,2800.0,2733.875,1,3555.0,940.7,14088,14940,26.799375000000005,132.15700000000004,199.8161,5.2,111,Neutral
2021-07-01,c5sp,matara,1,2858.25,2792.6125,1,3555.0,752.6,13152,14940,26.590625,138.03850000000003,199.9778,5.7,111,Neutral
2021-08-01,c5sp,matara,1,2891.6666666666665,2814.816666666667,1,2370.0,2822.2,17196,14940,26.2875,132.23650000000004,200.4965,6.0,111,Neutral
2021-09-01,c5sp,matara,1,2891.6666666666665,2814.816666666667,1,1185.0,2822.2,21708,19920,26.593750000000004,170.17950000000002,201.9858,5.7,111,Neutral
2021-10-01,c5sp,matara,1,2954.25,2854.4175,1,2370.0,2822.2,27156,24900,26.34625,341.85200000000003,201.0899,7.6,111,Neutral
2021-11-01,c5sp,matara,1,2976.6,2884.0800000000004,1,3555.0,1693.3,24900,29880,25.869375,470.629,201.8582,9.9,111,Neutral
2021-12-01,c5sp,matara,1,3016.5,2871.3,1,3555.0,1505.2,21708,39840,25.6075,141.56449999999998,201.399,12.1,121,Neutral
2022-01-01,c5sp,matara,1,3104.0,2933.2000000000003,0,0.0,1280.9,19275,11175,25.470625,122.19749999999996,201.4647,14.2,121,Neutral
2022-02-01,c5sp,matara,1,3136.6,2974.24,0,0.0,1280.9,15855,15645,25.4025,163.791,201.7362,15.1,176,Neutral
2022-03-01,c5sp,matara,1,3677.6666666666665,3430.2666666666664,0,0.0,1097.9,23955,17880,26.5825,89.29799999999999,255.8081,18.7,176,Neutral
2022-04-01,c5sp,matara,1,4347.333333333333,4027.216666666666,1,1188.0,731.9,20115,17880,27.1175,306.01150000000007,319.4404,29.8,289,Neutral
2022-05-01,c5sp,matara,1,4704.25,4336.85,1,2376.0,914.9,18720,17880,27.130625,193.646,358.939,39.1,289,Neutral
2022-06-01,c5sp,matara,1,4925.0,4520.7375,1,3564.0,914.9,12646,13410,26.5225,86.711,360.2428,54.6,430,Neutral
2022-07-01,c5sp,matara,1,4984.5,4599.9375,1,3564.0,731.9,11805,13410,26.33,122.364,360.8724,60.8,430,Neutral
2022-08-01,c5sp,matara,1,4872.0,4578.360000000001,1,2376.0,2744.7,15435,13410,25.99375,169.767,360.9983,64.3,430,Neutral
2022-09-01,c5sp,matara,1,4642.0,4358.1,1,1188.0,2744.7,19485,17880,26.27,74.46399999999998,362.3826,69.8,415,Neutral
2022-10-01,c5sp,matara,1,4966.75,4476.65,1,2376.0,2744.7,24375,22350,26.19625,295.946,363.1484,66.0,430,Neutral
2022-11-01,c5sp,matara,1,4846.8,4499.52,1,3564.0,1646.8,22350,26820,25.59125000000001,289.1615,363.394,61.0,420,Neutral
2022-12-01,c5sp,matara,1,4749.75,4475.75,1,3564.0,1463.9,19484,35760,25.180625,289.313,363.1652,57.2,420,Neutral
2023-01-01,c5sp,matara,1,5013.2,4722.6,0,0.0,1377.4,20560,11920,24.488750000000007,122.862,362.4228,51.7,405,Neutral
2023-02-01,c5sp,matara,1,4833.25,4581.45,0,0.0,1377.4,16912,16688,25.101875,158.296,361.9766,50.6,405,Neutral
2023-03-01,c5sp,matara,1,4304.25,4079.7,0,0.0,1180.6,25552,19072,26.566875,113.27299999999998,329.4709,50.3,325,Neutral
2023-04-01,c5sp,matara,1,4544.333333333333,4165.233333333334,1,1120.5,787.1,21456,19072,27.605000000000004,161.4275,321.4244,35.3,310,Neutral
2023-05-01,c5sp,matara,1,4333.4,4267.84,1,2241.0,983.9,19969,19072,27.3725,198.883,310.1639,25.2,310,Neutral
2023-06-01,c5sp,matara,1,4016.5,4070.5,1,3361.5,983.9,13489,14304,27.287499999999994,101.3585,301.2612,12.0,308,Neutral
2023-07-01,c5sp,matara,1,3789.0,3957.32,1,3361.5,787.1,12592,14304,26.892499999999995,65.55649999999997,319.2903,6.3,306,Neutral
2023-08-01,c5sp,matara,1,3716.75,3572.7000000000003,1,2241.0,2951.6,16464,14304,27.4525,70.13050000000001,321.5764,4.0,341,Neutral
2023-09-01,c5sp,matara,1,3750.0,3760.75,1,1120.5,2951.6,20784,19072,26.727500000000003,328.41850000000005,322.7693,1.3,351,Neutral
2023-10-01,c5sp,matara,1,3780.0,3869.2,1,2241.0,2951.6,26000,23840,26.228125,585.5705,324.7303,1.5,356,Neutral
2023-11-01,c5sp,matara,1,3683.25,3829.75,1,3361.5,1770.9,23840,28608,26.368125,447.1740000000001,328.25,3.4,329,Neutral
2023-12-01,c5sp,matara,1,3662.5,3843.15,1,3361.5,1574.2,20785,38147,26.25625,472.0125,326.7423,4.0,358,Neutral
2024-01-01,c5sp,matara,1,3667.0,3752.64,0,0.0,1330.0,21388,12400,25.613125,283.5445,321.1706,6.4,363,Neutral
2024-02-01,c5sp,matara,1,3550.25,3698.45,0,0.0,1330.0,17593,17360,26.340000000000003,29.858500000000003,312.5801,5.9,363,Neutral
2024-03-01,c5sp,matara,1,3800.0,3825.375,0,0.0,1140.0,26581,19840,27.113125,41.225,305.665,0.9,363,Neutral
2024-04-01,c5sp,matara,1,3826.6,3791.38,1,1120.0,760.0,22320,19840,28.68625,101.2695,299.4232,1.5,333,Neutral
2024-05-01,c5sp,matara,1,3841.5,3801.725,1,2240.0,950.0,20772,19840,28.328125000000004,226.944,299.6923,0.9,317,Neutral
2024-06-01,c5sp,matara,1,3725.0,3780.3,1,3360.0,950.0,14032,14880,27.524374999999992,82.85149999999999,303.8121,1.7,317,Neutral
2024-07-01,c5sp,matara,1,3545.75,3572.3375,1,3360.0,760.0,13099,14880,27.48125,67.39349999999999,303.7559,2.4,317,Neutral
2024-08-01,c5sp,matara,1,3579.25,3625.65,1,2240.0,2850.0,17127,14880,27.2175,137.24199999999996,300.6683,0.5,307,Neutral
2024-09-01,c5sp,matara,1,3737.75,3768.05,1,1120.0,2850.0,21621,19840,27.541875,69.441,301.1505,-0.5,283,Neutral
2024-10-01,c5sp,matara,1,3779.25,3787.85,1,2240.0,2850.0,27047,24800,26.887500000000003,196.62100000000004,293.7851,-0.8,283,Neutral
2024-11-01,c5sp,matara,1,3866.5,3949.05,1,3360.0,1710.0,24800,29760,26.468125,381.7135,292.0092,-2.1,286,Neutral
2024-12-01,c5sp,matara,1,3940.0,3998.96,1,3360.0,1520.0,21620,39680,26.13437500000001,170.53300000000002,291.6805,-1.7,286,Neutral
2025-01-01,c5sp,matara,1,4054.0,4027.55,0,0.0,0.0,21820,27000,25.2225,274.39300000000003,296.1796,-4.0,286,Neutral
2025-02-01,c5sp,matara,1,3979.0,3989.05,0,0.0,0.0,25314,24000,25.713125,86.076,296.8034,-4.2,286,Neutral
2025-03-01,c5sp,matara,1,4033.25,4045.65,0,0.0,0.0,22329,19000,26.675625000000007,229.66600000000005,295.909,-2.6,286,Neutral
2025-04-01,c5sp,matara,1,4136.25,4094.4625,1,0.0,0.0,5582,18000,27.221875,272.281,298.5312,-2.0,274,Neutral
2025-05-01,c5sp,matara,1,4108.25,4083.15,1,0.0,0.0,5582,15000,27.324375,191.717,299.4142,-0.7,274,Neutral
2025-06-01,c5sp,matara,1,4004.0,4012.3,1,0.0,0.0,20560,15000,26.9,170.3,301.12,-0.6,305,Neutral
2025-07-01,c5sp,matara,1,4041.75,4008.36,1,0.0,0.0,35106,15000,27.0,148.3,301.12,-0.3,305,Neutral
2025-08-01,c5sp,matara,1,4116.75,4084.85,1,0.0,0.0,39860,15000,26.8,135.0,301.12,1.2,299,Neutral
2025-09-01,c5sp,matara,1,4133.5,4062.0,1,0.0,0.0,31328,20000,26.7,213.3,302.0368,2.4,299,Neutral
2025-10-01,c5sp,matara,1,4175.0,4062.0,1,0.0,0.0,27000,22000,26.57,241.2,7.03,2.4,286,Neutral
2025-11-01,c5sp,matara,1,4283.25,4283.25,1,0.0,0.0,27000,25000,25.79,418.9,7.03,2.4,286,Neutral
2025-12-01,c5sp,matara,1,4733.0,4733.0,1,0.0,0.0,27000,28000,25.54,145.8,7.03,2.4,286,Neutral
2026-01-01,c5sp,matara,1,5233.5,5233.5,0,0.0,1300.0,15000,14000,25.49,64.2,7.03,2.4,279,Neutral
2026-02-01,c5sp,matara,1,5333.0,5233.5,0,0.0,1300.0,16000,14800,25.54,63.7,7.03,2.4,277,Neutral
2020-01-01,h1,matara,1,1733.75,1597.6925,0,0.0,1310.5,19156,11106,25.560625,57.7385,181.4036,5.7,104,Neutral
2020-02-01,h1,matara,1,1898.75,1745.71,0,0.0,1310.5,15757,15549,25.815625,28.699000000000005,181.5628,6.2,104,Neutral
2020-03-01,h1,matara,1,1991.0,1869.5,0,0.0,1123.3,23807,17770,27.176875000000003,29.896,185.0567,5.4,104,Neutral
2020-04-01,h1,matara,1,1775.0,1721.875,1,1145.0,748.9,19991,17770,28.133125000000003,129.9175,193.0854,5.2,104,Neutral
2020-05-01,h1,matara,1,1911.5,1779.0125,1,2290.0,936.1,18605,17770,27.856250000000003,239.16,187.865,4.0,104,Neutral
2020-06-01,h1,matara,1,2046.8,1904.232,1,3435.0,936.1,12568,13327,27.2925,107.60849999999998,185.9545,3.9,104,Neutral
2020-07-01,h1,matara,1,2121.5,1972.375,1,3435.0,748.9,11732,13327,26.540625,118.602,185.8487,4.2,104,Neutral
2020-08-01,h1,matara,1,2116.4,1965.6,1,2290.0,2808.3,15340,13327,26.786875,85.95949999999999,184.8939,4.1,104,Neutral
2020-09-01,h1,matara,1,2126.25,1999.5425,1,1145.0,2808.3,19365,17770,26.410625,198.4555,185.0317,4.0,104,Neutral
2020-10-01,h1,matara,1,2148.0,1983.0425,1,2290.0,2808.3,24225,22212,26.730625,90.7945,184.4379,4.0,104,Neutral
2020-11-01,h1,matara,1,2116.5,2024.8125,1,3435.0,1685.0,22212,26655,26.305625000000003,308.663,184.7882,4.1,104,Neutral
2020-12-01,h1,matara,1,2105.2,2023.666,1,3435.0,1497.7,19364,35539,25.624375,301.8475,187.1822,4.2,104,Neutral
2021-01-01,h1,matara,1,2107.5,1978.825,0,0.0,1317.0,21474,12450,25.203125,261.9235,190.4918,3.0,104,Neutral
2021-02-01,h1,matara,1,2105.75,2031.4175,0,0.0,1317.0,17664,17430,25.576875000000005,57.901,194.0665,3.3,104,Neutral
2021-03-01,h1,matara,1,2137.8,2059.84,0,0.0,1128.9,26688,19920,26.118125,146.487,196.9825,4.1,104,Neutral
2021-04-01,h1,matara,1,2176.0,2094.476666666667,1,1185.0,752.6,22410,19920,27.244375,130.3815,197.423,3.9,104,Neutral
2021-05-01,h1,matara,1,2183.67,2083.266666666667,1,2370.0,940.7,20856,19920,27.279375,258.98,199.5847,4.5,111,Neutral
2021-06-01,h1,matara,1,2280.5,2148.7,1,3555.0,940.7,14088,14940,26.799375000000005,132.15700000000004,199.8161,5.2,111,Neutral
2021-07-01,h1,matara,1,2307.5,2257.5,1,3555.0,752.6,13152,14940,26.590625,138.03850000000003,199.9778,5.7,111,Neutral
2021-08-01,h1,matara,1,2316.0,2182.1566666666663,1,2370.0,2822.2,17196,14940,26.2875,132.23650000000004,200.4965,6.0,111,Neutral
2021-09-01,h1,matara,1,2316.0,2182.1566666666663,1,1185.0,2822.2,21708,19920,26.593750000000004,170.17950000000002,201.9858,5.7,111,Neutral
2021-10-01,h1,matara,1,2277.0,2130.325,1,2370.0,2822.2,27156,24900,26.34625,341.85200000000003,201.0899,7.6,111,Neutral
2021-11-01,h1,matara,1,2291.2,2158.732,1,3555.0,1693.3,24900,29880,25.869375,470.629,201.8582,9.9,111,Neutral
2021-12-01,h1,matara,1,2298.5,2154.3325,1,3555.0,1505.2,21708,39840,25.6075,141.56449999999998,201.399,12.1,121,Neutral
2022-01-01,h1,matara,1,2312.75,2151.1675,0,0.0,1280.9,19275,11175,25.470625,122.19749999999996,201.4647,14.2,121,Neutral
2022-02-01,h1,matara,1,2377.6,2205.7940000000003,0,0.0,1280.9,15855,15645,25.4025,163.791,201.7362,15.1,176,Neutral
2022-03-01,h1,matara,1,3013.6666666666665,2599.5533333333333,0,0.0,1097.9,23955,17880,26.5825,89.29799999999999,255.8081,18.7,176,Neutral
2022-04-01,h1,matara,1,3444.333333333333,3103.1,1,1188.0,731.9,20115,17880,27.1175,306.01150000000007,319.4404,29.8,289,Neutral
2022-05-01,h1,matara,1,3619.5,3276.5725,1,2376.0,914.9,18720,17880,27.130625,193.646,358.939,39.1,289,Neutral
2022-06-01,h1,matara,1,3882.75,3508.5,1,3564.0,914.9,12646,13410,26.5225,86.711,360.2428,54.6,430,Neutral
2022-07-01,h1,matara,1,3681.75,3403.1425,1,3564.0,731.9,11805,13410,26.33,122.364,360.8724,60.8,430,Neutral
2022-08-01,h1,matara,1,3542.4,3340.7160000000003,1,2376.0,2744.7,15435,13410,25.99375,169.767,360.9983,64.3,430,Neutral
2022-09-01,h1,matara,1,3285.0,3091.465,1,1188.0,2744.7,19485,17880,26.27,74.46399999999998,362.3826,69.8,415,Neutral
2022-10-01,h1,matara,1,3204.0,3025.8575,1,2376.0,2744.7,24375,22350,26.19625,295.946,363.1484,66.0,430,Neutral
2022-11-01,h1,matara,1,3189.2,3025.3740000000007,1,3564.0,1646.8,22350,26820,25.59125000000001,289.1615,363.394,61.0,420,Neutral
2022-12-01,h1,matara,1,3153.25,2936.3925,1,3564.0,1463.9,19484,35760,25.180625,289.313,363.1652,57.2,420,Neutral
2023-01-01,h1,matara,1,3186.0,2957.03,0,0.0,1377.4,20560,11920,24.488750000000007,122.862,362.4228,51.7,405,Neutral
2023-02-01,h1,matara,1,3157.75,2997.3125,0,0.0,1377.4,16912,16688,25.101875,158.296,361.9766,50.6,405,Neutral
2023-03-01,h1,matara,1,2809.5,2602.13,0,0.0,1180.6,25552,19072,26.566875,113.27299999999998,329.4709,50.3,325,Neutral
2023-04-01,h1,matara,1,3019.333333333333,2723.13,1,1120.5,787.1,21456,19072,27.605000000000004,161.4275,321.4244,35.3,310,Neutral
2023-05-01,h1,matara,1,2982.0,2756.0080000000003,1,2241.0,983.9,19969,19072,27.3725,198.883,310.1639,25.2,310,Neutral
2023-06-01,h1,matara,1,2828.0,2600.0975,1,3361.5,983.9,13489,14304,27.287499999999994,101.3585,301.2612,12.0,308,Neutral
2023-07-01,h1,matara,1,2831.4,2662.028,1,3361.5,787.1,12592,14304,26.892499999999995,65.55649999999997,319.2903,6.3,306,Neutral
2023-08-01,h1,matara,1,2704.25,2532.955,1,2241.0,2951.6,16464,14304,27.4525,70.13050000000001,321.5764,4.0,341,Neutral
2023-09-01,h1,matara,1,2762.0,2589.285,1,1120.5,2951.6,20784,19072,26.727500000000003,328.41850000000005,322.7693,1.3,351,Neutral
2023-10-01,h1,matara,1,2666.4,2562.152,1,2241.0,2951.6,26000,23840,26.228125,585.5705,324.7303,1.5,356,Neutral
2023-11-01,h1,matara,1,2651.25,2536.2425000000003,1,3361.5,1770.9,23840,28608,26.368125,447.1740000000001,328.25,3.4,329,Neutral
2023-12-01,h1,matara,1,2766.25,2645.41,1,3361.5,1574.2,20785,38147,26.25625,472.0125,326.7423,4.0,358,Neutral
2024-01-01,h1,matara,1,2773.6,2626.252,0,0.0,1330.0,21388,12400,25.613125,283.5445,321.1706,6.4,363,Neutral
2024-02-01,h1,matara,1,2739.0,2651.7225,0,0.0,1330.0,17593,17360,26.340000000000003,29.858500000000003,312.5801,5.9,363,Neutral
2024-03-01,h1,matara,1,2759.5,2651.1575000000003,0,0.0,1140.0,26581,19840,27.113125,41.225,305.665,0.9,363,Neutral
2024-04-01,h1,matara,1,2801.8,2658.362,1,1120.0,760.0,22320,19840,28.68625,101.2695,299.4232,1.5,333,Neutral
2024-05-01,h1,matara,1,2843.25,2677.4525,1,2240.0,950.0,20772,19840,28.328125000000004,226.944,299.6923,0.9,317,Neutral
2024-06-01,h1,matara,1,2871.75,2683.615,1,3360.0,950.0,14032,14880,27.524374999999992,82.85149999999999,303.8121,1.7,317,Neutral
2024-07-01,h1,matara,1,2958.25,2740.435,1,3360.0,760.0,13099,14880,27.48125,67.39349999999999,303.7559,2.4,317,Neutral
2024-08-01,h1,matara,1,3158.0,2823.4325,1,2240.0,2850.0,17127,14880,27.2175,137.24199999999996,300.6683,0.5,307,Neutral
2024-09-01,h1,matara,1,3314.5,2970.9525000000003,1,1120.0,2850.0,21621,19840,27.541875,69.441,301.1505,-0.5,283,Neutral
2024-10-01,h1,matara,1,3450.75,3109.7225,1,2240.0,2850.0,27047,24800,26.887500000000003,196.62100000000004,293.7851,-0.8,283,Neutral
2024-11-01,h1,matara,1,3490.75,3190.4400000000005,1,3360.0,1710.0,24800,29760,26.468125,381.7135,292.0092,-2.1,286,Neutral
2024-12-01,h1,matara,1,3602.4,3331.178,1,3360.0,1520.0,21620,39680,26.13437500000001,170.53300000000002,291.6805,-1.7,286,Neutral
2025-01-01,h1,matara,1,3582.5,3300.3125,0,0.0,0.0,21820,27000,25.2225,274.39300000000003,296.1796,-4.0,286,Neutral
2025-02-01,h1,matara,1,3600.0,3375.605,0,0.0,0.0,25314,24000,25.713125,86.076,296.8034,-4.2,286,Neutral
2025-03-01,h1,matara,1,3594.0,3369.7225,0,0.0,0.0,22329,19000,26.675625000000007,229.66600000000005,295.909,-2.6,286,Neutral
2025-04-01,h1,matara,1,3606.25,3406.9875,1,0.0,0.0,5582,18000,27.221875,272.281,298.5312,-2.0,274,Neutral
2025-05-01,h1,matara,1,3442.0,3272.5975,1,0.0,0.0,5582,15000,27.324375,191.717,299.4142,-0.7,274,Neutral
2025-06-01,h1,matara,1,3261.5,3174.0975,1,0.0,0.0,20560,15000,26.9,170.3,301.12,-0.6,305,Neutral
2025-07-01,h1,matara,1,3278.5,3188.202,1,0.0,0.0,35106,15000,27.0,148.3,301.12,-0.3,305,Neutral
2025-08-01,h1,matara,1,3332.5,3226.9425,1,0.0,0.0,39860,15000,26.8,135.0,301.12,1.2,299,Neutral
2025-09-01,h1,matara,1,3345.0,3236.07,1,0.0,0.0,31328,20000,26.7,213.3,302.0368,2.4,299,Neutral
2025-10-01,h1,matara,1,3361.5,3236.07,1,0.0,0.0,27000,22000,26.57,241.2,7.03,2.4,286,Neutral
2025-11-01,h1,matara,1,3471.75,3471.75,1,0.0,0.0,27000,25000,25.79,418.9,7.03,2.4,286,Neutral
2025-12-01,h1,matara,1,3638.0,3638.0,1,0.0,0.0,27000,28000,25.54,145.8,7.03,2.4,286,Neutral
2026-01-01,h1,matara,1,3762.0,3762.0,0,0.0,1300.0,15000,14000,25.49,64.2,7.03,2.4,279,Neutral
2026-02-01,h1,matara,1,3832.0,3762.0,0,0.0,1300.0,16000,14800,25.54,63.7,7.03,2.4,277,Neutral
2020-01-01,h2,matara,1,1661.0,1496.4,0,0.0,1310.5,19156,11106,25.560625,57.7385,181.4036,5.7,104,Neutral
2020-02-01,h2,matara,1,1780.25,1625.3325,0,0.0,1310.5,15757,15549,25.815625,28.699000000000005,181.5628,6.2,104,Neutral
2020-03-01,h2,matara,1,1783.0,1732.915,0,0.0,1123.3,23807,17770,27.176875000000003,29.896,185.0567,5.4,104,Neutral
2020-04-01,h2,matara,1,1683.5,1587.125,1,1145.0,748.9,19991,17770,28.133125000000003,129.9175,193.0854,5.2,104,Neutral
2020-05-01,h2,matara,1,1787.5,1645.95,1,2290.0,936.1,18605,17770,27.856250000000003,239.16,187.865,4.0,104,Neutral
2020-06-01,h2,matara,1,1995.6,1792.898,1,3435.0,936.1,12568,13327,27.2925,107.60849999999998,185.9545,3.9,104,Neutral
2020-07-01,h2,matara,1,2062.75,1819.5,1,3435.0,748.9,11732,13327,26.540625,118.602,185.8487,4.2,104,Neutral
2020-08-01,h2,matara,1,2069.0,1850.308,1,2290.0,2808.3,15340,13327,26.786875,85.95949999999999,184.8939,4.1,104,Neutral
2020-09-01,h2,matara,1,2082.0,1892.2075,1,1145.0,2808.3,19365,17770,26.410625,198.4555,185.0317,4.0,104,Neutral
2020-10-01,h2,matara,1,2095.75,1879.96,1,2290.0,2808.3,24225,22212,26.730625,90.7945,184.4379,4.0,104,Neutral
2020-11-01,h2,matara,1,2054.0,1907.3125,1,3435.0,1685.0,22212,26655,26.305625000000003,308.663,184.7882,4.1,104,Neutral
2020-12-01,h2,matara,1,2030.6,1925.002,1,3435.0,1497.7,19364,35539,25.624375,301.8475,187.1822,4.2,104,Neutral
2021-01-01,h2,matara,1,2005.0,1909.79,0,0.0,1317.0,21474,12450,25.203125,261.9235,190.4918,3.0,104,Neutral
2021-02-01,h2,matara,1,2030.75,1925.5825,0,0.0,1317.0,17664,17430,25.576875000000005,57.901,194.0665,3.3,104,Neutral
2021-03-01,h2,matara,1,2060.2,1961.754,0,0.0,1128.9,26688,19920,26.118125,146.487,196.9825,4.1,104,Neutral
2021-04-01,h2,matara,1,2113.0,2003.4533333333327,1,1185.0,752.6,22410,19920,27.244375,130.3815,197.423,3.9,104,Neutral
2021-05-01,h2,matara,1,2109.6666666666665,1961.6666666666667,1,2370.0,940.7,20856,19920,27.279375,258.98,199.5847,4.5,111,Neutral
2021-06-01,h2,matara,1,2217.5,2003.6,1,3555.0,940.7,14088,14940,26.799375000000005,132.15700000000004,199.8161,5.2,111,Neutral
2021-07-01,h2,matara,1,2240.5,2046.75,1,3555.0,752.6,13152,14940,26.590625,138.03850000000003,199.9778,5.7,111,Neutral
2021-08-01,h2,matara,1,2228.333333333333,2063.8,1,2370.0,2822.2,17196,14940,26.2875,132.23650000000004,200.4965,6.0,111,Neutral
2021-09-01,h2,matara,1,2228.333333333333,2063.8,1,1185.0,2822.2,21708,19920,26.593750000000004,170.17950000000002,201.9858,5.7,111,Neutral
2021-10-01,h2,matara,1,2210.25,2042.775,1,2370.0,2822.2,27156,24900,26.34625,341.85200000000003,201.0899,7.6,111,Neutral
2021-11-01,h2,matara,1,2216.8,2082.668,1,3555.0,1693.3,24900,29880,25.869375,470.629,201.8582,9.9,111,Neutral
2021-12-01,h2,matara,1,2233.0,2040.915,1,3555.0,1505.2,21708,39840,25.6075,141.56449999999998,201.399,12.1,121,Neutral
2022-01-01,h2,matara,1,2230.25,2070.46,0,0.0,1280.9,19275,11175,25.470625,122.19749999999996,201.4647,14.2,121,Neutral
2022-02-01,h2,matara,1,2273.4,2077.492,0,0.0,1280.9,15855,15645,25.4025,163.791,201.7362,15.1,176,Neutral
2022-03-01,h2,matara,1,2847.0,2430.443333333333,0,0.0,1097.9,23955,17880,26.5825,89.29799999999999,255.8081,18.7,176,Neutral
2022-04-01,h2,matara,1,3284.333333333333,2909.403333333333,1,1188.0,731.9,20115,17880,27.1175,306.01150000000007,319.4404,29.8,289,Neutral
2022-05-01,h2,matara,1,3435.0,3017.4974999999995,1,2376.0,914.9,18720,17880,27.130625,193.646,358.939,39.1,289,Neutral
2022-06-01,h2,matara,1,3740.0,3183.2075,1,3564.0,914.9,12646,13410,26.5225,86.711,360.2428,54.6,430,Neutral
2022-07-01,h2,matara,1,3524.5,3212.8925,1,3564.0,731.9,11805,13410,26.33,122.364,360.8724,60.8,430,Neutral
2022-08-01,h2,matara,1,3462.0,3161.8,1,2376.0,2744.7,15435,13410,25.99375,169.767,360.9983,64.3,430,Neutral
2022-09-01,h2,matara,1,3079.25,2908.4300000000003,1,1188.0,2744.7,19485,17880,26.27,74.46399999999998,362.3826,69.8,415,Neutral
2022-10-01,h2,matara,1,3082.0,2853.535,1,2376.0,2744.7,24375,22350,26.19625,295.946,363.1484,66.0,430,Neutral
2022-11-01,h2,matara,1,3068.4,2849.202,1,3564.0,1646.8,22350,26820,25.59125000000001,289.1615,363.394,61.0,420,Neutral
2022-12-01,h2,matara,1,2899.5,2702.715,1,3564.0,1463.9,19484,35760,25.180625,289.313,363.1652,57.2,420,Neutral
2023-01-01,h2,matara,1,2924.0,2739.772,0,0.0,1377.4,20560,11920,24.488750000000007,122.862,362.4228,51.7,405,Neutral
2023-02-01,h2,matara,1,2940.75,2804.7825000000003,0,0.0,1377.4,16912,16688,25.101875,158.296,361.9766,50.6,405,Neutral
2023-03-01,h2,matara,1,2507.0,2357.8425,0,0.0,1180.6,25552,19072,26.566875,113.27299999999998,329.4709,50.3,325,Neutral
2023-04-01,h2,matara,1,2795.333333333333,2480.346666666667,1,1120.5,787.1,21456,19072,27.605000000000004,161.4275,321.4244,35.3,310,Neutral
2023-05-01,h2,matara,1,2780.6,2522.822,1,2241.0,983.9,19969,19072,27.3725,198.883,310.1639,25.2,310,Neutral
2023-06-01,h2,matara,1,2596.5,2331.5950000000003,1,3361.5,983.9,13489,14304,27.287499999999994,101.3585,301.2612,12.0,308,Neutral
2023-07-01,h2,matara,1,2592.2,2406.9260000000004,1,3361.5,787.1,12592,14304,26.892499999999995,65.55649999999997,319.2903,6.3,306,Neutral
2023-08-01,h2,matara,1,2524.0,2355.8775,1,2241.0,2951.6,16464,14304,27.4525,70.13050000000001,321.5764,4.0,341,Neutral
2023-09-01,h2,matara,1,2463.5,2352.16,1,1120.5,2951.6,20784,19072,26.727500000000003,328.41850000000005,322.7693,1.3,351,Neutral
2023-10-01,h2,matara,1,2461.0,2402.494,1,2241.0,2951.6,26000,23840,26.228125,585.5705,324.7303,1.5,356,Neutral
2023-11-01,h2,matara,1,2462.75,2378.185,1,3361.5,1770.9,23840,28608,26.368125,447.1740000000001,328.25,3.4,329,Neutral
2023-12-01,h2,matara,1,2546.0,2460.44,1,3361.5,1574.2,20785,38147,26.25625,472.0125,326.7423,4.0,358,Neutral
2024-01-01,h2,matara,1,2622.6,2477.586,0,0.0,1330.0,21388,12400,25.613125,283.5445,321.1706,6.4,363,Neutral
2024-02-01,h2,matara,1,2628.0,2491.3475,0,0.0,1330.0,17593,17360,26.340000000000003,29.858500000000003,312.5801,5.9,363,Neutral
2024-03-01,h2,matara,1,2632.25,2479.2525,0,0.0,1140.0,26581,19840,27.113125,41.225,305.665,0.9,363,Neutral
2024-04-01,h2,matara,1,2681.0,2506.9880000000003,1,1120.0,760.0,22320,19840,28.68625,101.2695,299.4232,1.5,333,Neutral
2024-05-01,h2,matara,1,2714.5,2506.1125,1,2240.0,950.0,20772,19840,28.328125000000004,226.944,299.6923,0.9,317,Neutral
2024-06-01,h2,matara,1,2766.25,2521.0625,1,3360.0,950.0,14032,14880,27.524374999999992,82.85149999999999,303.8121,1.7,317,Neutral
2024-07-01,h2,matara,1,2871.25,2600.905,1,3360.0,760.0,13099,14880,27.48125,67.39349999999999,303.7559,2.4,317,Neutral
2024-08-01,h2,matara,1,3047.75,2680.69,1,2240.0,2850.0,17127,14880,27.2175,137.24199999999996,300.6683,0.5,307,Neutral
2024-09-01,h2,matara,1,3238.25,2819.1275,1,1120.0,2850.0,21621,19840,27.541875,69.441,301.1505,-0.5,283,Neutral
2024-10-01,h2,matara,1,3364.0,2941.5975,1,2240.0,2850.0,27047,24800,26.887500000000003,196.62100000000004,293.7851,-0.8,283,Neutral
2024-11-01,h2,matara,1,3431.0,3049.9075000000003,1,3360.0,1710.0,24800,29760,26.468125,381.7135,292.0092,-2.1,286,Neutral
2024-12-01,h2,matara,1,3532.6,3181.1200000000003,1,3360.0,1520.0,21620,39680,26.13437500000001,170.53300000000002,291.6805,-1.7,286,Neutral
2025-01-01,h2,matara,1,3511.0,3156.065,0,0.0,0.0,21820,27000,25.2225,274.39300000000003,296.1796,-4.0,286,Neutral
2025-02-01,h2,matara,1,3467.75,3215.835,0,0.0,0.0,25314,24000,25.713125,86.076,296.8034,-4.2,286,Neutral
2025-03-01,h2,matara,1,3529.5,3237.2825000000003,0,0.0,0.0,22329,19000,26.675625000000007,229.66600000000005,295.909,-2.6,286,Neutral
2025-04-01,h2,matara,1,3463.0,3246.5125,1,0.0,0.0,5582,18000,27.221875,272.281,298.5312,-2.0,274,Neutral
2025-05-01,h2,matara,1,3388.25,3130.2525000000005,1,0.0,0.0,5582,15000,27.324375,191.717,299.4142,-0.7,274,Neutral
2025-06-01,h2,matara,1,3206.5,3034.41,1,0.0,0.0,20560,15000,26.9,170.3,301.12,-0.6,305,Neutral
2025-07-01,h2,matara,1,3204.75,3063.852,1,0.0,0.0,35106,15000,27.0,148.3,301.12,-0.3,305,Neutral
2025-08-01,h2,matara,1,3197.0,3087.2925,1,0.0,0.0,39860,15000,26.8,135.0,301.12,1.2,299,Neutral
2025-09-01,h2,matara,1,3260.5,3118.285,1,0.0,0.0,31328,20000,26.7,213.3,302.0368,2.4,299,Neutral
2025-10-01,h2,matara,1,3262.5,3118.285,1,0.0,0.0,27000,22000,26.57,241.2,7.03,2.4,286,Neutral
2025-11-01,h2,matara,1,3362.75,3362.75,1,0.0,0.0,27000,25000,25.79,418.9,7.03,2.4,286,Neutral
2025-12-01,h2,matara,1,3473.8,3473.8,1,0.0,0.0,27000,28000,25.54,145.8,7.03,2.4,286,Neutral
2026-01-01,h2,matara,1,3627.5,3627.5,0,0.0,1300.0,15000,14000,25.49,64.2,7.03,2.4,279,Neutral
2026-02-01,h2,matara,1,3671.0,3627.5,0,0.0,1300.0,16000,14800,25.54,63.7,7.03,2.4,277,Neutral
2020-01-01,h_faq,matara,1,1407.5,1407.5,0,0.0,1310.5,19156,11106,25.560625,57.7385,181.4036,5.7,104,Neutral
2020-02-01,h_faq,matara,1,1529.25,1529.25,0,0.0,1310.5,15757,15549,25.815625,28.699000000000005,181.5628,6.2,104,Neutral
2020-03-01,h_faq,matara,1,1519.0,1519.0,0,0.0,1123.3,23807,17770,27.176875000000003,29.896,185.0567,5.4,104,Neutral
2020-04-01,h_faq,matara,1,1516.5,1516.5,1,1145.0,748.9,19991,17770,28.133125000000003,129.9175,193.0854,5.2,104,Neutral
2020-05-01,h_faq,matara,1,1578.5,1578.5,1,2290.0,936.1,18605,17770,27.856250000000003,239.16,187.865,4.0,104,Neutral
2020-06-01,h_faq,matara,1,1648.0,1648.0,1,3435.0,936.1,12568,13327,27.2925,107.60849999999998,185.9545,3.9,104,Neutral
2020-07-01,h_faq,matara,1,1742.5,1742.5,1,3435.0,748.9,11732,13327,26.540625,118.602,185.8487,4.2,104,Neutral
2020-08-01,h_faq,matara,1,1838.0,1838.0,1,2290.0,2808.3,15340,13327,26.786875,85.95949999999999,184.8939,4.1,104,Neutral
2020-09-01,h_faq,matara,1,1787.5,1787.5,1,1145.0,2808.3,19365,17770,26.410625,198.4555,185.0317,4.0,104,Neutral
2020-10-01,h_faq,matara,1,1830.25,1830.25,1,2290.0,2808.3,24225,22212,26.730625,90.7945,184.4379,4.0,104,Neutral
2020-11-01,h_faq,matara,1,1829.25,1829.25,1,3435.0,1685.0,22212,26655,26.305625000000003,308.663,184.7882,4.1,104,Neutral
2020-12-01,h_faq,matara,1,1760.6,1760.6,1,3435.0,1497.7,19364,35539,25.624375,301.8475,187.1822,4.2,104,Neutral
2021-01-01,h_faq,matara,1,1791.25,1791.25,0,0.0,1317.0,21474,12450,25.203125,261.9235,190.4918,3.0,104,Neutral
2021-02-01,h_faq,matara,1,1803.75,1803.75,0,0.0,1317.0,17664,17430,25.576875000000005,57.901,194.0665,3.3,104,Neutral
2021-03-01,h_faq,matara,1,1489.8,1489.8,0,0.0,1128.9,26688,19920,26.118125,146.487,196.9825,4.1,104,Neutral
2021-04-01,h_faq,matara,1,1907.6666666666667,1907.6666666666667,1,1185.0,752.6,22410,19920,27.244375,130.3815,197.423,3.9,104,Neutral
2021-05-01,h_faq,matara,1,1855.6666666666667,1855.6666666666667,1,2370.0,940.7,20856,19920,27.279375,258.98,199.5847,4.5,111,Neutral
2021-06-01,h_faq,matara,1,1865.0,1865.0,1,3555.0,940.7,14088,14940,26.799375000000005,132.15700000000004,199.8161,5.2,111,Neutral
2021-07-01,h_faq,matara,1,1924.5,1924.5,1,3555.0,752.6,13152,14940,26.590625,138.03850000000003,199.9778,5.7,111,Neutral
2021-08-01,h_faq,matara,1,1843.3333333333333,1843.3333333333333,1,2370.0,2822.2,17196,14940,26.2875,132.23650000000004,200.4965,6.0,111,Neutral
2021-09-01,h_faq,matara,1,1843.3333333333333,1843.3333333333333,1,1185.0,2822.2,21708,19920,26.593750000000004,170.17950000000002,201.9858,5.7,111,Neutral
2021-10-01,h_faq,matara,1,1905.0,1905.0,1,2370.0,2822.2,27156,24900,26.34625,341.85200000000003,201.0899,7.6,111,Neutral
2021-11-01,h_faq,matara,1,1948.8,1948.8,1,3555.0,1693.3,24900,29880,25.869375,470.629,201.8582,9.9,111,Neutral
2021-12-01,h_faq,matara,1,1963.25,1963.25,1,3555.0,1505.2,21708,39840,25.6075,141.56449999999998,201.399,12.1,121,Neutral
2022-01-01,h_faq,matara,1,1973.75,1973.75,0,0.0,1280.9,19275,11175,25.470625,122.19749999999996,201.4647,14.2,121,Neutral
2022-02-01,h_faq,matara,1,2006.0,2006.0,0,0.0,1280.9,15855,15645,25.4025,163.791,201.7362,15.1,176,Neutral
2022-03-01,h_faq,matara,1,2411.6666666666665,2411.6666666666665,0,0.0,1097.9,23955,17880,26.5825,89.29799999999999,255.8081,18.7,176,Neutral
2022-04-01,h_faq,matara,1,2880.6666666666665,2880.6666666666665,1,1188.0,731.9,20115,17880,27.1175,306.01150000000007,319.4404,29.8,289,Neutral
2022-05-01,h_faq,matara,1,2912.5,2912.5,1,2376.0,914.9,18720,17880,27.130625,193.646,358.939,39.1,289,Neutral
2022-06-01,h_faq,matara,1,3126.25,3126.25,1,3564.0,914.9,12646,13410,26.5225,86.711,360.2428,54.6,430,Neutral
2022-07-01,h_faq,matara,1,3060.0,3060.0,1,3564.0,731.9,11805,13410,26.33,122.364,360.8724,60.8,430,Neutral
2022-08-01,h_faq,matara,1,2910.0,2910.0,1,2376.0,2744.7,15435,13410,25.99375,169.767,360.9983,64.3,430,Neutral
2022-09-01,h_faq,matara,1,2602.5,2602.5,1,1188.0,2744.7,19485,17880,26.27,74.46399999999998,362.3826,69.8,415,Neutral
2022-10-01,h_faq,matara,1,2625.0,2625.0,1,2376.0,2744.7,24375,22350,26.19625,295.946,363.1484,66.0,430,Neutral
2022-11-01,h_faq,matara,1,2520.0,2520.0,1,3564.0,1646.8,22350,26820,25.59125000000001,289.1615,363.394,61.0,420,Neutral
2022-12-01,h_faq,matara,1,2288.0,2288.0,1,3564.0,1463.9,19484,35760,25.180625,289.313,363.1652,57.2,420,Neutral
2023-01-01,h_faq,matara,1,2476.0,2476.0,0,0.0,1377.4,20560,11920,24.488750000000007,122.862,362.4228,51.7,405,Neutral
2023-02-01,h_faq,matara,1,2455.25,2455.25,0,0.0,1377.4,16912,16688,25.101875,158.296,361.9766,50.6,405,Neutral
2023-03-01,h_faq,matara,1,1875.25,1875.25,0,0.0,1180.6,25552,19072,26.566875,113.27299999999998,329.4709,50.3,325,Neutral
2023-04-01,h_faq,matara,1,2175.0,2175.0,1,1120.5,787.1,21456,19072,27.605000000000004,161.4275,321.4244,35.3,310,Neutral
2023-05-01,h_faq,matara,1,2075.0,2075.0,1,2241.0,983.9,19969,19072,27.3725,198.883,310.1639,25.2,310,Neutral
2023-06-01,h_faq,matara,1,2123.0,2123.0,1,3361.5,983.9,13489,14304,27.287499999999994,101.3585,301.2612,12.0,308,Neutral
2023-07-01,h_faq,matara,1,2140.0,2140.0,1,3361.5,787.1,12592,14304,26.892499999999995,65.55649999999997,319.2903,6.3,306,Neutral
2023-08-01,h_faq,matara,1,2000.75,2000.75,1,2241.0,2951.6,16464,14304,27.4525,70.13050000000001,321.5764,4.0,341,Neutral
2023-09-01,h_faq,matara,1,2102.5,2102.5,1,1120.5,2951.6,20784,19072,26.727500000000003,328.41850000000005,322.7693,1.3,351,Neutral
2023-10-01,h_faq,matara,1,2004.0,2004.0,1,2241.0,2951.6,26000,23840,26.228125,585.5705,324.7303,1.5,356,Neutral
2023-11-01,h_faq,matara,1,1953.75,1953.75,1,3361.5,1770.9,23840,28608,26.368125,447.1740000000001,328.25,3.4,329,Neutral
2023-12-01,h_faq,matara,1,2069.25,2069.25,1,3361.5,1574.2,20785,38147,26.25625,472.0125,326.7423,4.0,358,Neutral
2024-01-01,h_faq,matara,1,2083.0,2083.0,0,0.0,1330.0,21388,12400,25.613125,283.5445,321.1706,6.4,363,Neutral
2024-02-01,h_faq,matara,1,2076.25,2076.25,0,0.0,1330.0,17593,17360,26.340000000000003,29.858500000000003,312.5801,5.9,363,Neutral
2024-03-01,h_faq,matara,1,2162.5,2162.5,0,0.0,1140.0,26581,19840,27.113125,41.225,305.665,0.9,363,Neutral
2024-04-01,h_faq,matara,1,2120.0,2120.0,1,1120.0,760.0,22320,19840,28.68625,101.2695,299.4232,1.5,333,Neutral
2024-05-01,h_faq,matara,1,2230.0,2230.0,1,2240.0,950.0,20772,19840,28.328125000000004,226.944,299.6923,0.9,317,Neutral
2024-06-01,h_faq,matara,1,2232.5,2232.5,1,3360.0,950.0,14032,14880,27.524374999999992,82.85149999999999,303.8121,1.7,317,Neutral
2024-07-01,h_faq,matara,1,2363.75,2363.75,1,3360.0,760.0,13099,14880,27.48125,67.39349999999999,303.7559,2.4,317,Neutral
2024-08-01,h_faq,matara,1,2516.75,2516.75,1,2240.0,2850.0,17127,14880,27.2175,137.24199999999996,300.6683,0.5,307,Neutral
2024-09-01,h_faq,matara,1,2769.5,2769.5,1,1120.0,2850.0,21621,19840,27.541875,69.441,301.1505,-0.5,283,Neutral
2024-10-01,h_faq,matara,1,3078.25,3078.25,1,2240.0,2850.0,27047,24800,26.887500000000003,196.62100000000004,293.7851,-0.8,283,Neutral
2024-11-01,h_faq,matara,1,3132.5,3132.5,1,3360.0,1710.0,24800,29760,26.468125,381.7135,292.0092,-2.1,286,Neutral
2024-12-01,h_faq,matara,1,3271.6,3271.6,1,3360.0,1520.0,21620,39680,26.13437500000001,170.53300000000002,291.6805,-1.7,286,Neutral
2025-01-01,h_faq,matara,1,3237.0,3237.0,0,0.0,0.0,21820,27000,25.2225,274.39300000000003,296.1796,-4.0,286,Neutral
2025-02-01,h_faq,matara,1,3324.5,3324.5,0,0.0,0.0,25314,24000,25.713125,86.076,296.8034,-4.2,286,Neutral
2025-03-01,h_faq,matara,1,3231.5,3231.5,0,0.0,0.0,22329,19000,26.675625000000007,229.66600000000005,295.909,-2.6,286,Neutral
2025-04-01,h_faq,matara,1,3186.75,3186.75,1,0.0,0.0,5582,18000,27.221875,272.281,298.5312,-2.0,274,Neutral
2025-05-01,h_faq,matara,1,3057.5,3057.5,1,0.0,0.0,5582,15000,27.324375,191.717,299.4142,-0.7,274,Neutral
2025-06-01,h_faq,matara,1,2876.25,2876.25,1,0.0,0.0,20560,15000,26.9,170.3,301.12,-0.6,305,Neutral
2025-07-01,h_faq,matara,1,2821.0,2821.0,1,0.0,0.0,35106,15000,27.0,148.3,301.12,-0.3,305,Neutral
2025-08-01,h_faq,matara,1,2945.0,2945.0,1,0.0,0.0,39860,15000,26.8,135.0,301.12,1.2,299,Neutral
2025-09-01,h_faq,matara,1,2960.0,2960.0,1,0.0,0.0,31328,20000,26.7,213.3,302.0368,2.4,299,Neutral
2025-10-01,h_faq,matara,1,2994.5,2960.0,1,0.0,0.0,27000,22000,26.57,241.2,7.03,2.4,286,Neutral
2025-11-01,h_faq,matara,1,3112.25,3112.25,1,0.0,0.0,27000,25000,25.79,418.9,7.03,2.4,286,Neutral
2025-12-01,h_faq,matara,1,3203.6,3203.6,1,0.0,0.0,27000,28000,25.54,145.8,7.03,2.4,286,Neutral
2026-01-01,h_faq,matara,1,3297.0,3316.0,0,0.0,1300.0,15000,14000,25.49,64.2,7.03,2.4,279,Neutral
2026-02-01,h_faq,matara,1,3325.0,2960.0,0,0.0,1300.0,16000,14800,25.54,63.7,7.03,2.4,277,Neutral
2020-01-01,alba,ratnapura,1,2733.25,2758.1875,0,0.0,1310.5,19156,11106,25.560625,57.7385,181.4036,5.7,104,Neutral
2020-02-01,alba,ratnapura,1,2920.5,2936.375,0,0.0,1310.5,15757,15549,25.815625,28.699000000000005,181.5628,6.2,104,Neutral
2020-03-01,alba,ratnapura,1,3008.0,3140.375,0,0.0,1123.3,23807,17770,27.176875000000003,29.896,185.0567,5.4,104,Neutral
2020-04-01,alba,ratnapura,1,2700.0,2847.17,1,1145.0,748.9,19991,17770,28.133125000000003,129.9175,193.0854,5.2,104,Neutral
2020-05-01,alba,ratnapura,1,2762.25,2903.6675,1,2290.0,936.1,18605,17770,27.856250000000003,239.16,187.865,4.0,104,Neutral
2020-06-01,alba,ratnapura,1,2876.4,2910.75,1,3435.0,936.1,12568,13327,27.2925,107.60849999999998,185.9545,3.9,104,Neutral
2020-07-01,alba,ratnapura,1,2820.5,2912.25,1,3435.0,748.9,11732,13327,26.540625,118.602,185.8487,4.2,104,Neutral
2020-08-01,alba,ratnapura,1,2659.0,2838.734,1,2290.0,2808.3,15340,13327,26.786875,85.95949999999999,184.8939,4.1,104,Neutral
2020-09-01,alba,ratnapura,1,2903.75,2910.9375,1,1145.0,2808.3,19365,17770,26.410625,198.4555,185.0317,4.0,104,Neutral
2020-10-01,alba,ratnapura,1,3033.0,2949.5625,1,2290.0,2808.3,24225,22212,26.730625,90.7945,184.4379,4.0,104,Neutral
2020-11-01,alba,ratnapura,1,2945.5,2979.48,1,3435.0,1685.0,22212,26655,26.305625000000003,308.663,184.7882,4.1,104,Neutral
2020-12-01,alba,ratnapura,1,2956.4,2977.25,1,3435.0,1497.7,19364,35539,25.624375,301.8475,187.1822,4.2,104,Neutral
2021-01-01,alba,ratnapura,1,2853.75,2972.0625,0,0.0,1317.0,21474,12450,25.203125,261.9235,190.4918,3.0,104,Neutral
2021-02-01,alba,ratnapura,1,2912.25,3006.25,0,0.0,1317.0,17664,17430,25.576875,57.901,194.0665,3.3,104,Neutral
2021-03-01,alba,ratnapura,1,2983.0,3047.5,0,0.0,1128.9,26688,19920,26.118125,146.487,196.9825,4.1,104,Neutral
2021-04-01,alba,ratnapura,1,3025.0,3038.89,1,1185.0,752.6,22410,19920,27.244375,130.3815,197.423,3.9,104,Neutral
2021-05-01,alba,ratnapura,1,3038.333333333333,3073.1666666666665,1,2370.0,940.7,20856,19920,27.279375,258.98,199.5847,4.5,111,Neutral
2021-06-01,alba,ratnapura,1,2837.5,3041.875,1,3555.0,940.7,14088,14940,26.799375000000005,132.15700000000004,199.8161,5.2,111,Neutral
2021-07-01,alba,ratnapura,1,3054.0,3141.6875,1,3555.0,752.6,13152,14940,26.590625,138.03850000000003,199.9778,5.7,111,Neutral
2021-08-01,alba,ratnapura,1,3077.6666666666665,3157.583333333333,1,2370.0,2822.2,17196,14940,26.2875,132.23650000000004,200.4965,6.0,111,Neutral
2021-09-01,alba,ratnapura,1,3077.6666666666665,3157.583333333333,1,1185.0,2822.2,21708,19920,26.593750000000004,170.17950000000002,201.9858,5.7,111,Neutral
2021-10-01,alba,ratnapura,1,3100.0,3230.5425,1,2370.0,2822.2,27156,24900,26.34625,341.85200000000003,201.0899,7.6,111,Neutral
2021-11-01,alba,ratnapura,1,3146.6,3282.8,1,3555.0,1693.3,24900,29880,25.869375,470.629,201.8582,9.9,111,Neutral
2021-12-01,alba,ratnapura,1,3181.5,3308.5,1,3555.0,1505.2,21708,39840,25.6075,141.56449999999998,201.399,12.1,121,Neutral
2022-01-01,alba,ratnapura,1,3445.75,3438.0,0,0.0,1280.9,19275,11175,25.470625,122.19749999999996,201.4647,14.2,121,Neutral
2022-02-01,alba,ratnapura,1,3359.8,3450.5,0,0.0,1280.9,15855,15645,25.4025,163.791,201.7362,15.1,176,Neutral
2022-03-01,alba,ratnapura,1,4233.0,3958.75,0,0.0,1097.9,23955,17880,26.5825,89.29799999999999,255.8081,18.7,176,Neutral
2022-04-01,alba,ratnapura,1,5037.5,4420.833333333333,1,1188.0,731.9,20115,17880,27.1175,306.01150000000007,319.4404,29.8,289,Neutral
2022-05-01,alba,ratnapura,1,4870.75,4697.0625,1,2376.0,914.9,18720,17880,27.130625,193.646,358.939,39.1,289,Neutral
2022-06-01,alba,ratnapura,1,5025.0,4865.8125,1,3564.0,914.9,12646,13410,26.5225,86.711,360.2428,54.6,430,Neutral
2022-07-01,alba,ratnapura,1,5079.0,5019.4375,1,3564.0,731.9,11805,13410,26.33,122.364,360.8724,60.8,430,Neutral
2022-08-01,alba,ratnapura,1,5132.2,5164.0,1,2376.0,2744.7,15435,13410,25.99375,169.767,360.9983,64.3,430,Neutral
2022-09-01,alba,ratnapura,1,5303.75,5290.5,1,1188.0,2744.7,19485,17880,26.27,74.46399999999998,362.3826,69.8,415,Neutral
2022-10-01,alba,ratnapura,1,5612.0,5433.625,1,2376.0,2744.7,24375,22350,26.19625,295.946,363.1484,66.0,430,Neutral
2022-11-01,alba,ratnapura,1,5726.4,5569.95,1,3564.0,1646.8,22350,26820,25.59125000000001,289.1615,363.394,61.0,420,Neutral
2022-12-01,alba,ratnapura,1,5991.0,5735.125,1,3564.0,1463.9,19484,35760,25.180625,289.313,363.1652,57.2,420,Neutral
2023-01-01,alba,ratnapura,1,6400.0,5885.7,0,0.0,1377.4,20560,11920,24.488750000000007,122.862,362.4228,51.7,405,Neutral
2023-02-01,alba,ratnapura,1,6116.5,5755.6875,0,0.0,1377.4,16912,16688,25.101875,158.296,361.9766,50.6,405,Neutral
2023-03-01,alba,ratnapura,1,4962.25,5090.5625,0,0.0,1180.6,25552,19072,26.566875,113.27299999999998,329.4709,50.3,325,Neutral
2023-04-01,alba,ratnapura,1,5350.0,5204.86,1,1120.5,787.1,21456,19072,27.605000000000004,161.4275,321.4244,35.3,310,Neutral
2023-05-01,alba,ratnapura,1,5206.6,5145.4,1,2241.0,983.9,19969,19072,27.3725,198.883,310.1639,25.2,310,Neutral
2023-06-01,alba,ratnapura,1,4885.25,4919.4375,1,3361.5,983.9,13489,14304,27.287499999999994,101.3585,301.2612,12.0,308,Neutral
2023-07-01,alba,ratnapura,1,4626.4,4779.1,1,3361.5,787.1,12592,14304,26.892499999999995,65.55649999999997,319.2903,6.3,306,Neutral
2023-08-01,alba,ratnapura,1,4029.0,4415.875,1,2241.0,2951.6,16464,14304,27.4525,70.13050000000001,321.5764,4.0,341,Neutral
2023-09-01,alba,ratnapura,1,4716.5,4649.75,1,1120.5,2951.6,20784,19072,26.727500000000003,328.41850000000005,322.7693,1.3,351,Neutral
2023-10-01,alba,ratnapura,1,4861.4,4756.2,1,2241.0,2951.6,26000,23840,26.228125,585.5705,324.7303,1.5,356,Neutral
2023-11-01,alba,ratnapura,1,4808.0,4735.75,1,3361.5,1770.9,23840,28608,26.368125,447.1740000000001,328.25,3.4,329,Neutral
2023-12-01,alba,ratnapura,1,4769.5,4797.6875,1,3361.5,1574.2,20785,38147,26.25625,472.0125,326.7423,4.0,358,Neutral
2024-01-01,alba,ratnapura,1,4930.0,4847.05,0,0.0,1330.0,21388,12400,25.613125,283.5445,321.1706,6.4,363,Neutral
2024-02-01,alba,ratnapura,1,4968.75,4835.0,0,0.0,1330.0,17593,17360,26.340000000000003,29.858500000000003,312.5801,5.9,363,Neutral
2024-03-01,alba,ratnapura,1,4916.5,4771.9375,0,0.0,1140.0,26581,19840,27.113125,41.225,305.665,0.9,363,Neutral
2024-04-01,alba,ratnapura,1,4830.25,4765.884,1,1120.0,760.0,22320,19840,28.68625,101.2695,299.4232,1.5,333,Neutral
2024-05-01,alba,ratnapura,1,4864.25,4773.25,1,2240.0,950.0,20772,19840,28.328125000000004,226.944,299.6923,0.9,317,Neutral
2024-06-01,alba,ratnapura,1,4749.75,4751.52,1,3360.0,950.0,14032,14880,27.524374999999992,82.85149999999999,303.8121,1.7,317,Neutral
2024-07-01,alba,ratnapura,1,4275.0,4231.6875,1,3360.0,760.0,13099,14880,27.48125,67.39349999999999,303.7559,2.4,317,Neutral
2024-08-01,alba,ratnapura,1,4458.25,4330.8125,1,2240.0,2850.0,17127,14880,27.2175,137.24199999999996,300.6683,0.5,307,Neutral
2024-09-01,alba,ratnapura,1,4500.0,4475.3125,1,1120.0,2850.0,21621,19840,27.541875,69.441,301.1505,-0.5,283,Neutral
2024-10-01,alba,ratnapura,1,4500.0,4417.125,1,2240.0,2850.0,27047,24800,26.887500000000003,196.62100000000004,293.7851,-0.8,283,Neutral
2024-11-01,alba,ratnapura,1,4500.0,4536.875,1,3360.0,1710.0,24800,29760,26.468125,381.7135,292.0092,-2.1,286,Neutral
2024-12-01,alba,ratnapura,1,4500.0,4606.0,1,3360.0,1520.0,21620,39680,26.13437500000001,170.53300000000002,291.6805,-1.7,286,Neutral
2025-01-01,alba,ratnapura,1,4500.0,4573.125,0,0.0,0.0,21820,27000,25.2225,274.39300000000003,296.1796,-4.0,286,Neutral
2025-02-01,alba,ratnapura,1,4500.0,4555.9375,0,0.0,0.0,25314,24000,25.713125,86.076,296.8034,-4.2,286,Neutral
2025-03-01,alba,ratnapura,1,4500.0,4587.1875,0,0.0,0.0,22329,19000,26.675625000000007,229.66600000000005,295.909,-2.6,286,Neutral
2025-04-01,alba,ratnapura,1,4500.0,4609.0625,1,0.0,0.0,5582,18000,27.221875,272.281,298.5312,-2.0,274,Neutral
2025-05-01,alba,ratnapura,1,4500.0,4537.8125,1,0.0,0.0,5582,15000,27.324375,191.717,299.4142,-0.7,274,Neutral
2025-06-01,alba,ratnapura,1,4350.0,4478.75,1,0.0,0.0,20560,15000,26.9,170.3,301.12,-0.6,305,Neutral
2025-07-01,alba,ratnapura,1,4500.0,4521.25,1,0.0,0.0,35106,15000,27.0,148.3,301.12,-0.3,305,Neutral
2025-08-01,alba,ratnapura,1,4500.0,4595.9375,1,0.0,0.0,39860,15000,26.8,135.0,301.12,1.2,299,Neutral
2025-09-01,alba,ratnapura,1,4500.0,4541.25,1,0.0,0.0,31328,20000,26.7,213.3,302.0368,2.4,299,Neutral
2025-10-01,alba,ratnapura,1,4500.0,4541.25,1,0.0,0.0,27000,22000,25.89,302.6,7.03,2.4,286,Neutral
2025-11-01,alba,ratnapura,1,4550.0,4550.0,1,0.0,0.0,27000,25000,25.26,566.3,7.03,2.4,286,Neutral
2025-12-01,alba,ratnapura,1,4880.0,4880.0,1,0.0,0.0,27000,28000,25.45,155.4,7.03,2.4,286,Neutral
2026-01-01,alba,ratnapura,1,5600.0,5633.33,0,0.0,1300.0,15000,14000,25.33,78.5,7.03,2.4,279,Neutral
2026-02-01,alba,ratnapura,1,5500.0,4541.25,0,0.0,1300.0,16000,14800,25.42,56.4,7.03,2.4,277,Neutral
2020-01-01,c4,ratnapura,1,1978.75,1900.475,0,0.0,1310.5,19156,11106,25.560625,57.7385,181.4036,5.7,104,Neutral
2020-02-01,c4,ratnapura,1,2170.5,2030.3925,0,0.0,1310.5,15757,15549,25.815625,28.699000000000005,181.5628,6.2,104,Neutral
2020-03-01,c4,ratnapura,1,2074.5,2145.285,0,0.0,1123.3,23807,17770,27.176875000000003,29.896,185.0567,5.4,104,Neutral
2020-04-01,c4,ratnapura,1,1850.0,1979.75,1,1145.0,748.9,19991,17770,28.133125000000003,129.9175,193.0854,5.2,104,Neutral
2020-05-01,c4,ratnapura,1,2070.75,2071.125,1,2290.0,936.1,18605,17770,27.856250000000003,239.16,187.865,4.0,104,Neutral
2020-06-01,c4,ratnapura,1,2053.0,2072.884,1,3435.0,936.1,12568,13327,27.2925,107.60849999999998,185.9545,3.9,104,Neutral
2020-07-01,c4,ratnapura,1,2203.75,2091.0,1,3435.0,748.9,11732,13327,26.540625,118.602,185.8487,4.2,104,Neutral
2020-08-01,c4,ratnapura,1,2086.2,2063.946,1,2290.0,2808.3,15340,13327,26.786875,85.95949999999999,184.8939,4.1,104,Neutral
2020-09-01,c4,ratnapura,1,2112.25,2090.93,1,1145.0,2808.3,19365,17770,26.410625,198.4555,185.0317,4.0,104,Neutral
2020-10-01,c4,ratnapura,1,2158.0,2183.96,1,2290.0,2808.3,24225,22212,26.730625,90.7945,184.4379,4.0,104,Neutral
2020-11-01,c4,ratnapura,1,2162.0,2217.575,1,3435.0,1685.0,22212,26655,26.305625000000003,308.663,184.7882,4.1,104,Neutral
2020-12-01,c4,ratnapura,1,2156.4,2199.652,1,3435.0,1497.7,19364,35539,25.624375,301.8475,187.1822,4.2,104,Neutral
2021-01-01,c4,ratnapura,1,2187.0,2185.465,0,0.0,1317.0,21474,12450,25.203125,261.9235,190.4918,3.0,104,Neutral
2021-02-01,c4,ratnapura,1,2216.5,2202.8575,0,0.0,1317.0,17664,17430,25.576875000000005,57.901,194.0665,3.3,104,Neutral
2021-03-01,c4,ratnapura,1,2239.8,2243.548,0,0.0,1128.9,26688,19920,26.118125,146.487,196.9825,4.1,104,Neutral
2021-04-01,c4,ratnapura,1,2258.0,2284.9866666666667,1,1185.0,752.6,22410,19920,27.244375,130.3815,197.423,3.9,104,Neutral
2021-05-01,c4,ratnapura,1,2272.0,2296.056666666667,1,2370.0,940.7,20856,19920,27.279375,258.98,199.5847,4.5,111,Neutral
2021-06-01,c4,ratnapura,1,2466.5,2388.08,1,3555.0,940.7,14088,14940,26.799375000000005,132.15700000000004,199.8161,5.2,111,Neutral
2021-07-01,c4,ratnapura,1,2445.25,2440.3025,1,3555.0,752.6,13152,14940,26.590625,138.03850000000003,199.9778,5.7,111,Neutral
2021-08-01,c4,ratnapura,1,2488.6666666666665,2476.19,1,2370.0,2822.2,17196,14940,26.2875,132.23650000000004,200.4965,6.0,111,Neutral
2021-09-01,c4,ratnapura,1,2488.6666666666665,2476.19,1,1185.0,2822.2,21708,19920,26.593750000000004,170.17950000000002,201.9858,5.7,111,Neutral
2021-10-01,c4,ratnapura,1,2487.5,2406.3175,1,2370.0,2822.2,27156,24900,26.34625,341.85200000000003,201.0899,7.6,111,Neutral
2021-11-01,c4,ratnapura,1,2585.0,2483.172,1,3555.0,1693.3,24900,29880,25.869375,470.629,201.8582,9.9,111,Neutral
2021-12-01,c4,ratnapura,1,2462.25,2455.965,1,3555.0,1505.2,21708,39840,25.6075,141.56449999999998,201.399,12.1,121,Neutral
2022-01-01,c4,ratnapura,1,2641.5,2475.4974999999995,0,0.0,1280.9,19275,11175,25.470625,122.19749999999996,201.4647,14.2,121,Neutral
2022-02-01,c4,ratnapura,1,2496.4,2517.0,0,0.0,1280.9,15855,15645,25.4025,163.791,201.7362,15.1,176,Neutral
2022-03-01,c4,ratnapura,1,3016.6666666666665,2941.236666666666,0,0.0,1097.9,23955,17880,26.5825,89.29799999999999,255.8081,18.7,176,Neutral
2022-04-01,c4,ratnapura,1,3587.5,3453.486666666666,1,1188.0,731.9,20115,17880,27.1175,306.01150000000007,319.4404,29.8,289,Neutral
2022-05-01,c4,ratnapura,1,3614.5,3729.43,1,2376.0,914.9,18720,17880,27.130625,193.646,358.939,39.1,289,Neutral
2022-06-01,c4,ratnapura,1,4012.5,3808.0625,1,3564.0,914.9,12646,13410,26.5225,86.711,360.2428,54.6,430,Neutral
2022-07-01,c4,ratnapura,1,3694.75,3673.6725,1,3564.0,731.9,11805,13410,26.33,122.364,360.8724,60.8,430,Neutral
2022-08-01,c4,ratnapura,1,3587.2,3627.944,1,2376.0,2744.7,15435,13410,25.99375,169.767,360.9983,64.3,430,Neutral
2022-09-01,c4,ratnapura,1,3595.5,3417.9275,1,1188.0,2744.7,19485,17880,26.27,74.46399999999998,362.3826,69.8,415,Neutral
2022-10-01,c4,ratnapura,1,3554.0,3409.6800000000003,1,2376.0,2744.7,24375,22350,26.19625,295.946,363.1484,66.0,430,Neutral
2022-11-01,c4,ratnapura,1,3656.4,3487.3720000000003,1,3564.0,1646.8,22350,26820,25.59125000000001,289.1615,363.394,61.0,420,Neutral
2022-12-01,c4,ratnapura,1,3522.0,3392.39,1,3564.0,1463.9,19484,35760,25.180625,289.313,363.1652,57.2,420,Neutral
2023-01-01,c4,ratnapura,1,3643.2,3440.256,0,0.0,1377.4,20560,11920,24.488750000000007,122.862,362.4228,51.7,405,Neutral
2023-02-01,c4,ratnapura,1,3591.5,3484.9225,0,0.0,1377.4,16912,16688,25.101875,158.296,361.9766,50.6,405,Neutral
2023-03-01,c4,ratnapura,1,3191.25,3031.7525,0,0.0,1180.6,25552,19072,26.566875,113.27299999999998,329.4709,50.3,325,Neutral
2023-04-01,c4,ratnapura,1,3275.0,3147.7700000000004,1,1120.5,787.1,21456,19072,27.605000000000004,161.4275,321.4244,35.3,310,Neutral
2023-05-01,c4,ratnapura,1,3356.6,3214.894,1,2241.0,983.9,19969,19072,27.3725,198.883,310.1639,25.2,310,Neutral
2023-06-01,c4,ratnapura,1,2997.75,2997.3900000000003,1,3361.5,983.9,13489,14304,27.287499999999994,101.3585,301.2612,12.0,308,Neutral
2023-07-01,c4,ratnapura,1,2939.6,3046.8320000000003,1,3361.5,787.1,12592,14304,26.892499999999995,65.55649999999997,319.2903,6.3,306,Neutral
2023-08-01,c4,ratnapura,1,2529.0,2885.0875000000005,1,2241.0,2951.6,16464,14304,27.4525,70.13050000000001,321.5764,4.0,341,Neutral
2023-09-01,c4,ratnapura,1,2841.25,2948.8775000000005,1,1120.5,2951.6,20784,19072,26.727500000000003,328.41850000000005,322.7693,1.3,351,Neutral
2023-10-01,c4,ratnapura,1,2839.6,2945.3520000000003,1,2241.0,2951.6,26000,23840,26.228125,585.5705,324.7303,1.5,356,Neutral
2023-11-01,c4,ratnapura,1,2758.0,2878.5325000000003,1,3361.5,1770.9,23840,28608,26.368125,447.1740000000001,328.25,3.4,329,Neutral
2023-12-01,c4,ratnapura,1,3004.0,2920.0225,1,3361.5,1574.2,20785,38147,26.25625,472.0125,326.7423,4.0,358,Neutral
2024-01-01,c4,ratnapura,1,2956.6,2994.002,0,0.0,1330.0,21388,12400,25.613125,283.5445,321.1706,6.4,363,Neutral
2024-02-01,c4,ratnapura,1,3004.0,3001.66,0,0.0,1330.0,17593,17360,26.340000000000003,29.858500000000003,312.5801,5.9,363,Neutral
2024-03-01,c4,ratnapura,1,3087.25,3068.19,0,0.0,1140.0,26581,19840,27.113125,41.225,305.665,0.9,363,Neutral
2024-04-01,c4,ratnapura,1,3000.0,3110.7760000000003,1,1120.0,760.0,22320,19840,28.68625,101.2695,299.4232,1.5,333,Neutral
2024-05-01,c4,ratnapura,1,3020.75,3173.33,1,2240.0,950.0,20772,19840,28.328125000000004,226.944,299.6923,0.9,317,Neutral
2024-06-01,c4,ratnapura,1,3044.0,3163.8725000000004,1,3360.0,950.0,14032,14880,27.524374999999992,82.85149999999999,303.8121,1.7,317,Neutral
2024-07-01,c4,ratnapura,1,3016.25,3180.7225,1,3360.0,760.0,13099,14880,27.48125,67.39349999999999,303.7559,2.4,317,Neutral
2024-08-01,c4,ratnapura,1,3136.5,3238.74,1,2240.0,2850.0,17127,14880,27.2175,137.24199999999996,300.6683,0.5,307,Neutral
2024-09-01,c4,ratnapura,1,3337.5,3380.0325000000003,1,1120.0,2850.0,21621,19840,27.541875,69.441,301.1505,-0.5,283,Neutral
2024-10-01,c4,ratnapura,1,3400.0,3462.6575000000003,1,2240.0,2850.0,27047,24800,26.887500000000003,196.62100000000004,293.7851,-0.8,283,Neutral
2024-11-01,c4,ratnapura,1,3525.0,3554.8475,1,3360.0,1710.0,24800,29760,26.468125,381.7135,292.0092,-2.1,286,Neutral
2024-12-01,c4,ratnapura,1,3625.0,3636.0520000000006,1,3360.0,1520.0,21620,39680,26.13437500000001,170.53300000000002,291.6805,-1.7,286,Neutral
2025-01-01,c4,ratnapura,1,3600.0,3656.1075,0,0.0,0.0,21820,27000,25.2225,274.39300000000003,296.1796,-4.0,286,Neutral
2025-02-01,c4,ratnapura,1,3625.0,3666.0375,0,0.0,0.0,25314,24000,25.713125,86.076,296.8034,-4.2,286,Neutral
2025-03-01,c4,ratnapura,1,3650.0,3681.44,0,0.0,0.0,22329,19000,26.675625000000007,229.66600000000005,295.909,-2.6,286,Neutral
2025-04-01,c4,ratnapura,1,3650.0,3723.8,1,0.0,0.0,5582,18000,27.221875,272.281,298.5312,-2.0,274,Neutral
2025-05-01,c4,ratnapura,1,3562.5,3663.415,1,0.0,0.0,5582,15000,27.324375,191.717,299.4142,-0.7,274,Neutral
2025-06-01,c4,ratnapura,1,3500.0,3608.4175,1,0.0,0.0,20560,15000,26.9,170.3,301.12,-0.6,305,Neutral
2025-07-01,c4,ratnapura,1,3655.0,3622.666,1,0.0,0.0,35106,15000,27.0,148.3,301.12,-0.3,305,Neutral
2025-08-01,c4,ratnapura,1,3670.0,3638.3875,1,0.0,0.0,39860,15000,26.8,135.0,301.12,1.2,299,Neutral
2025-09-01,c4,ratnapura,1,3660.0,3638.67,1,0.0,0.0,31328,20000,26.7,213.3,302.0368,2.4,299,Neutral
2025-10-01,c4,ratnapura,1,3700.0,3638.67,1,0.0,0.0,27000,22000,25.89,302.6,7.03,2.4,286,Neutral
2025-11-01,c4,ratnapura,1,3836.25,3836.25,1,0.0,0.0,27000,25000,25.26,566.3,7.03,2.4,286,Neutral
2025-12-01,c4,ratnapura,1,4120.0,4120.0,1,0.0,0.0,27000,28000,25.45,155.4,7.03,2.4,286,Neutral
2026-01-01,c4,ratnapura,1,4450.0,4500.0,0,0.0,1300.0,15000,14000,25.33,78.5,7.03,2.4,279,Neutral
2026-02-01,c4,ratnapura,1,4700.0,3638.67,0,0.0,1300.0,16000,14800,25.42,56.4,7.03,2.4,277,Neutral
2020-01-01,c5,ratnapura,1,2258.0,2091.6975,0,0.0,1310.5,19156,11106,25.560625,57.7385,181.4036,5.7,104,Neutral
2020-02-01,c5,ratnapura,1,2437.25,2235.8575,0,0.0,1310.5,15757,15549,25.815625,28.699000000000005,181.5628,6.2,104,Neutral
2020-03-01,c5,ratnapura,1,2458.0,2325.1400000000003,0,0.0,1123.3,23807,17770,27.176875000000003,29.896,185.0567,5.4,104,Neutral
2020-04-01,c5,ratnapura,1,2250.0,2162.625,1,1145.0,748.9,19991,17770,28.133125000000003,129.9175,193.0854,5.2,104,Neutral
2020-05-01,c5,ratnapura,1,2274.75,2209.4375,1,2290.0,936.1,18605,17770,27.856250000000003,239.16,187.865,4.0,104,Neutral
2020-06-01,c5,ratnapura,1,2333.0,2297.656,1,3435.0,936.1,12568,13327,27.2925,107.60849999999998,185.9545,3.9,104,Neutral
2020-07-01,c5,ratnapura,1,2355.75,2268.3575,1,3435.0,748.9,11732,13327,26.540625,118.602,185.8487,4.2,104,Neutral
2020-08-01,c5,ratnapura,1,2289.4,2272.194,1,2290.0,2808.3,15340,13327,26.786875,85.95949999999999,184.8939,4.1,104,Neutral
2020-09-01,c5,ratnapura,1,2353.75,2263.9300000000003,1,1145.0,2808.3,19365,17770,26.410625,198.4555,185.0317,4.0,104,Neutral
2020-10-01,c5,ratnapura,1,2425.5,2309.0925,1,2290.0,2808.3,24225,22212,26.730625,90.7945,184.4379,4.0,104,Neutral
2020-11-01,c5,ratnapura,1,2408.0,2325.525,1,3435.0,1685.0,22212,26655,26.305625000000003,308.663,184.7882,4.1,104,Neutral
2020-12-01,c5,ratnapura,1,2359.6,2349.288,1,3435.0,1497.7,19364,35539,25.624375,301.8475,187.1822,4.2,104,Neutral
2021-01-01,c5,ratnapura,1,2362.0,2325.4300000000003,0,0.0,1317.0,21474,12450,25.203125,261.9235,190.4918,3.0,104,Neutral
2021-02-01,c5,ratnapura,1,2404.0,2368.2875000000004,0,0.0,1317.0,17664,17430,25.576875000000005,57.901,194.0665,3.3,104,Neutral
2021-03-01,c5,ratnapura,1,2456.2,2414.456,0,0.0,1128.9,26688,19920,26.118125,146.487,196.9825,4.1,104,Neutral
2021-04-01,c5,ratnapura,1,2474.5,2445.6200000000003,1,1185.0,752.6,22410,19920,27.244375,130.3815,197.423,3.9,104,Neutral
2021-05-01,c5,ratnapura,1,2488.6666666666665,2458.39,1,2370.0,940.7,20856,19920,27.279375,258.98,199.5847,4.5,111,Neutral
2021-06-01,c5,ratnapura,1,2608.0,2550.0,1,3555.0,940.7,14088,14940,26.799375000000005,132.15700000000004,199.8161,5.2,111,Neutral
2021-07-01,c5,ratnapura,1,2650.0,2587.9525,1,3555.0,752.6,13152,14940,26.590625,138.03850000000003,199.9778,5.7,111,Neutral
2021-08-01,c5,ratnapura,1,2660.0,2615.523333333333,1,2370.0,2822.2,17196,14940,26.2875,132.23650000000004,200.4965,6.0,111,Neutral
2021-09-01,c5,ratnapura,1,2660.0,2615.523333333333,1,1185.0,2822.2,21708,19920,26.593750000000004,170.17950000000002,201.9858,5.7,111,Neutral
2021-10-01,c5,ratnapura,1,2672.75,2588.9975,1,2370.0,2822.2,27156,24900,26.34625,341.85200000000003,201.0899,7.6,111,Neutral
2021-11-01,c5,ratnapura,1,2731.4,2644.142,1,3555.0,1693.3,24900,29880,25.869375,470.629,201.8582,9.9,111,Neutral
2021-12-01,c5,ratnapura,1,2754.0,2618.7125,1,3555.0,1505.2,21708,39840,25.6075,141.56449999999998,201.399,12.1,121,Neutral
2022-01-01,c5,ratnapura,1,2808.0,2624.32,0,0.0,1280.9,19275,11175,25.470625,122.19749999999996,201.4647,14.2,121,Neutral
2022-02-01,c5,ratnapura,1,2749.6,2683.17,0,0.0,1280.9,15855,15645,25.4025,163.791,201.7362,15.1,176,Neutral
2022-03-01,c5,ratnapura,1,3419.0,3178.7233333333334,0,0.0,1097.9,23955,17880,26.5825,89.29799999999999,255.8081,18.7,176,Neutral
2022-04-01,c5,ratnapura,1,3979.0,3718.9233333333336,1,1188.0,731.9,20115,17880,27.1175,306.01150000000007,319.4404,29.8,289,Neutral
2022-05-01,c5,ratnapura,1,4137.5,3985.8925,1,2376.0,914.9,18720,17880,27.130625,193.646,358.939,39.1,289,Neutral
2022-06-01,c5,ratnapura,1,4358.0,4086.150000000001,1,3564.0,914.9,12646,13410,26.5225,86.711,360.2428,54.6,430,Neutral
2022-07-01,c5,ratnapura,1,4133.0,4011.5475,1,3564.0,731.9,11805,13410,26.33,122.364,360.8724,60.8,430,Neutral
2022-08-01,c5,ratnapura,1,4079.8,3950.228,1,2376.0,2744.7,15435,13410,25.99375,169.767,360.9983,64.3,430,Neutral
2022-09-01,c5,ratnapura,1,3924.75,3659.1175,1,1188.0,2744.7,19485,17880,26.27,74.46399999999998,362.3826,69.8,415,Neutral
2022-10-01,c5,ratnapura,1,4234.5,3718.3975,1,2376.0,2744.7,24375,22350,26.19625,295.946,363.1484,66.0,430,Neutral
2022-11-01,c5,ratnapura,1,4046.4,3771.056,1,3564.0,1646.8,22350,26820,25.59125000000001,289.1615,363.394,61.0,420,Neutral
2022-12-01,c5,ratnapura,1,4217.0,3693.5725,1,3564.0,1463.9,19484,35760,25.180625,289.313,363.1652,57.2,420,Neutral
2023-01-01,c5,ratnapura,1,4486.6,3792.228,0,0.0,1377.4,20560,11920,24.488750000000007,122.862,362.4228,51.7,405,Neutral
2023-02-01,c5,ratnapura,1,4095.75,3800.22,0,0.0,1377.4,16912,16688,25.101875,158.296,361.9766,50.6,405,Neutral
2023-03-01,c5,ratnapura,1,3612.25,3412.5675,0,0.0,1180.6,25552,19072,26.566875,113.27299999999998,329.4709,50.3,325,Neutral
2023-04-01,c5,ratnapura,1,3758.0,3608.103333333333,1,1120.5,787.1,21456,19072,27.605000000000004,161.4275,321.4244,35.3,310,Neutral
2023-05-01,c5,ratnapura,1,3713.2,3538.882,1,2241.0,983.9,19969,19072,27.3725,198.883,310.1639,25.2,310,Neutral
2023-06-01,c5,ratnapura,1,3427.0,3322.8475,1,3361.5,983.9,13489,14304,27.287499999999994,101.3585,301.2612,12.0,308,Neutral
2023-07-01,c5,ratnapura,1,3426.4,3377.952,1,3361.5,787.1,12592,14304,26.892499999999995,65.55649999999997,319.2903,6.3,306,Neutral
2023-08-01,c5,ratnapura,1,3037.0,3230.94,1,2241.0,2951.6,16464,14304,27.4525,70.13050000000001,321.5764,4.0,341,Neutral
2023-09-01,c5,ratnapura,1,3433.0,3237.5650000000005,1,1120.5,2951.6,20784,19072,26.727500000000003,328.41850000000005,322.7693,1.3,351,Neutral
2023-10-01,c5,ratnapura,1,3321.4,3262.976,1,2241.0,2951.6,26000,23840,26.228125,585.5705,324.7303,1.5,356,Neutral
2023-11-01,c5,ratnapura,1,3166.25,3142.205,1,3361.5,1770.9,23840,28608,26.368125,447.1740000000001,328.25,3.4,329,Neutral
2023-12-01,c5,ratnapura,1,3277.25,3200.8375000000005,1,3361.5,1574.2,20785,38147,26.25625,472.0125,326.7423,4.0,358,Neutral
2024-01-01,c5,ratnapura,1,3576.6,3300.952,0,0.0,1330.0,21388,12400,25.613125,283.5445,321.1706,6.4,363,Neutral
2024-02-01,c5,ratnapura,1,3416.5,3279.63,0,0.0,1330.0,17593,17360,26.340000000000003,29.858500000000003,312.5801,5.9,363,Neutral
2024-03-01,c5,ratnapura,1,3363.5,3361.5975,0,0.0,1140.0,26581,19840,27.113125,41.225,305.665,0.9,363,Neutral
2024-04-01,c5,ratnapura,1,3433.25,3391.1100000000006,1,1120.0,760.0,22320,19840,28.68625,101.2695,299.4232,1.5,333,Neutral
2024-05-01,c5,ratnapura,1,3396.25,3502.105,1,2240.0,950.0,20772,19840,28.328125000000004,226.944,299.6923,0.9,317,Neutral
2024-06-01,c5,ratnapura,1,3534.25,3491.9925,1,3360.0,950.0,14032,14880,27.524374999999992,82.85149999999999,303.8121,1.7,317,Neutral
2024-07-01,c5,ratnapura,1,3258.0,3375.5600000000004,1,3360.0,760.0,13099,14880,27.48125,67.39349999999999,303.7559,2.4,317,Neutral
2024-08-01,c5,ratnapura,1,3362.25,3433.1925,1,2240.0,2850.0,17127,14880,27.2175,137.24199999999996,300.6683,0.5,307,Neutral
2024-09-01,c5,ratnapura,1,3575.0,3574.0025,1,1120.0,2850.0,21621,19840,27.541875,69.441,301.1505,-0.5,283,Neutral
2024-10-01,c5,ratnapura,1,3550.0,3622.975,1,2240.0,2850.0,27047,24800,26.887500000000003,196.62100000000004,293.7851,-0.8,283,Neutral
2024-11-01,c5,ratnapura,1,3700.0,3714.345,1,3360.0,1710.0,24800,29760,26.468125,381.7135,292.0092,-2.1,286,Neutral
2024-12-01,c5,ratnapura,1,3735.0,3801.338,1,3360.0,1520.0,21620,39680,26.13437500000001,170.53300000000002,291.6805,-1.7,286,Neutral
2025-01-01,c5,ratnapura,1,3725.0,3804.8475,0,0.0,0.0,21820,27000,25.2225,274.39300000000003,296.1796,-4.0,286,Neutral
2025-02-01,c5,ratnapura,1,3800.0,3809.4075,0,0.0,0.0,25314,24000,25.713125,86.076,296.8034,-4.2,286,Neutral
2025-03-01,c5,ratnapura,1,3787.5,3785.16,0,0.0,0.0,22329,19000,26.675625000000007,229.66600000000005,295.909,-2.6,286,Neutral
2025-04-01,c5,ratnapura,1,3800.0,3857.785,1,0.0,0.0,5582,18000,27.221875,272.281,298.5312,-2.0,274,Neutral
2025-05-01,c5,ratnapura,1,3725.0,3795.502500000001,1,0.0,0.0,5582,15000,27.324375,191.717,299.4142,-0.7,274,Neutral
2025-06-01,c5,ratnapura,1,3650.0,3766.565,1,0.0,0.0,20560,15000,26.9,170.3,301.12,-0.6,305,Neutral
2025-07-01,c5,ratnapura,1,3770.0,3761.8020000000006,1,0.0,0.0,35106,15000,27.0,148.3,301.12,-0.3,305,Neutral
2025-08-01,c5,ratnapura,1,3762.5,3801.6575,1,0.0,0.0,39860,15000,26.8,135.0,301.12,1.2,299,Neutral
2025-09-01,c5,ratnapura,1,3767.5,3817.505,1,0.0,0.0,31328,20000,26.7,213.3,302.0368,2.4,299,Neutral
2025-10-01,c5,ratnapura,1,3825.0,3817.505,1,0.0,0.0,27000,22000,25.89,302.6,7.03,2.4,286,Neutral
2025-11-01,c5,ratnapura,1,4000.0,4000.0,1,0.0,0.0,27000,25000,25.26,566.3,7.03,2.4,286,Neutral
2025-12-01,c5,ratnapura,1,4270.0,4270.0,1,0.0,0.0,27000,28000,25.45,155.4,7.03,2.4,286,Neutral
2026-01-01,c5,ratnapura,1,4750.0,4800.0,0,0.0,1300.0,15000,14000,25.33,78.5,7.03,2.4,279,Neutral
2026-02-01,c5,ratnapura,1,4800.0,3817.505,0,0.0,1300.0,16000,14800,25.42,56.4,7.03,2.4,277,Neutral
2020-01-01,c5sp,ratnapura,1,2487.0,2342.3875,0,0.0,1310.5,19156,11106,25.560625,57.7385,181.4036,5.7,104,Neutral
2020-02-01,c5sp,ratnapura,1,2695.5,2505.65,0,0.0,1310.5,15757,15549,25.815625,28.699000000000005,181.5628,6.2,104,Neutral
2020-03-01,c5sp,ratnapura,1,2641.5,2613.8,0,0.0,1123.3,23807,17770,27.176875000000003,29.896,185.0567,5.4,104,Neutral
2020-04-01,c5sp,ratnapura,1,2450.0,2413.835,1,1145.0,748.9,19991,17770,28.133125000000003,129.9175,193.0854,5.2,104,Neutral
2020-05-01,c5sp,ratnapura,1,2495.5,2439.6875,1,2290.0,936.1,18605,17770,27.856250000000003,239.16,187.865,4.0,104,Neutral
2020-06-01,c5sp,ratnapura,1,2483.0,2517.56,1,3435.0,936.1,12568,13327,27.2925,107.60849999999998,185.9545,3.9,104,Neutral
2020-07-01,c5sp,ratnapura,1,2578.75,2524.9,1,3435.0,748.9,11732,13327,26.540625,118.602,185.8487,4.2,104,Neutral
2020-08-01,c5sp,ratnapura,1,2639.6,2484.84,1,2290.0,2808.3,15340,13327,26.786875,85.95949999999999,184.8939,4.1,104,Neutral
2020-09-01,c5sp,ratnapura,1,2503.75,2435.95,1,1145.0,2808.3,19365,17770,26.410625,198.4555,185.0317,4.0,104,Neutral
2020-10-01,c5sp,ratnapura,1,2562.25,2513.75,1,2290.0,2808.3,24225,22212,26.730625,90.7945,184.4379,4.0,104,Neutral
2020-11-01,c5sp,ratnapura,1,2587.5,2501.355,1,3435.0,1685.0,22212,26655,26.305625000000003,308.663,184.7882,4.1,104,Neutral
2020-12-01,c5sp,ratnapura,1,2538.4,2537.79,1,3435.0,1497.7,19364,35539,25.624375,301.8475,187.1822,4.2,104,Neutral
2021-01-01,c5sp,ratnapura,1,2553.75,2536.75,0,0.0,1317.0,21474,12450,25.203125,261.9235,190.4918,3.0,104,Neutral
2021-02-01,c5sp,ratnapura,1,2570.5,2571.1,0,0.0,1317.0,17664,17430,25.576875000000005,57.901,194.0665,3.3,104,Neutral
2021-03-01,c5sp,ratnapura,1,2676.4,2606.7200000000003,0,0.0,1128.9,26688,19920,26.118125,146.487,196.9825,4.1,104,Neutral
2021-04-01,c5sp,ratnapura,1,2699.0,2627.4,1,1185.0,752.6,22410,19920,27.244375,130.3815,197.423,3.9,104,Neutral
2021-05-01,c5sp,ratnapura,1,2633.0,2629.6666666666665,1,2370.0,940.7,20856,19920,27.279375,258.98,199.5847,4.5,111,Neutral
2021-06-01,c5sp,ratnapura,1,2688.0,2733.875,1,3555.0,940.7,14088,14940,26.799375000000005,132.15700000000004,199.8161,5.2,111,Neutral
2021-07-01,c5sp,ratnapura,1,2745.75,2792.6125,1,3555.0,752.6,13152,14940,26.590625,138.03850000000003,199.9778,5.7,111,Neutral
2021-08-01,c5sp,ratnapura,1,2827.6666666666665,2814.816666666667,1,2370.0,2822.2,17196,14940,26.2875,132.23650000000004,200.4965,6.0,111,Neutral
2021-09-01,c5sp,ratnapura,1,2827.6666666666665,2814.816666666667,1,1185.0,2822.2,21708,19920,26.593750000000004,170.17950000000002,201.9858,5.7,111,Neutral
2021-10-01,c5sp,ratnapura,1,2872.75,2854.4175,1,2370.0,2822.2,27156,24900,26.34625,341.85200000000003,201.0899,7.6,111,Neutral
2021-11-01,c5sp,ratnapura,1,2893.8,2884.0800000000004,1,3555.0,1693.3,24900,29880,25.869375,470.629,201.8582,9.9,111,Neutral
2021-12-01,c5sp,ratnapura,1,2925.0,2871.3,1,3555.0,1505.2,21708,39840,25.6075,141.56449999999998,201.399,12.1,121,Neutral
2022-01-01,c5sp,ratnapura,1,3058.25,2933.2000000000003,0,0.0,1280.9,19275,11175,25.470625,122.19749999999996,201.4647,14.2,121,Neutral
2022-02-01,c5sp,ratnapura,1,3046.0,2974.24,0,0.0,1280.9,15855,15645,25.4025,163.791,201.7362,15.1,176,Neutral
2022-03-01,c5sp,ratnapura,1,3455.333333333333,3430.2666666666664,0,0.0,1097.9,23955,17880,26.5825,89.29799999999999,255.8081,18.7,176,Neutral
2022-04-01,c5sp,ratnapura,1,4300.0,4027.216666666666,1,1188.0,731.9,20115,17880,27.1175,306.01150000000007,319.4404,29.8,289,Neutral
2022-05-01,c5sp,ratnapura,1,4535.0,4336.85,1,2376.0,914.9,18720,17880,27.130625,193.646,358.939,39.1,289,Neutral
2022-06-01,c5sp,ratnapura,1,4662.25,4520.7375,1,3564.0,914.9,12646,13410,26.5225,86.711,360.2428,54.6,430,Neutral
2022-07-01,c5sp,ratnapura,1,4520.5,4599.9375,1,3564.0,731.9,11805,13410,26.33,122.364,360.8724,60.8,430,Neutral
2022-08-01,c5sp,ratnapura,1,4604.8,4578.360000000001,1,2376.0,2744.7,15435,13410,25.99375,169.767,360.9983,64.3,430,Neutral
2022-09-01,c5sp,ratnapura,1,4344.75,4358.1,1,1188.0,2744.7,19485,17880,26.27,74.46399999999998,362.3826,69.8,415,Neutral
2022-10-01,c5sp,ratnapura,1,4722.75,4476.65,1,2376.0,2744.7,24375,22350,26.19625,295.946,363.1484,66.0,430,Neutral
2022-11-01,c5sp,ratnapura,1,4780.8,4499.52,1,3564.0,1646.8,22350,26820,25.59125000000001,289.1615,363.394,61.0,420,Neutral
2022-12-01,c5sp,ratnapura,1,4761.5,4475.75,1,3564.0,1463.9,19484,35760,25.180625,289.313,363.1652,57.2,420,Neutral
2023-01-01,c5sp,ratnapura,1,5419.8,4722.6,0,0.0,1377.4,20560,11920,24.488750000000007,122.862,362.4228,51.7,405,Neutral
2023-02-01,c5sp,ratnapura,1,4966.5,4581.45,0,0.0,1377.4,16912,16688,25.101875,158.296,361.9766,50.6,405,Neutral
2023-03-01,c5sp,ratnapura,1,4083.0,4079.7,0,0.0,1180.6,25552,19072,26.566875,113.27299999999998,329.4709,50.3,325,Neutral
2023-04-01,c5sp,ratnapura,1,4416.5,4165.233333333334,1,1120.5,787.1,21456,19072,27.605000000000004,161.4275,321.4244,35.3,310,Neutral
2023-05-01,c5sp,ratnapura,1,4369.8,4267.84,1,2241.0,983.9,19969,19072,27.3725,198.883,310.1639,25.2,310,Neutral
2023-06-01,c5sp,ratnapura,1,4137.25,4070.5,1,3361.5,983.9,13489,14304,27.287499999999994,101.3585,301.2612,12.0,308,Neutral
2023-07-01,c5sp,ratnapura,1,3846.6,3957.32,1,3361.5,787.1,12592,14304,26.892499999999995,65.55649999999997,319.2903,6.3,306,Neutral
2023-08-01,c5sp,ratnapura,1,3450.0,3572.7000000000003,1,2241.0,2951.6,16464,14304,27.4525,70.13050000000001,321.5764,4.0,341,Neutral
2023-09-01,c5sp,ratnapura,1,3798.75,3760.75,1,1120.5,2951.6,20784,19072,26.727500000000003,328.41850000000005,322.7693,1.3,351,Neutral
2023-10-01,c5sp,ratnapura,1,3801.2,3869.2,1,2241.0,2951.6,26000,23840,26.228125,585.5705,324.7303,1.5,356,Neutral
2023-11-01,c5sp,ratnapura,1,3695.5,3829.75,1,3361.5,1770.9,23840,28608,26.368125,447.1740000000001,328.25,3.4,329,Neutral
2023-12-01,c5sp,ratnapura,1,3734.5,3843.15,1,3361.5,1574.2,20785,38147,26.25625,472.0125,326.7423,4.0,358,Neutral
2024-01-01,c5sp,ratnapura,1,3983.0,3752.64,0,0.0,1330.0,21388,12400,25.613125,283.5445,321.1706,6.4,363,Neutral
2024-02-01,c5sp,ratnapura,1,3752.0,3698.45,0,0.0,1330.0,17593,17360,26.340000000000003,29.858500000000003,312.5801,5.9,363,Neutral
2024-03-01,c5sp,ratnapura,1,3845.75,3825.375,0,0.0,1140.0,26581,19840,27.113125,41.225,305.665,0.9,363,Neutral
2024-04-01,c5sp,ratnapura,1,3864.75,3791.38,1,1120.0,760.0,22320,19840,28.68625,101.2695,299.4232,1.5,333,Neutral
2024-05-01,c5sp,ratnapura,1,3875.0,3801.725,1,2240.0,950.0,20772,19840,28.328125000000004,226.944,299.6923,0.9,317,Neutral
2024-06-01,c5sp,ratnapura,1,3877.75,3780.3,1,3360.0,950.0,14032,14880,27.524374999999992,82.85149999999999,303.8121,1.7,317,Neutral
2024-07-01,c5sp,ratnapura,1,3583.25,3572.3375,1,3360.0,760.0,13099,14880,27.48125,67.39349999999999,303.7559,2.4,317,Neutral
2024-08-01,c5sp,ratnapura,1,3691.5,3625.65,1,2240.0,2850.0,17127,14880,27.2175,137.24199999999996,300.6683,0.5,307,Neutral
2024-09-01,c5sp,ratnapura,1,3875.0,3768.05,1,1120.0,2850.0,21621,19840,27.541875,69.441,301.1505,-0.5,283,Neutral
2024-10-01,c5sp,ratnapura,1,3750.0,3787.85,1,2240.0,2850.0,27047,24800,26.887500000000003,196.62100000000004,293.7851,-0.8,283,Neutral
2024-11-01,c5sp,ratnapura,1,3825.0,3949.05,1,3360.0,1710.0,24800,29760,26.468125,381.7135,292.0092,-2.1,286,Neutral
2024-12-01,c5sp,ratnapura,1,3850.0,3998.96,1,3360.0,1520.0,21620,39680,26.13437500000001,170.53300000000002,291.6805,-1.7,286,Neutral
2025-01-01,c5sp,ratnapura,1,3875.0,4027.55,0,0.0,0.0,21820,27000,25.2225,274.39300000000003,296.1796,-4.0,286,Neutral
2025-02-01,c5sp,ratnapura,1,3900.0,3989.05,0,0.0,0.0,25314,24000,25.713125,86.076,296.8034,-4.2,286,Neutral
2025-03-01,c5sp,ratnapura,1,3937.5,4045.65,0,0.0,0.0,22329,19000,26.675625000000007,229.66600000000005,295.909,-2.6,286,Neutral
2025-04-01,c5sp,ratnapura,1,3915.0,4094.4625,1,0.0,0.0,5582,18000,27.221875,272.281,298.5312,-2.0,274,Neutral
2025-05-01,c5sp,ratnapura,1,3900.0,4083.15,1,0.0,0.0,5582,15000,27.324375,191.717,299.4142,-0.7,274,Neutral
2025-06-01,c5sp,ratnapura,1,3800.0,4012.3,1,0.0,0.0,20560,15000,26.9,170.3,301.12,-0.6,305,Neutral
2025-07-01,c5sp,ratnapura,1,3875.0,4008.36,1,0.0,0.0,35106,15000,27.0,148.3,301.12,-0.3,305,Neutral
2025-08-01,c5sp,ratnapura,1,3925.0,4084.85,1,0.0,0.0,39860,15000,26.8,135.0,301.12,1.2,299,Neutral
2025-09-01,c5sp,ratnapura,1,3900.0,4062.0,1,0.0,0.0,31328,20000,26.7,213.3,302.0368,2.4,299,Neutral
2025-10-01,c5sp,ratnapura,1,3957.5,4062.0,1,0.0,0.0,27000,22000,25.89,302.6,7.03,2.4,286,Neutral
2025-11-01,c5sp,ratnapura,1,4125.0,4125.0,1,0.0,0.0,27000,25000,25.26,566.3,7.03,2.4,286,Neutral
2025-12-01,c5sp,ratnapura,1,4440.0,4440.0,1,0.0,0.0,27000,28000,25.45,155.4,7.03,2.4,286,Neutral
2026-01-01,c5sp,ratnapura,1,4937.5,4983.33,0,0.0,1300.0,15000,14000,25.33,78.5,7.03,2.4,279,Neutral
2026-02-01,c5sp,ratnapura,1,5000.0,4062.0,0,0.0,1300.0,16000,14800,25.42,56.4,7.03,2.4,277,Neutral
2020-01-01,h1,ratnapura,1,1449.75,1597.6925,0,0.0,1310.5,19156,11106,25.560625,57.7385,181.4036,5.7,104,Neutral
2020-02-01,h1,ratnapura,1,1553.75,1745.71,0,0.0,1310.5,15757,15549,25.815625,28.699000000000005,181.5628,6.2,104,Neutral
2020-03-01,h1,ratnapura,1,1566.5,1869.5,0,0.0,1123.3,23807,17770,27.176875000000003,29.896,185.0567,5.4,104,Neutral
2020-04-01,h1,ratnapura,1,1475.0,1721.875,1,1145.0,748.9,19991,17770,28.133125000000003,129.9175,193.0854,5.2,104,Neutral
2020-05-01,h1,ratnapura,1,1673.0,1779.0125,1,2290.0,936.1,18605,17770,27.856250000000003,239.16,187.865,4.0,104,Neutral
2020-06-01,h1,ratnapura,1,1709.8,1904.232,1,3435.0,936.1,12568,13327,27.2925,107.60849999999998,185.9545,3.9,104,Neutral
2020-07-01,h1,ratnapura,1,1887.0,1972.375,1,3435.0,748.9,11732,13327,26.540625,118.602,185.8487,4.2,104,Neutral
2020-08-01,h1,ratnapura,1,1789.6,1965.6,1,2290.0,2808.3,15340,13327,26.786875,85.95949999999999,184.8939,4.1,104,Neutral
2020-09-01,h1,ratnapura,1,1887.25,1999.5425,1,1145.0,2808.3,19365,17770,26.410625,198.4555,185.0317,4.0,104,Neutral
2020-10-01,h1,ratnapura,1,1729.0,1983.0425,1,2290.0,2808.3,24225,22212,26.730625,90.7945,184.4379,4.0,104,Neutral
2020-11-01,h1,ratnapura,1,1933.0,2024.8125,1,3435.0,1685.0,22212,26655,26.305625000000003,308.663,184.7882,4.1,104,Neutral
2020-12-01,h1,ratnapura,1,1976.6,2023.666,1,3435.0,1497.7,19364,35539,25.624375,301.8475,187.1822,4.2,104,Neutral
2021-01-01,h1,ratnapura,1,1874.75,1978.825,0,0.0,1317.0,21474,12450,25.203125,261.9235,190.4918,3.0,104,Neutral
2021-02-01,h1,ratnapura,1,1916.5,2031.4175,0,0.0,1317.0,17664,17430,25.576875000000005,57.901,194.0665,3.3,104,Neutral
2021-03-01,h1,ratnapura,1,1966.2,2059.84,0,0.0,1128.9,26688,19920,26.118125,146.487,196.9825,4.1,104,Neutral
2021-04-01,h1,ratnapura,1,2033.0,2094.476666666667,1,1185.0,752.6,22410,19920,27.244375,130.3815,197.423,3.9,104,Neutral
2021-05-01,h1,ratnapura,1,1966.3333333333333,2083.266666666667,1,2370.0,940.7,20856,19920,27.279375,258.98,199.5847,4.5,111,Neutral
2021-06-01,h1,ratnapura,1,2058.0,2148.7,1,3555.0,940.7,14088,14940,26.799375000000005,132.15700000000004,199.8161,5.2,111,Neutral
2021-07-01,h1,ratnapura,1,2016.5,2257.5,1,3555.0,752.6,13152,14940,26.590625,138.03850000000003,199.9778,5.7,111,Neutral
2021-08-01,h1,ratnapura,1,2066.333333333333,2182.1566666666663,1,2370.0,2822.2,17196,14940,26.2875,132.23650000000004,200.4965,6.0,111,Neutral
2021-09-01,h1,ratnapura,1,2066.333333333333,2182.1566666666663,1,1185.0,2822.2,21708,19920,26.593750000000004,170.17950000000002,201.9858,5.7,111,Neutral
2021-10-01,h1,ratnapura,1,1975.0,2130.325,1,2370.0,2822.2,27156,24900,26.34625,341.85200000000003,201.0899,7.6,111,Neutral
2021-11-01,h1,ratnapura,1,2026.2,2158.732,1,3555.0,1693.3,24900,29880,25.869375,470.629,201.8582,9.9,111,Neutral
2021-12-01,h1,ratnapura,1,2050.0,2154.3325,1,3555.0,1505.2,21708,39840,25.6075,141.56449999999998,201.399,12.1,121,Neutral
2022-01-01,h1,ratnapura,1,2145.5,2151.1675,0,0.0,1280.9,19275,11175,25.470625,122.19749999999996,201.4647,14.2,121,Neutral
2022-02-01,h1,ratnapura,1,2103.0,2205.7940000000003,0,0.0,1280.9,15855,15645,25.4025,163.791,201.7362,15.1,176,Neutral
2022-03-01,h1,ratnapura,1,2580.333333333333,2599.5533333333333,0,0.0,1097.9,23955,17880,26.5825,89.29799999999999,255.8081,18.7,176,Neutral
2022-04-01,h1,ratnapura,1,3150.0,3103.1,1,1188.0,731.9,20115,17880,27.1175,306.01150000000007,319.4404,29.8,289,Neutral
2022-05-01,h1,ratnapura,1,3079.0,3276.5725,1,2376.0,914.9,18720,17880,27.130625,193.646,358.939,39.1,289,Neutral
2022-06-01,h1,ratnapura,1,3329.0,3508.5,1,3564.0,914.9,12646,13410,26.5225,86.711,360.2428,54.6,430,Neutral
2022-07-01,h1,ratnapura,1,3266.5,3403.1425,1,3564.0,731.9,11805,13410,26.33,122.364,360.8724,60.8,430,Neutral
2022-08-01,h1,ratnapura,1,3279.8,3340.7160000000003,1,2376.0,2744.7,15435,13410,25.99375,169.767,360.9983,64.3,430,Neutral
2022-09-01,h1,ratnapura,1,3057.75,3091.465,1,1188.0,2744.7,19485,17880,26.27,74.46399999999998,362.3826,69.8,415,Neutral
2022-10-01,h1,ratnapura,1,2920.75,3025.8575,1,2376.0,2744.7,24375,22350,26.19625,295.946,363.1484,66.0,430,Neutral
2022-11-01,h1,ratnapura,1,2956.4,3025.3740000000007,1,3564.0,1646.8,22350,26820,25.59125000000001,289.1615,363.394,61.0,420,Neutral
2022-12-01,h1,ratnapura,1,2895.25,2936.3925,1,3564.0,1463.9,19484,35760,25.180625,289.313,363.1652,57.2,420,Neutral
2023-01-01,h1,ratnapura,1,2918.2,2957.03,0,0.0,1377.4,20560,11920,24.488750000000007,122.862,362.4228,51.7,405,Neutral
2023-02-01,h1,ratnapura,1,2995.75,2997.3125,0,0.0,1377.4,16912,16688,25.101875,158.296,361.9766,50.6,405,Neutral
2023-03-01,h1,ratnapura,1,2483.0,2602.13,0,0.0,1180.6,25552,19072,26.566875,113.27299999999998,329.4709,50.3,325,Neutral
2023-04-01,h1,ratnapura,1,2725.0,2723.13,1,1120.5,787.1,21456,19072,27.605000000000004,161.4275,321.4244,35.3,310,Neutral
2023-05-01,h1,ratnapura,1,2726.6,2756.0080000000003,1,2241.0,983.9,19969,19072,27.3725,198.883,310.1639,25.2,310,Neutral
2023-06-01,h1,ratnapura,1,2585.25,2600.0975,1,3361.5,983.9,13489,14304,27.287499999999994,101.3585,301.2612,12.0,308,Neutral
2023-07-01,h1,ratnapura,1,2439.8,2662.028,1,3361.5,787.1,12592,14304,26.892499999999995,65.55649999999997,319.2903,6.3,306,Neutral
2023-08-01,h1,ratnapura,1,2172.25,2532.955,1,2241.0,2951.6,16464,14304,27.4525,70.13050000000001,321.5764,4.0,341,Neutral
2023-09-01,h1,ratnapura,1,2524.75,2589.285,1,1120.5,2951.6,20784,19072,26.727500000000003,328.41850000000005,322.7693,1.3,351,Neutral
2023-10-01,h1,ratnapura,1,2492.2,2562.152,1,2241.0,2951.6,26000,23840,26.228125,585.5705,324.7303,1.5,356,Neutral
2023-11-01,h1,ratnapura,1,2374.75,2536.2425000000003,1,3361.5,1770.9,23840,28608,26.368125,447.1740000000001,328.25,3.4,329,Neutral
2023-12-01,h1,ratnapura,1,2507.0,2645.41,1,3361.5,1574.2,20785,38147,26.25625,472.0125,326.7423,4.0,358,Neutral
2024-01-01,h1,ratnapura,1,2586.4,2626.252,0,0.0,1330.0,21388,12400,25.613125,283.5445,321.1706,6.4,363,Neutral
2024-02-01,h1,ratnapura,1,2587.5,2651.7225,0,0.0,1330.0,17593,17360,26.340000000000003,29.858500000000003,312.5801,5.9,363,Neutral
2024-03-01,h1,ratnapura,1,2674.75,2651.1575000000003,0,0.0,1140.0,26581,19840,27.113125,41.225,305.665,0.9,363,Neutral
2024-04-01,h1,ratnapura,1,2506.0,2658.362,1,1120.0,760.0,22320,19840,28.68625,101.2695,299.4232,1.5,333,Neutral
2024-05-01,h1,ratnapura,1,2606.25,2677.4525,1,2240.0,950.0,20772,19840,28.328125000000004,226.944,299.6923,0.9,317,Neutral
2024-06-01,h1,ratnapura,1,2545.5,2683.615,1,3360.0,950.0,14032,14880,27.524374999999992,82.85149999999999,303.8121,1.7,317,Neutral
2024-07-01,h1,ratnapura,1,2603.75,2740.435,1,3360.0,760.0,13099,14880,27.48125,67.39349999999999,303.7559,2.4,317,Neutral
2024-08-01,h1,ratnapura,1,2833.25,2823.4325,1,2240.0,2850.0,17127,14880,27.2175,137.24199999999996,300.6683,0.5,307,Neutral
2024-09-01,h1,ratnapura,1,3125.0,2970.9525000000003,1,1120.0,2850.0,21621,19840,27.541875,69.441,301.1505,-0.5,283,Neutral
2024-10-01,h1,ratnapura,1,3300.0,3109.7225,1,2240.0,2850.0,27047,24800,26.887500000000003,196.62100000000004,293.7851,-0.8,283,Neutral
2024-11-01,h1,ratnapura,1,3362.5,3190.4400000000005,1,3360.0,1710.0,24800,29760,26.468125,381.7135,292.0092,-2.1,286,Neutral
2024-12-01,h1,ratnapura,1,3462.5,3331.178,1,3360.0,1520.0,21620,39680,26.13437500000001,170.53300000000002,291.6805,-1.7,286,Neutral
2025-01-01,h1,ratnapura,1,3425.0,3300.3125,0,0.0,0.0,21820,27000,25.2225,274.39300000000003,296.1796,-4.0,286,Neutral
2025-02-01,h1,ratnapura,1,3550.0,3375.605,0,0.0,0.0,25314,24000,25.713125,86.076,296.8034,-4.2,286,Neutral
2025-03-01,h1,ratnapura,1,3437.5,3369.7225,0,0.0,0.0,22329,19000,26.675625000000007,229.66600000000005,295.909,-2.6,286,Neutral
2025-04-01,h1,ratnapura,1,3500.0,3406.9875,1,0.0,0.0,5582,18000,27.221875,272.281,298.5312,-2.0,274,Neutral
2025-05-01,h1,ratnapura,1,3425.0,3272.5975,1,0.0,0.0,5582,15000,27.324375,191.717,299.4142,-0.7,274,Neutral
2025-06-01,h1,ratnapura,1,3287.5,3174.0975,1,0.0,0.0,20560,15000,26.9,170.3,301.12,-0.6,305,Neutral
2025-07-01,h1,ratnapura,1,3262.5,3188.202,1,0.0,0.0,35106,15000,27.0,148.3,301.12,-0.3,305,Neutral
2025-08-01,h1,ratnapura,1,3193.75,3226.9425,1,0.0,0.0,39860,15000,26.8,135.0,301.12,1.2,299,Neutral
2025-09-01,h1,ratnapura,1,3200.0,3236.07,1,0.0,0.0,31328,20000,26.7,213.3,302.0368,2.4,299,Neutral
2025-10-01,h1,ratnapura,1,3225.0,3236.07,1,0.0,0.0,27000,22000,25.89,302.6,7.03,2.4,286,Neutral
2025-11-01,h1,ratnapura,1,3312.5,3312.5,1,0.0,0.0,27000,25000,25.26,566.3,7.03,2.4,286,Neutral
2025-12-01,h1,ratnapura,1,3450.0,3450.0,1,0.0,0.0,27000,28000,25.45,155.4,7.03,2.4,286,Neutral
2026-01-01,h1,ratnapura,1,3550.0,3566.67,0,0.0,1300.0,15000,14000,25.33,78.5,7.03,2.4,279,Neutral
2026-02-01,h1,ratnapura,1,3700.0,3236.07,0,0.0,1300.0,16000,14800,25.42,56.4,7.03,2.4,277,Neutral
2020-01-01,h2,ratnapura,1,1199.75,1496.4,0,0.0,1310.5,19156,11106,25.560625,57.7385,181.4036,5.7,104,Neutral
2020-02-01,h2,ratnapura,1,1278.75,1625.3325,0,0.0,1310.5,15757,15549,25.815625,28.699000000000005,181.5628,6.2,104,Neutral
2020-03-01,h2,ratnapura,1,1274.5,1732.915,0,0.0,1123.3,23807,17770,27.176875000000003,29.896,185.0567,5.4,104,Neutral
2020-04-01,h2,ratnapura,1,1200.0,1587.125,1,1145.0,748.9,19991,17770,28.133125000000003,129.9175,193.0854,5.2,104,Neutral
2020-05-01,h2,ratnapura,1,1425.0,1645.95,1,2290.0,936.1,18605,17770,27.856250000000003,239.16,187.865,4.0,104,Neutral
2020-06-01,h2,ratnapura,1,1408.4,1792.898,1,3435.0,936.1,12568,13327,27.2925,107.60849999999998,185.9545,3.9,104,Neutral
2020-07-01,h2,ratnapura,1,1362.25,1819.5,1,3435.0,748.9,11732,13327,26.540625,118.602,185.8487,4.2,104,Neutral
2020-08-01,h2,ratnapura,1,1496.4,1850.308,1,2290.0,2808.3,15340,13327,26.786875,85.95949999999999,184.8939,4.1,104,Neutral
2020-09-01,h2,ratnapura,1,1628.75,1892.2075,1,1145.0,2808.3,19365,17770,26.410625,198.4555,185.0317,4.0,104,Neutral
2020-10-01,h2,ratnapura,1,1462.25,1879.96,1,2290.0,2808.3,24225,22212,26.730625,90.7945,184.4379,4.0,104,Neutral
2020-11-01,h2,ratnapura,1,1608.0,1907.3125,1,3435.0,1685.0,22212,26655,26.305625000000003,308.663,184.7882,4.1,104,Neutral
2020-12-01,h2,ratnapura,1,1733.0,1925.002,1,3435.0,1497.7,19364,35539,25.624375,301.8475,187.1822,4.2,104,Neutral
2021-01-01,h2,ratnapura,1,1641.25,1909.79,0,0.0,1317.0,21474,12450,25.203125,261.9235,190.4918,3.0,104,Neutral
2021-02-01,h2,ratnapura,1,1641.5,1925.5825,0,0.0,1317.0,17664,17430,25.576875000000005,57.901,194.0665,3.3,104,Neutral
2021-03-01,h2,ratnapura,1,1723.0,1961.754,0,0.0,1128.9,26688,19920,26.118125,146.487,196.9825,4.1,104,Neutral
2021-04-01,h2,ratnapura,1,1850.0,2003.4533333333327,1,1185.0,752.6,22410,19920,27.244375,130.3815,197.423,3.9,104,Neutral
2021-05-01,h2,ratnapura,1,1638.6666666666667,1961.6666666666667,1,2370.0,940.7,20856,19920,27.279375,258.98,199.5847,4.5,111,Neutral
2021-06-01,h2,ratnapura,1,1633.0,2003.6,1,3555.0,940.7,14088,14940,26.799375000000005,132.15700000000004,199.8161,5.2,111,Neutral
2021-07-01,h2,ratnapura,1,1716.5,2046.75,1,3555.0,752.6,13152,14940,26.590625,138.03850000000003,199.9778,5.7,111,Neutral
2021-08-01,h2,ratnapura,1,1816.6666666666667,2063.8,1,2370.0,2822.2,17196,14940,26.2875,132.23650000000004,200.4965,6.0,111,Neutral
2021-09-01,h2,ratnapura,1,1816.6666666666667,2063.8,1,1185.0,2822.2,21708,19920,26.593750000000004,170.17950000000002,201.9858,5.7,111,Neutral
2021-10-01,h2,ratnapura,1,1841.5,2042.775,1,2370.0,2822.2,27156,24900,26.34625,341.85200000000003,201.0899,7.6,111,Neutral
2021-11-01,h2,ratnapura,1,1979.2,2082.668,1,3555.0,1693.3,24900,29880,25.869375,470.629,201.8582,9.9,111,Neutral
2021-12-01,h2,ratnapura,1,1737.25,2040.915,1,3555.0,1505.2,21708,39840,25.6075,141.56449999999998,201.399,12.1,121,Neutral
2022-01-01,h2,ratnapura,1,1800.0,2070.46,0,0.0,1280.9,19275,11175,25.470625,122.19749999999996,201.4647,14.2,121,Neutral
2022-02-01,h2,ratnapura,1,1786.4,2077.492,0,0.0,1280.9,15855,15645,25.4025,163.791,201.7362,15.1,176,Neutral
2022-03-01,h2,ratnapura,1,2194.0,2430.443333333333,0,0.0,1097.9,23955,17880,26.5825,89.29799999999999,255.8081,18.7,176,Neutral
2022-04-01,h2,ratnapura,1,2850.0,2909.403333333333,1,1188.0,731.9,20115,17880,27.1175,306.01150000000007,319.4404,29.8,289,Neutral
2022-05-01,h2,ratnapura,1,2643.75,3017.4974999999995,1,2376.0,914.9,18720,17880,27.130625,193.646,358.939,39.1,289,Neutral
2022-06-01,h2,ratnapura,1,2849.75,3183.2075,1,3564.0,914.9,12646,13410,26.5225,86.711,360.2428,54.6,430,Neutral
2022-07-01,h2,ratnapura,1,3008.25,3212.8925,1,3564.0,731.9,11805,13410,26.33,122.364,360.8724,60.8,430,Neutral
2022-08-01,h2,ratnapura,1,2867.4,3161.8,1,2376.0,2744.7,15435,13410,25.99375,169.767,360.9983,64.3,430,Neutral
2022-09-01,h2,ratnapura,1,2749.75,2908.4300000000003,1,1188.0,2744.7,19485,17880,26.27,74.46399999999998,362.3826,69.8,415,Neutral
2022-10-01,h2,ratnapura,1,2724.0,2853.535,1,2376.0,2744.7,24375,22350,26.19625,295.946,363.1484,66.0,430,Neutral
2022-11-01,h2,ratnapura,1,2546.6,2849.202,1,3564.0,1646.8,22350,26820,25.59125000000001,289.1615,363.394,61.0,420,Neutral
2022-12-01,h2,ratnapura,1,2519.5,2702.715,1,3564.0,1463.9,19484,35760,25.180625,289.313,363.1652,57.2,420,Neutral
2023-01-01,h2,ratnapura,1,2487.4,2739.772,0,0.0,1377.4,20560,11920,24.488750000000007,122.862,362.4228,51.7,405,Neutral
2023-02-01,h2,ratnapura,1,2791.25,2804.7825000000003,0,0.0,1377.4,16912,16688,25.101875,158.296,361.9766,50.6,405,Neutral
2023-03-01,h2,ratnapura,1,2249.75,2357.8425,0,0.0,1180.6,25552,19072,26.566875,113.27299999999998,329.4709,50.3,325,Neutral
2023-04-01,h2,ratnapura,1,2483.0,2480.346666666667,1,1120.5,787.1,21456,19072,27.605000000000004,161.4275,321.4244,35.3,310,Neutral
2023-05-01,h2,ratnapura,1,2414.8,2522.822,1,2241.0,983.9,19969,19072,27.3725,198.883,310.1639,25.2,310,Neutral
2023-06-01,h2,ratnapura,1,2300.0,2331.5950000000003,1,3361.5,983.9,13489,14304,27.287499999999994,101.3585,301.2612,12.0,308,Neutral
2023-07-01,h2,ratnapura,1,2173.2,2406.9260000000004,1,3361.5,787.1,12592,14304,26.892499999999995,65.55649999999997,319.2903,6.3,306,Neutral
2023-08-01,h2,ratnapura,1,1859.25,2355.8775,1,2241.0,2951.6,16464,14304,27.4525,70.13050000000001,321.5764,4.0,341,Neutral
2023-09-01,h2,ratnapura,1,2166.25,2352.16,1,1120.5,2951.6,20784,19072,26.727500000000003,328.41850000000005,322.7693,1.3,351,Neutral
2023-10-01,h2,ratnapura,1,2263.0,2402.494,1,2241.0,2951.6,26000,23840,26.228125,585.5705,324.7303,1.5,356,Neutral
2023-11-01,h2,ratnapura,1,2124.5,2378.185,1,3361.5,1770.9,23840,28608,26.368125,447.1740000000001,328.25,3.4,329,Neutral
2023-12-01,h2,ratnapura,1,2181.25,2460.44,1,3361.5,1574.2,20785,38147,26.25625,472.0125,326.7423,4.0,358,Neutral
2024-01-01,h2,ratnapura,1,2279.8,2477.586,0,0.0,1330.0,21388,12400,25.613125,283.5445,321.1706,6.4,363,Neutral
2024-02-01,h2,ratnapura,1,2271.5,2491.3475,0,0.0,1330.0,17593,17360,26.340000000000003,29.858500000000003,312.5801,5.9,363,Neutral
2024-03-01,h2,ratnapura,1,2283.0,2479.2525,0,0.0,1140.0,26581,19840,27.113125,41.225,305.665,0.9,363,Neutral
2024-04-01,h2,ratnapura,1,2244.5,2506.9880000000003,1,1120.0,760.0,22320,19840,28.68625,101.2695,299.4232,1.5,333,Neutral
2024-05-01,h2,ratnapura,1,2306.0,2506.1125,1,2240.0,950.0,20772,19840,28.328125000000004,226.944,299.6923,0.9,317,Neutral
2024-06-01,h2,ratnapura,1,2300.0,2521.0625,1,3360.0,950.0,14032,14880,27.524374999999992,82.85149999999999,303.8121,1.7,317,Neutral
2024-07-01,h2,ratnapura,1,2366.25,2600.905,1,3360.0,760.0,13099,14880,27.48125,67.39349999999999,303.7559,2.4,317,Neutral
2024-08-01,h2,ratnapura,1,2579.0,2680.69,1,2240.0,2850.0,17127,14880,27.2175,137.24199999999996,300.6683,0.5,307,Neutral
2024-09-01,h2,ratnapura,1,2837.5,2819.1275,1,1120.0,2850.0,21621,19840,27.541875,69.441,301.1505,-0.5,283,Neutral
2024-10-01,h2,ratnapura,1,3100.0,2941.5975,1,2240.0,2850.0,27047,24800,26.887500000000003,196.62100000000004,293.7851,-0.8,283,Neutral
2024-11-01,h2,ratnapura,1,3200.0,3049.9075000000003,1,3360.0,1710.0,24800,29760,26.468125,381.7135,292.0092,-2.1,286,Neutral
2024-12-01,h2,ratnapura,1,3300.0,3181.1200000000003,1,3360.0,1520.0,21620,39680,26.13437500000001,170.53300000000002,291.6805,-1.7,286,Neutral
2025-01-01,h2,ratnapura,1,3300.0,3156.065,0,0.0,0.0,21820,27000,25.2225,274.39300000000003,296.1796,-4.0,286,Neutral
2025-02-01,h2,ratnapura,1,3275.0,3215.835,0,0.0,0.0,25314,24000,25.713125,86.076,296.8034,-4.2,286,Neutral
2025-03-01,h2,ratnapura,1,3325.0,3237.2825000000003,0,0.0,0.0,22329,19000,26.675625000000007,229.66600000000005,295.909,-2.6,286,Neutral
2025-04-01,h2,ratnapura,1,3305.0,3246.5125,1,0.0,0.0,5582,18000,27.221875,272.281,298.5312,-2.0,274,Neutral
2025-05-01,h2,ratnapura,1,3300.0,3130.2525000000005,1,0.0,0.0,5582,15000,27.324375,191.717,299.4142,-0.7,274,Neutral
2025-06-01,h2,ratnapura,1,3125.0,3034.41,1,0.0,0.0,20560,15000,26.9,170.3,301.12,-0.6,305,Neutral
2025-07-01,h2,ratnapura,1,3000.0,3063.852,1,0.0,0.0,35106,15000,27.0,148.3,301.12,-0.3,305,Neutral
2025-08-01,h2,ratnapura,1,2987.5,3087.2925,1,0.0,0.0,39860,15000,26.8,135.0,301.12,1.2,299,Neutral
2025-09-01,h2,ratnapura,1,3000.0,3118.285,1,0.0,0.0,31328,20000,26.7,213.3,302.0368,2.4,299,Neutral
2025-10-01,h2,ratnapura,1,3000.0,3118.285,1,0.0,0.0,27000,22000,25.89,302.6,7.03,2.4,286,Neutral
2025-11-01,h2,ratnapura,1,3150.0,3150.0,1,0.0,0.0,27000,25000,25.26,566.3,7.03,2.4,286,Neutral
2025-12-01,h2,ratnapura,1,3250.0,3250.0,1,0.0,0.0,27000,28000,25.45,155.4,7.03,2.4,286,Neutral
2026-01-01,h2,ratnapura,1,3375.0,3400.0,0,0.0,1300.0,15000,14000,25.33,78.5,7.03,2.4,279,Neutral
2026-02-01,h2,ratnapura,1,3500.0,3118.285,0,0.0,1300.0,16000,14800,25.42,56.4,7.03,2.4,277,Neutral
2025-10-01,h_faq,ratnapura,1,3000.0,3000.0,1,0.0,0.0,27000,22000,25.89,302.6,7.03,2.4,286,Neutral
2025-11-01,h_faq,ratnapura,1,3000.0,3000.0,1,0.0,0.0,27000,25000,25.26,566.3,7.03,2.4,286,Neutral
2025-12-01,h_faq,ratnapura,1,3000.0,3000.0,1,0.0,0.0,27000,28000,25.45,155.4,7.03,2.4,286,Neutral
2026-01-01,h_faq,ratnapura,1,3000.0,3000.0,0,0.0,1300.0,15000,14000,25.33,78.5,7.03,2.4,279,Neutral
2026-02-01,h_faq,ratnapura,1,3000.0,3000.0,0,0.0,1300.0,16000,14800,25.42,56.4,7.03,2.4,277,Neutral
