Date,Grade,Region,Regional_Price,National_Price,Seasonal_Impact,Indonesia_Price_in_USD,Madagascar_Price_in_USD,Tanzania_Price_in_USD,Local_Production_Volume,Local_Export_Volume,Global_Production_Volume,Temperature,Rainfall,Exchange_Rate,Inflation_Rate,Fuel_Price,Market_Sentiment
2020-01-01,Clove,Badulla,858.0,942.22,1,3.9,4.5,4.9,2013.2,156,10724,25.96,45.68,181.4036,5.7,104,Neutral
2020-02-01,Clove,Badulla,907.0,946.73,1,3.85,4.45,4.85,0.0,467,12088,26.19,23.63,181.5628,6.2,104,Neutral
2020-03-01,Clove,Badulla,881.0,898.65,0,3.8,4.4,4.8,0.0,727,12289,27.61,21.74,185.0567,5.4,104,Neutral
2020-04-01,Clove,Badulla,818.5,829.24,0,3.7,4.3,4.75,0.0,571,6192,28.87,108.92,193.0854,5.2,104,Neutral
2020-05-01,Clove,Badulla,846.5,843.36,0,3.65,4.25,4.75,0.0,260,0,28.68,196.94,187.865,4.0,104,Neutral
2020-06-01,Clove,Badulla,820.6,834.59,0,3.6,4.2,4.7,0.0,130,3522,28.17,91.65,185.9545,3.9,104,Neutral
2020-07-01,Clove,Badulla,783.25,845.52,0,3.65,4.25,4.8,0.0,52,15224,27.34,117.14,185.8487,4.2,104,Neutral
2020-08-01,Clove,Badulla,794.6,874.26,0,3.7,4.3,4.85,0.0,52,16389,27.67,66.31,184.8939,4.1,104,Neutral
2020-09-01,Clove,Badulla,822.5,875.16,0,3.7,4.35,4.9,0.0,39,24089,27.18,180.47,185.0317,4.0,104,Neutral
2020-10-01,Clove,Badulla,825.75,856.56,0,3.75,4.4,4.95,0.0,39,36211,27.46,83.98,184.4379,4.0,104,Neutral
2020-11-01,Clove,Badulla,738.5,836.01,0,3.8,4.45,5.0,1426.5,52,30523,26.84,317.73,184.4379,4.1,104,Neutral
2020-12-01,Clove,Badulla,746.0,813.3,1,3.85,4.5,5.05,2567.7,52,18439,25.98,358.93,187.1822,4.2,104,Neutral
2021-01-01,Clove,Badulla,728.5,787.1,1,4.2,4.8,6.0,1711.8,324,10128,25.61,268.48,190.4918,3.0,104,Neutral
2021-02-01,Clove,Badulla,756.0,794.91,1,4.3,4.9,6.2,0.0,972,11400,25.75,49.15,194.0665,3.0,104,Neutral
2021-03-01,Clove,Badulla,779.4,892.96,0,4.45,5.05,6.5,0.0,1620,11595,26.69,106.3,196.9825,4.1,104,Neutral
2021-04-01,Clove,Badulla,864.33,958.49,0,4.6,5.2,6.8,0.0,1620,5839,27.96,113.87,197.423,3.9,104,Neutral
2021-05-01,Clove,Badulla,851.0,957.13,0,4.75,5.35,7.1,0.0,972,0,28.04,206.22,199.5847,4.5,111,Neutral
2021-06-01,Clove,Badulla,1037.5,1273.15,0,4.9,5.5,7.4,0.0,389,3321,27.71,101.55,199.8161,5.2,111,Neutral
2021-07-01,Clove,Badulla,981.33,1266.36,0,5.1,5.7,7.8,0.0,130,14357,27.55,122.53,199.9778,5.7,111,Neutral
2021-08-01,Clove,Badulla,1098.33,1271.54,0,5.0,5.65,7.7,0.0,130,15453,27.3,105.46,200.4965,6.0,111,Neutral
2021-09-01,Clove,Badulla,1078.33,1288.55,0,5.05,5.75,7.9,0.0,97,22716,27.48,147.68,201.9858,5.7,111,Neutral
2021-10-01,Clove,Badulla,1058.33,1305.55,0,5.15,5.85,8.1,0.0,97,34103,27.01,333.6,201.0899,7.6,111,Neutral
2021-11-01,Clove,Badulla,1131.25,1362.5,0,5.2,5.9,8.2,1430.5,65,28786,26.33,511.31,201.8582,9.9,111,Neutral
2021-12-01,Clove,Badulla,1209.0,1461.61,1,5.25,6.0,8.3,2574.9,65,17361,26.09,135.18,201.399,12.1,121,Neutral
2022-01-01,Clove,Badulla,1412.5,1557.73,1,5.8,5.7,9.0,1716.6,140,10224,25.83,116.96,201.4647,14.2,121,Neutral
2022-02-01,Clove,Badulla,1622.4,1671.57,1,5.9,5.8,9.2,0.0,419,11529,25.77,144.37,201.7362,15.1,176,Neutral
2022-03-01,Clove,Badulla,1634.0,1803.05,0,6.0,5.9,9.4,0.0,651,11726,27.12,73.2,255.8081,18.7,176,Neutral
2022-04-01,Clove,Badulla,1710.67,2067.73,0,6.1,6.0,9.5,0.0,512,5901,27.71,297.63,319.4404,29.8,289,Neutral
2022-05-01,Clove,Badulla,2125.0,2432.97,0,6.15,6.05,9.6,0.0,233,0,27.89,139.23,358.939,39.1,289,Neutral
2022-06-01,Clove,Badulla,2233.33,2423.98,0,5.9,5.8,9.2,0.0,116,3358,27.37,70.76,360.2428,54.6,430,Neutral
2022-07-01,Clove,Badulla,2075.75,2476.32,0,6.0,5.9,9.3,0.0,47,14489,27.28,128.65,360.8724,60.8,430,Neutral
2022-08-01,Clove,Badulla,2123.75,2564.11,0,6.05,5.95,9.4,0.0,47,15596,26.94,140.71,360.9983,64.3,430,Neutral
2022-09-01,Clove,Badulla,2064.0,2519.22,0,6.1,6.0,9.5,0.0,35,22927,27.15,66.45,362.3826,69.8,415,Neutral
2022-10-01,Clove,Badulla,2080.67,2387.41,0,6.2,6.1,9.65,0.0,35,34420,26.89,282.23,363.1484,66.0,430,Neutral
2022-11-01,Clove,Badulla,1938.4,2199.31,0,6.25,6.15,9.75,1474.8,47,29054,26.03,266.7,363.394,66.0,420,Neutral
2022-12-01,Clove,Badulla,2001.75,2118.36,1,6.3,6.2,9.8,2654.6,47,17487,25.64,299.07,363.1652,57.2,420,Neutral
2023-01-01,Clove,Badulla,2061.2,2278.09,1,6.9,6.0,6.0,1769.7,292,10174,24.9,117.48,362.4228,51.7,405,Neutral
2023-02-01,Clove,Badulla,2037.25,2438.13,1,7.0,6.1,6.2,0.0,876,11472,25.42,149.15,361.9766,50.6,405,Neutral
2023-03-01,Clove,Badulla,2056.25,2206.47,0,7.1,6.15,6.3,0.0,1460,11668,27.01,95.15,329.4709,50.3,325,Neutral
2023-04-01,Clove,Badulla,1972.67,2206.92,0,7.15,6.2,6.1,0.0,1460,5871,28.27,134.72,321.4244,35.3,310,Neutral
2023-05-01,Clove,Badulla,2006.6,2190.19,0,7.2,6.25,5.8,0.0,876,0,28.01,189.54,310.1639,25.2,310,Neutral
2023-06-01,Clove,Badulla,1912.5,2273.47,0,7.2,6.25,5.5,0.0,350,3342,28.19,74.32,301.2612,12.0,308,Neutral
2023-07-01,Clove,Badulla,2049.8,2493.34,0,7.25,6.3,5.3,0.0,117,14419,27.94,47.41,319.2903,6.3,306,Neutral
2023-08-01,Clove,Badulla,2189.25,2685.22,0,7.25,6.3,5.1,0.0,117,15519,28.48,55.7,321.5764,4.0,341,Neutral
2023-09-01,Clove,Badulla,2214.25,2678.97,0,7.2,6.25,5.0,0.0,88,22814,27.73,236.09,322.7693,1.3,351,Neutral
2023-10-01,Clove,Badulla,2186.8,2741.53,0,7.15,6.2,4.9,0.0,88,34250,27.03,469.81,324.7303,1.5,356,Neutral
2023-11-01,Clove,Badulla,2176.75,2777.75,0,7.2,6.3,5.0,1475.0,58,28911,26.85,455.51,328.25,3.4,329,Neutral
2023-12-01,Clove,Badulla,2314.75,2838.46,1,7.25,6.4,5.2,2655.0,58,17431,26.68,459.58,326.7423,4.0,358,Neutral
2024-01-01,Clove,Badulla,2331.2,2958.86,1,8.0,8.2,7.5,1770.0,159,7935,25.99,235.9,321.1706,6.4,363,Neutral
2024-02-01,Clove,Badulla,2664.5,3226.11,1,8.2,8.4,7.8,0.0,159,8951,26.66,22.05,312.5801,5.9,363,Neutral
2024-03-01,Clove,Badulla,2845.75,3403.5,0,8.5,8.7,8.0,0.0,127,9100,27.49,33.44,305.665,0.9,363,Neutral
2024-04-01,Clove,Badulla,2739.6,3410.18,0,8.8,9.0,8.2,0.0,106,4585,29.42,74.5,299.4232,1.5,333,Neutral
2024-05-01,Clove,Badulla,2749.75,3390.09,0,9.0,9.2,8.5,0.0,85,0,29.04,206.28,299.6923,0.9,317,Neutral
2024-06-01,Clove,Badulla,2823.25,3210.44,0,9.1,9.3,8.6,0.0,85,2608,28.29,65.28,303.8121,1.7,317,Neutral
2024-07-01,Clove,Badulla,2666.25,2749.67,0,9.2,9.4,8.7,0.0,63,11274,28.37,48.99,303.7559,2.4,317,Neutral
2024-08-01,Clove,Badulla,2428.25,2511.34,0,9.3,9.5,8.8,0.0,63,12137,27.99,129.56,300.6683,0.5,307,Neutral
2024-09-01,Clove,Badulla,2419.75,2489.88,0,9.4,9.6,8.9,0.0,53,17839,28.35,54.81,301.1505,-0.5,283,Neutral
2024-10-01,Clove,Badulla,2208.25,2490.36,0,9.5,9.7,9.0,0.0,53,26782,27.5,196.51,293.7851,-0.8,283,Neutral
2024-11-01,Clove,Badulla,2324.75,2511.93,0,9.55,9.75,9.05,1700.0,53,22602,26.99,398.77,292.0092,-2.1,286,Neutral
2024-12-01,Clove,Badulla,2133.0,2499.74,1,9.6,9.8,9.1,3060.0,53,13626,26.47,159.13,291.6805,-1.7,286,Neutral
2025-01-01,Clove,Badulla,2306.25,2432.7,1,9.65,9.85,9.15,2040.0,298,10774,25.59,241.85,296.1796,-4.0,286,Neutral
2025-02-01,Clove,Badulla,2355.33,2338.51,1,9.7,9.9,9.2,0.0,893,12151,26.03,79.51,296.8034,-3.9,286,Neutral
2025-03-01,Clove,Badulla,2222.5,2309.02,0,9.75,9.95,9.25,0.0,1488,12352,27.17,171.93,295.909,-1.9,286,Neutral
2025-04-01,Clove,Badulla,2314.5,2346.18,0,9.8,10.0,9.3,0.0,1488,6224,27.94,226.62,298.5312,-0.8,286,Neutral
2025-05-01,Clove,Badulla,2323.0,2324.9,0,9.85,10.05,9.35,0.0,893,0,28.2,166.88,299.4142,0.6,274,Neutral
2025-06-01,Clove,Badulla,2233.25,2205.11,0,9.9,10.1,9.4,0.0,357,3540,27.79,57.82,299.9014,0.3,274,Neutral
2025-07-01,Clove,Badulla,2318.0,2199.63,0,9.95,10.15,9.45,0.0,119,15308,27.72,35.02,301.1217,0.7,289,Neutral
2025-08-01,Clove,Badulla,2285.5,2197.0,0,10.0,10.2,9.5,0.0,119,16476,27.54,58.37,301.4891,1.5,289,Neutral
2025-09-01,Clove,Badulla,2216.6,2177.0,0,10.05,10.25,9.55,0.0,89,24213,27.58,137.1,302.1955,1.5,283,Neutral
2025-10-01,Clove,Badulla,2262.25,2206.11,0,10.1,10.3,9.6,0.0,89,36350,27.2,273.23,302.9987,1.9,277,Neutral
2020-01-01,Clove,Colombo,954.33,942.22,1,3.9,4.5,4.9,2013.2,156,10724,25.96,45.68,181.4036,5.7,104,Neutral
2020-02-01,Clove,Colombo,962.5,946.73,1,3.85,4.45,4.85,0.0,467,12088,26.19,23.63,181.5628,6.2,104,Neutral
2020-03-01,Clove,Colombo,950.0,898.65,0,3.8,4.4,4.8,0.0,727,12289,27.61,21.74,185.0567,5.4,104,Neutral
2020-04-01,Clove,Colombo,829.24,829.24,0,3.7,4.3,4.75,0.0,571,6192,28.87,108.92,193.0854,5.2,104,Neutral
2020-05-01,Clove,Colombo,843.36,843.36,0,3.65,4.25,4.75,0.0,260,0,28.68,196.94,187.865,4.0,104,Neutral
2020-06-01,Clove,Colombo,982.6,834.59,0,3.6,4.2,4.7,0.0,130,3522,28.17,91.65,185.9545,3.9,104,Neutral
2020-07-01,Clove,Colombo,875.25,845.52,0,3.65,4.25,4.8,0.0,52,15224,27.34,117.14,185.8487,4.2,104,Neutral
2020-08-01,Clove,Colombo,903.25,874.26,0,3.7,4.3,4.85,0.0,52,16389,27.67,66.31,184.8939,4.1,104,Neutral
2020-09-01,Clove,Colombo,919.0,875.16,0,3.7,4.35,4.9,0.0,39,24089,27.18,180.47,185.0317,4.0,104,Neutral
2020-10-01,Clove,Colombo,947.0,856.56,0,3.75,4.4,4.95,0.0,39,36211,27.46,83.98,184.4379,4.0,104,Neutral
2020-11-01,Clove,Colombo,885.13,836.01,0,3.8,4.45,5.0,1426.5,52,30523,26.84,317.73,184.4379,4.1,104,Neutral
2020-12-01,Clove,Colombo,823.25,813.3,1,3.85,4.5,5.05,2567.7,52,18439,25.98,358.93,187.1822,4.2,104,Neutral
2021-01-01,Clove,Colombo,751.75,787.1,1,4.2,4.8,6.0,1711.8,324,10128,25.61,268.48,190.4918,3.0,104,Neutral
2021-02-01,Clove,Colombo,754.33,794.91,1,4.3,4.9,6.2,0.0,972,11400,25.75,49.15,194.0665,3.0,104,Neutral
2021-03-01,Clove,Colombo,756.5,892.96,0,4.45,5.05,6.5,0.0,1620,11595,26.69,106.3,196.9825,4.1,104,Neutral
2021-04-01,Clove,Colombo,842.0,958.49,0,4.6,5.2,6.8,0.0,1620,5839,27.96,113.87,197.423,3.9,104,Neutral
2021-05-01,Clove,Colombo,825.0,957.13,0,4.75,5.35,7.1,0.0,972,0,28.04,206.22,199.5847,4.5,111,Neutral
2021-06-01,Clove,Colombo,1260.0,1273.15,0,4.9,5.5,7.4,0.0,389,3321,27.71,101.55,199.8161,5.2,111,Neutral
2021-07-01,Clove,Colombo,1141.75,1266.36,0,5.1,5.7,7.8,0.0,130,14357,27.55,122.53,199.9778,5.7,111,Neutral
2021-08-01,Clove,Colombo,1077.33,1271.54,0,5.0,5.65,7.7,0.0,130,15453,27.3,105.46,200.4965,6.0,111,Neutral
2021-09-01,Clove,Colombo,1123.33,1288.55,0,5.05,5.75,7.9,0.0,97,22716,27.48,147.68,201.9858,5.7,111,Neutral
2021-10-01,Clove,Colombo,1169.33,1305.55,0,5.15,5.85,8.1,0.0,97,34103,27.01,333.6,201.0899,7.6,111,Neutral
2021-11-01,Clove,Colombo,1257.5,1362.5,0,5.2,5.9,8.2,1430.5,65,28786,26.33,511.31,201.8582,9.9,111,Neutral
2021-12-01,Clove,Colombo,1275.0,1461.61,1,5.25,6.0,8.3,2574.9,65,17361,26.09,135.18,201.399,12.1,121,Neutral
2022-01-01,Clove,Colombo,1345.0,1557.73,1,5.8,5.7,9.0,1716.6,140,10224,25.83,116.96,201.4647,14.2,121,Neutral
2022-02-01,Clove,Colombo,1457.6,1671.57,1,5.9,5.8,9.2,0.0,419,11529,25.77,144.37,201.7362,15.1,176,Neutral
2022-03-01,Clove,Colombo,1712.5,1803.05,0,6.0,5.9,9.4,0.0,651,11726,27.12,73.2,255.8081,18.7,176,Neutral
2022-04-01,Clove,Colombo,1833.33,2067.73,0,6.1,6.0,9.5,0.0,512,5901,27.71,297.63,319.4404,29.8,289,Neutral
2022-05-01,Clove,Colombo,1859.5,2432.97,0,6.15,6.05,9.6,0.0,233,0,27.89,139.23,358.939,39.1,289,Neutral
2022-06-01,Clove,Colombo,2050.0,2423.98,0,5.9,5.8,9.2,0.0,116,3358,27.37,70.76,360.2428,54.6,430,Neutral
2022-07-01,Clove,Colombo,2262.5,2476.32,0,6.0,5.9,9.3,0.0,47,14489,27.28,128.65,360.8724,60.8,430,Neutral
2022-08-01,Clove,Colombo,2281.25,2564.11,0,6.05,5.95,9.4,0.0,47,15596,26.94,140.71,360.9983,64.3,430,Neutral
2022-09-01,Clove,Colombo,2281.25,2519.22,0,6.1,6.0,9.5,0.0,35,22927,27.15,66.45,362.3826,69.8,415,Neutral
2022-10-01,Clove,Colombo,2133.33,2387.41,0,6.2,6.1,9.65,0.0,35,34420,26.89,282.23,363.1484,66.0,430,Neutral
2022-11-01,Clove,Colombo,2090.0,2199.31,0,6.25,6.15,9.75,1474.8,47,29054,26.03,266.7,363.394,66.0,420,Neutral
2022-12-01,Clove,Colombo,2031.5,2118.36,1,6.3,6.2,9.8,2654.6,47,17487,25.64,299.07,363.1652,57.2,420,Neutral
2023-01-01,Clove,Colombo,2055.0,2278.09,1,6.9,6.0,6.0,1769.7,292,10174,24.9,117.48,362.4228,51.7,405,Neutral
2023-02-01,Clove,Colombo,1959.5,2438.13,1,7.0,6.1,6.2,0.0,876,11472,25.42,149.15,361.9766,50.6,405,Neutral
2023-03-01,Clove,Colombo,2037.5,2206.47,0,7.1,6.15,6.3,0.0,1460,11668,27.01,95.15,329.4709,50.3,325,Neutral
2023-04-01,Clove,Colombo,2058.33,2206.92,0,7.15,6.2,6.1,0.0,1460,5871,28.27,134.72,321.4244,35.3,310,Neutral
2023-05-01,Clove,Colombo,2080.0,2190.19,0,7.2,6.25,5.8,0.0,876,0,28.01,189.54,310.1639,25.2,310,Neutral
2023-06-01,Clove,Colombo,2093.75,2273.47,0,7.2,6.25,5.5,0.0,350,3342,28.19,74.32,301.2612,12.0,308,Neutral
2023-07-01,Clove,Colombo,2100.0,2493.34,0,7.25,6.3,5.3,0.0,117,14419,27.94,47.41,319.2903,6.3,306,Neutral
2023-08-01,Clove,Colombo,2375.0,2685.22,0,7.25,6.3,5.1,0.0,117,15519,28.48,55.7,321.5764,4.0,341,Neutral
2023-09-01,Clove,Colombo,2312.5,2678.97,0,7.2,6.25,5.0,0.0,88,22814,27.73,236.09,322.7693,1.3,351,Neutral
2023-10-01,Clove,Colombo,2532.6,2741.53,0,7.15,6.2,4.9,0.0,88,34250,27.03,469.81,324.7303,1.5,356,Neutral
2023-11-01,Clove,Colombo,2712.5,2777.75,0,7.2,6.3,5.0,1475.0,58,28911,26.85,455.51,328.25,3.4,329,Neutral
2023-12-01,Clove,Colombo,2850.0,2838.46,1,7.25,6.4,5.2,2655.0,58,17431,26.68,459.58,326.7423,4.0,358,Neutral
2024-01-01,Clove,Colombo,2770.0,2958.86,1,8.0,8.2,7.5,1770.0,159,7935,25.99,235.9,321.1706,6.4,363,Neutral
2024-02-01,Clove,Colombo,2981.25,3226.11,1,8.2,8.4,7.8,0.0,159,8951,26.66,22.05,312.5801,5.9,363,Neutral
2024-03-01,Clove,Colombo,3181.25,3403.5,0,8.5,8.7,8.0,0.0,127,9100,27.49,33.44,305.665,0.9,363,Neutral
2024-04-01,Clove,Colombo,3435.0,3410.18,0,8.8,9.0,8.2,0.0,106,4585,29.42,74.5,299.4232,1.5,333,Neutral
2024-05-01,Clove,Colombo,3456.25,3390.09,0,9.0,9.2,8.5,0.0,85,0,29.04,206.28,299.6923,0.9,317,Neutral
2024-06-01,Clove,Colombo,3361.5,3210.44,0,9.1,9.3,8.6,0.0,85,2608,28.29,65.28,303.8121,1.7,317,Neutral
2024-07-01,Clove,Colombo,2454.33,2749.67,0,9.2,9.4,8.7,0.0,63,11274,28.37,48.99,303.7559,2.4,317,Neutral
2024-08-01,Clove,Colombo,2375.0,2511.34,0,9.3,9.5,8.8,0.0,63,12137,27.99,129.56,300.6683,0.5,307,Neutral
2024-09-01,Clove,Colombo,2393.75,2489.88,0,9.4,9.6,8.9,0.0,53,17839,28.35,54.81,301.1505,-0.5,283,Neutral
2024-10-01,Clove,Colombo,2306.25,2490.36,0,9.5,9.7,9.0,0.0,53,26782,27.5,196.51,293.7851,-0.8,283,Neutral
2024-11-01,Clove,Colombo,2356.25,2511.93,0,9.55,9.75,9.05,1700.0,53,22602,26.99,398.77,292.0092,-2.1,286,Neutral
2024-12-01,Clove,Colombo,2337.6,2499.74,1,9.6,9.8,9.1,3060.0,53,13626,26.47,159.13,291.6805,-1.7,286,Neutral
2025-01-01,Clove,Colombo,2293.75,2432.7,1,9.65,9.85,9.15,2040.0,298,10774,25.59,241.85,296.1796,-4.0,286,Neutral
2025-02-01,Clove,Colombo,2193.75,2338.51,1,9.7,9.9,9.2,0.0,893,12151,26.03,79.51,296.8034,-3.9,286,Neutral
2025-03-01,Clove,Colombo,2193.75,2309.02,0,9.75,9.95,9.25,0.0,1488,12352,27.17,171.93,295.909,-1.9,286,Neutral
2025-04-01,Clove,Colombo,2316.67,2346.18,0,9.8,10.0,9.3,0.0,1488,6224,27.94,226.62,298.5312,-0.8,286,Neutral
2025-05-01,Clove,Colombo,2350.0,2324.9,0,9.85,10.05,9.35,0.0,893,0,28.2,166.88,299.4142,0.6,274,Neutral
2025-06-01,Clove,Colombo,2331.25,2205.11,0,9.9,10.1,9.4,0.0,357,3540,27.79,57.82,299.9014,0.3,274,Neutral
2025-07-01,Clove,Colombo,2280.0,2199.63,0,9.95,10.15,9.45,0.0,119,15308,27.72,35.02,301.1217,0.7,289,Neutral
2025-08-01,Clove,Colombo,2375.0,2197.0,0,10.0,10.2,9.5,0.0,119,16476,27.54,58.37,301.4891,1.5,289,Neutral
2025-09-01,Clove,Colombo,2225.0,2177.0,0,10.05,10.25,9.55,0.0,89,24213,27.58,137.1,302.1955,1.5,283,Neutral
2025-10-01,Clove,Colombo,2315.75,2206.11,0,10.1,10.3,9.6,0.0,89,36350,27.2,273.23,302.9987,1.9,277,Neutral
2020-01-01,Clove,Galle,893.75,942.22,1,3.9,4.5,4.9,2013.2,156,10724,25.96,45.68,181.4036,5.7,104,Neutral
2020-02-01,Clove,Galle,987.5,946.73,1,3.85,4.45,4.85,0.0,467,12088,26.19,23.63,181.5628,6.2,104,Neutral
2020-03-01,Clove,Galle,887.5,898.65,0,3.8,4.4,4.8,0.0,727,12289,27.61,21.74,185.0567,5.4,104,Neutral
2020-04-01,Clove,Galle,862.5,829.24,0,3.7,4.3,4.75,0.0,571,6192,28.87,108.92,193.0854,5.2,104,Neutral
2020-05-01,Clove,Galle,952.5,843.36,0,3.65,4.25,4.75,0.0,260,0,28.68,196.94,187.865,4.0,104,Neutral
2020-06-01,Clove,Galle,885.0,834.59,0,3.6,4.2,4.7,0.0,130,3522,28.17,91.65,185.9545,3.9,104,Neutral
2020-07-01,Clove,Galle,825.0,845.52,0,3.65,4.25,4.8,0.0,52,15224,27.34,117.14,185.8487,4.2,104,Neutral
2020-08-01,Clove,Galle,850.0,874.26,0,3.7,4.3,4.85,0.0,52,16389,27.67,66.31,184.8939,4.1,104,Neutral
2020-09-01,Clove,Galle,856.25,875.16,0,3.7,4.35,4.9,0.0,39,24089,27.18,180.47,185.0317,4.0,104,Neutral
2020-10-01,Clove,Galle,855.0,856.56,0,3.75,4.4,4.95,0.0,39,36211,27.46,83.98,184.4379,4.0,104,Neutral
2020-11-01,Clove,Galle,812.5,836.01,0,3.8,4.45,5.0,1426.5,52,30523,26.84,317.73,184.4379,4.1,104,Neutral
2020-12-01,Clove,Galle,780.0,813.3,1,3.85,4.5,5.05,2567.7,52,18439,25.98,358.93,187.1822,4.2,104,Neutral
2021-01-01,Clove,Galle,737.5,787.1,1,4.2,4.8,6.0,1711.8,324,10128,25.61,268.48,190.4918,3.0,104,Neutral
2021-02-01,Clove,Galle,736.67,794.91,1,4.3,4.9,6.2,0.0,972,11400,25.75,49.15,194.0665,3.0,104,Neutral
2021-03-01,Clove,Galle,820.0,892.96,0,4.45,5.05,6.5,0.0,1620,11595,26.69,106.3,196.9825,4.1,104,Neutral
2021-04-01,Clove,Galle,913.33,958.49,0,4.6,5.2,6.8,0.0,1620,5839,27.96,113.87,197.423,3.9,104,Neutral
2021-05-01,Clove,Galle,883.33,957.13,0,4.75,5.35,7.1,0.0,972,0,28.04,206.22,199.5847,4.5,111,Neutral
2021-06-01,Clove,Galle,1212.5,1273.15,0,4.9,5.5,7.4,0.0,389,3321,27.71,101.55,199.8161,5.2,111,Neutral
2021-07-01,Clove,Galle,1237.5,1266.36,0,5.1,5.7,7.8,0.0,130,14357,27.55,122.53,199.9778,5.7,111,Neutral
2021-08-01,Clove,Galle,1350.0,1271.54,0,5.0,5.65,7.7,0.0,130,15453,27.3,105.46,200.4965,6.0,111,Neutral
2021-09-01,Clove,Galle,1306.25,1288.55,0,5.05,5.75,7.9,0.0,97,22716,27.48,147.68,201.9858,5.7,111,Neutral
2021-10-01,Clove,Galle,1262.5,1305.55,0,5.15,5.85,8.1,0.0,97,34103,27.01,333.6,201.0899,7.6,111,Neutral
2021-11-01,Clove,Galle,1331.25,1362.5,0,5.2,5.9,8.2,1430.5,65,28786,26.33,511.31,201.8582,9.9,111,Neutral
2021-12-01,Clove,Galle,1362.5,1461.61,1,5.25,6.0,8.3,2574.9,65,17361,26.09,135.18,201.399,12.1,121,Neutral
2022-01-01,Clove,Galle,1500.0,1557.73,1,5.8,5.7,9.0,1716.6,140,10224,25.83,116.96,201.4647,14.2,121,Neutral
2022-02-01,Clove,Galle,1550.0,1671.57,1,5.9,5.8,9.2,0.0,419,11529,25.77,144.37,201.7362,15.1,176,Neutral
2022-03-01,Clove,Galle,1775.0,1803.05,0,6.0,5.9,9.4,0.0,651,11726,27.12,73.2,255.8081,18.7,176,Neutral
2022-04-01,Clove,Galle,1746.67,2067.73,0,6.1,6.0,9.5,0.0,512,5901,27.71,297.63,319.4404,29.8,289,Neutral
2022-05-01,Clove,Galle,2112.5,2432.97,0,6.15,6.05,9.6,0.0,233,0,27.89,139.23,358.939,39.1,289,Neutral
2022-06-01,Clove,Galle,2000.0,2423.98,0,5.9,5.8,9.2,0.0,116,3358,27.37,70.76,360.2428,54.6,430,Neutral
2022-07-01,Clove,Galle,1843.75,2476.32,0,6.0,5.9,9.3,0.0,47,14489,27.28,128.65,360.8724,60.8,430,Neutral
2022-08-01,Clove,Galle,2462.5,2564.11,0,6.05,5.95,9.4,0.0,47,15596,26.94,140.71,360.9983,64.3,430,Neutral
2022-09-01,Clove,Galle,2462.5,2519.22,0,6.1,6.0,9.5,0.0,35,22927,27.15,66.45,362.3826,69.8,415,Neutral
2022-10-01,Clove,Galle,2233.33,2387.41,0,6.2,6.1,9.65,0.0,35,34420,26.89,282.23,363.1484,66.0,430,Neutral
2022-11-01,Clove,Galle,2270.0,2199.31,0,6.25,6.15,9.75,1474.8,47,29054,26.03,266.7,363.394,66.0,420,Neutral
2022-12-01,Clove,Galle,2100.0,2118.36,1,6.3,6.2,9.8,2654.6,47,17487,25.64,299.07,363.1652,57.2,420,Neutral
2023-01-01,Clove,Galle,2060.0,2278.09,1,6.9,6.0,6.0,1769.7,292,10174,24.9,117.48,362.4228,51.7,405,Neutral
2023-02-01,Clove,Galle,2125.0,2438.13,1,7.0,6.1,6.2,0.0,876,11472,25.42,149.15,361.9766,50.6,405,Neutral
2023-03-01,Clove,Galle,2187.5,2206.47,0,7.1,6.15,6.3,0.0,1460,11668,27.01,95.15,329.4709,50.3,325,Neutral
2023-04-01,Clove,Galle,2216.67,2206.92,0,7.15,6.2,6.1,0.0,1460,5871,28.27,134.72,321.4244,35.3,310,Neutral
2023-05-01,Clove,Galle,2170.0,2190.19,0,7.2,6.25,5.8,0.0,876,0,28.01,189.54,310.1639,25.2,310,Neutral
2023-06-01,Clove,Galle,2262.5,2273.47,0,7.2,6.25,5.5,0.0,350,3342,28.19,74.32,301.2612,12.0,308,Neutral
2023-07-01,Clove,Galle,2420.0,2493.34,0,7.25,6.3,5.3,0.0,117,14419,27.94,47.41,319.2903,6.3,306,Neutral
2023-08-01,Clove,Galle,2812.5,2685.22,0,7.25,6.3,5.1,0.0,117,15519,28.48,55.7,321.5764,4.0,341,Neutral
2023-09-01,Clove,Galle,2600.0,2678.97,0,7.2,6.25,5.0,0.0,88,22814,27.73,236.09,322.7693,1.3,351,Neutral
2023-10-01,Clove,Galle,2550.0,2741.53,0,7.15,6.2,4.9,0.0,88,34250,27.03,469.81,324.7303,1.5,356,Neutral
2023-11-01,Clove,Galle,2775.0,2777.75,0,7.2,6.3,5.0,1475.0,58,28911,26.85,455.51,328.25,3.4,329,Neutral
2023-12-01,Clove,Galle,2875.0,2838.46,1,7.25,6.4,5.2,2655.0,58,17431,26.68,459.58,326.7423,4.0,358,Neutral
2024-01-01,Clove,Galle,3010.0,2958.86,1,8.0,8.2,7.5,1770.0,159,7935,25.99,235.9,321.1706,6.4,363,Neutral
2024-02-01,Clove,Galle,3362.5,3226.11,1,8.2,8.4,7.8,0.0,159,8951,26.66,22.05,312.5801,5.9,363,Neutral
2024-03-01,Clove,Galle,3200.0,3403.5,0,8.5,8.7,8.0,0.0,127,9100,27.49,33.44,305.665,0.9,363,Neutral
2024-04-01,Clove,Galle,3100.0,3410.18,0,8.8,9.0,8.2,0.0,106,4585,29.42,74.5,299.4232,1.5,333,Neutral
2024-05-01,Clove,Galle,3412.5,3390.09,0,9.0,9.2,8.5,0.0,85,0,29.04,206.28,299.6923,0.9,317,Neutral
2024-06-01,Clove,Galle,3483.33,3210.44,0,9.1,9.3,8.6,0.0,85,2608,28.29,65.28,303.8121,1.7,317,Neutral
2024-07-01,Clove,Galle,3200.0,2749.67,0,9.2,9.4,8.7,0.0,63,11274,28.37,48.99,303.7559,2.4,317,Neutral
2024-08-01,Clove,Galle,2562.5,2511.34,0,9.3,9.5,8.8,0.0,63,12137,27.99,129.56,300.6683,0.5,307,Neutral
2024-09-01,Clove,Galle,2512.5,2489.88,0,9.4,9.6,8.9,0.0,53,17839,28.35,54.81,301.1505,-0.5,283,Neutral
2024-10-01,Clove,Galle,2606.25,2490.36,0,9.5,9.7,9.0,0.0,53,26782,27.5,196.51,293.7851,-0.8,283,Neutral
2024-11-01,Clove,Galle,2562.5,2511.93,0,9.55,9.75,9.05,1700.0,53,22602,26.99,398.77,292.0092,-2.1,286,Neutral
2024-12-01,Clove,Galle,2515.0,2499.74,1,9.6,9.8,9.1,3060.0,53,13626,26.47,159.13,291.6805,-1.7,286,Neutral
2025-01-01,Clove,Galle,2425.0,2432.7,1,9.65,9.85,9.15,2040.0,298,10774,25.59,241.85,296.1796,-4.0,286,Neutral
2025-02-01,Clove,Galle,2250.0,2338.51,1,9.7,9.9,9.2,0.0,893,12151,26.03,79.51,296.8034,-3.9,286,Neutral
2025-03-01,Clove,Galle,2256.25,2309.02,0,9.75,9.95,9.25,0.0,1488,12352,27.17,171.93,295.909,-1.9,286,Neutral
2025-04-01,Clove,Galle,2125.0,2346.18,0,9.8,10.0,9.3,0.0,1488,6224,27.94,226.62,298.5312,-0.8,286,Neutral
2025-05-01,Clove,Galle,2125.0,2324.9,0,9.85,10.05,9.35,0.0,893,0,28.2,166.88,299.4142,0.6,274,Neutral
2025-06-01,Clove,Galle,2100.0,2205.11,0,9.9,10.1,9.4,0.0,357,3540,27.79,57.82,299.9014,0.3,274,Neutral
2025-07-01,Clove,Galle,2015.0,2199.63,0,9.95,10.15,9.45,0.0,119,15308,27.72,35.02,301.1217,0.7,289,Neutral
2025-08-01,Clove,Galle,2112.5,2197.0,0,10.0,10.2,9.5,0.0,119,16476,27.54,58.37,301.4891,1.5,289,Neutral
2025-09-01,Clove,Galle,2075.0,2177.0,0,10.05,10.25,9.55,0.0,89,24213,27.58,137.1,302.1955,1.5,283,Neutral
2025-10-01,Clove,Galle,2075.0,2206.11,0,10.1,10.3,9.6,0.0,89,36350,27.2,273.23,302.9987,1.9,277,Neutral
2020-01-01,Clove,Gampaha,935.0,942.22,1,3.9,4.5,4.9,2013.2,156,10724,25.96,45.68,181.4036,5.7,104,Neutral
2020-02-01,Clove,Gampaha,962.5,946.73,1,3.85,4.45,4.85,0.0,467,12088,26.19,23.63,181.5628,6.2,104,Neutral
2020-03-01,Clove,Gampaha,940.0,898.65,0,3.8,4.4,4.8,0.0,727,12289,27.61,21.74,185.0567,5.4,104,Neutral
2020-04-01,Clove,Gampaha,829.24,829.24,0,3.7,4.3,4.75,0.0,571,6192,28.87,108.92,193.0854,5.2,104,Neutral
2020-05-01,Clove,Gampaha,843.36,843.36,0,3.65,4.25,4.75,0.0,260,0,28.68,196.94,187.865,4.0,104,Neutral
2020-06-01,Clove,Gampaha,864.0,834.59,0,3.6,4.2,4.7,0.0,130,3522,28.17,91.65,185.9545,3.9,104,Neutral
2020-07-01,Clove,Gampaha,797.5,845.52,0,3.65,4.25,4.8,0.0,52,15224,27.34,117.14,185.8487,4.2,104,Neutral
2020-08-01,Clove,Gampaha,862.0,874.26,0,3.7,4.3,4.85,0.0,52,16389,27.67,66.31,184.8939,4.1,104,Neutral
2020-09-01,Clove,Gampaha,910.0,875.16,0,3.7,4.35,4.9,0.0,39,24089,27.18,180.47,185.0317,4.0,104,Neutral
2020-10-01,Clove,Gampaha,820.0,856.56,0,3.75,4.4,4.95,0.0,39,36211,27.46,83.98,184.4379,4.0,104,Neutral
2020-11-01,Clove,Gampaha,861.25,836.01,0,3.8,4.45,5.0,1426.5,52,30523,26.84,317.73,184.4379,4.1,104,Neutral
2020-12-01,Clove,Gampaha,902.5,813.3,1,3.85,4.5,5.05,2567.7,52,18439,25.98,358.93,187.1822,4.2,104,Neutral
2021-01-01,Clove,Gampaha,807.5,787.1,1,4.2,4.8,6.0,1711.8,324,10128,25.61,268.48,190.4918,3.0,104,Neutral
2021-02-01,Clove,Gampaha,786.67,794.91,1,4.3,4.9,6.2,0.0,972,11400,25.75,49.15,194.0665,3.0,104,Neutral
2021-03-01,Clove,Gampaha,937.0,892.96,0,4.45,5.05,6.5,0.0,1620,11595,26.69,106.3,196.9825,4.1,104,Neutral
2021-04-01,Clove,Gampaha,995.0,958.49,0,4.6,5.2,6.8,0.0,1620,5839,27.96,113.87,197.423,3.9,104,Neutral
2021-05-01,Clove,Gampaha,1005.0,957.13,0,4.75,5.35,7.1,0.0,972,0,28.04,206.22,199.5847,4.5,111,Neutral
2021-06-01,Clove,Gampaha,1310.0,1273.15,0,4.9,5.5,7.4,0.0,389,3321,27.71,101.55,199.8161,5.2,111,Neutral
2021-07-01,Clove,Gampaha,1218.75,1266.36,0,5.1,5.7,7.8,0.0,130,14357,27.55,122.53,199.9778,5.7,111,Neutral
2021-08-01,Clove,Gampaha,1250.0,1271.54,0,5.0,5.65,7.7,0.0,130,15453,27.3,105.46,200.4965,6.0,111,Neutral
2021-09-01,Clove,Gampaha,1283.33,1288.55,0,5.05,5.75,7.9,0.0,97,22716,27.48,147.68,201.9858,5.7,111,Neutral
2021-10-01,Clove,Gampaha,1316.67,1305.55,0,5.15,5.85,8.1,0.0,97,34103,27.01,333.6,201.0899,7.6,111,Neutral
2021-11-01,Clove,Gampaha,1410.0,1362.5,0,5.2,5.9,8.2,1430.5,65,28786,26.33,511.31,201.8582,9.9,111,Neutral
2021-12-01,Clove,Gampaha,1502.5,1461.61,1,5.25,6.0,8.3,2574.9,65,17361,26.09,135.18,201.399,12.1,121,Neutral
2022-01-01,Clove,Gampaha,1530.0,1557.73,1,5.8,5.7,9.0,1716.6,140,10224,25.83,116.96,201.4647,14.2,121,Neutral
2022-02-01,Clove,Gampaha,1670.0,1671.57,1,5.9,5.8,9.2,0.0,419,11529,25.77,144.37,201.7362,15.1,176,Neutral
2022-03-01,Clove,Gampaha,1800.0,1803.05,0,6.0,5.9,9.4,0.0,651,11726,27.12,73.2,255.8081,18.7,176,Neutral
2022-04-01,Clove,Gampaha,2013.33,2067.73,0,6.1,6.0,9.5,0.0,512,5901,27.71,297.63,319.4404,29.8,289,Neutral
2022-05-01,Clove,Gampaha,2285.0,2432.97,0,6.15,6.05,9.6,0.0,233,0,27.89,139.23,358.939,39.1,289,Neutral
2022-06-01,Clove,Gampaha,2333.33,2423.98,0,5.9,5.8,9.2,0.0,116,3358,27.37,70.76,360.2428,54.6,430,Neutral
2022-07-01,Clove,Gampaha,2400.0,2476.32,0,6.0,5.9,9.3,0.0,47,14489,27.28,128.65,360.8724,60.8,430,Neutral
2022-08-01,Clove,Gampaha,2200.0,2564.11,0,6.05,5.95,9.4,0.0,47,15596,26.94,140.71,360.9983,64.3,430,Neutral
2022-09-01,Clove,Gampaha,2605.0,2519.22,0,6.1,6.0,9.5,0.0,35,22927,27.15,66.45,362.3826,69.8,415,Neutral
2022-10-01,Clove,Gampaha,2633.33,2387.41,0,6.2,6.1,9.65,0.0,35,34420,26.89,282.23,363.1484,66.0,430,Neutral
2022-11-01,Clove,Gampaha,2172.0,2199.31,0,6.25,6.15,9.75,1474.8,47,29054,26.03,266.7,363.394,66.0,420,Neutral
2022-12-01,Clove,Gampaha,2200.0,2118.36,1,6.3,6.2,9.8,2654.6,47,17487,25.64,299.07,363.1652,57.2,420,Neutral
2023-01-01,Clove,Gampaha,2317.0,2278.09,1,6.9,6.0,6.0,1769.7,292,10174,24.9,117.48,362.4228,51.7,405,Neutral
2023-02-01,Clove,Gampaha,2502.5,2438.13,1,7.0,6.1,6.2,0.0,876,11472,25.42,149.15,361.9766,50.6,405,Neutral
2023-03-01,Clove,Gampaha,2297.5,2206.47,0,7.1,6.15,6.3,0.0,1460,11668,27.01,95.15,329.4709,50.3,325,Neutral
2023-04-01,Clove,Gampaha,2296.67,2206.92,0,7.15,6.2,6.1,0.0,1460,5871,28.27,134.72,321.4244,35.3,310,Neutral
2023-05-01,Clove,Gampaha,2190.0,2190.19,0,7.2,6.25,5.8,0.0,876,0,28.01,189.54,310.1639,25.2,310,Neutral
2023-06-01,Clove,Gampaha,2160.0,2273.47,0,7.2,6.25,5.5,0.0,350,3342,28.19,74.32,301.2612,12.0,308,Neutral
2023-07-01,Clove,Gampaha,2486.0,2493.34,0,7.25,6.3,5.3,0.0,117,14419,27.94,47.41,319.2903,6.3,306,Neutral
2023-08-01,Clove,Gampaha,2490.0,2685.22,0,7.25,6.3,5.1,0.0,117,15519,28.48,55.7,321.5764,4.0,341,Neutral
2023-09-01,Clove,Gampaha,2535.0,2678.97,0,7.2,6.25,5.0,0.0,88,22814,27.73,236.09,322.7693,1.3,351,Neutral
2023-10-01,Clove,Gampaha,2640.0,2741.53,0,7.15,6.2,4.9,0.0,88,34250,27.03,469.81,324.7303,1.5,356,Neutral
2023-11-01,Clove,Gampaha,2780.0,2777.75,0,7.2,6.3,5.0,1475.0,58,28911,26.85,455.51,328.25,3.4,329,Neutral
2023-12-01,Clove,Gampaha,3025.0,2838.46,1,7.25,6.4,5.2,2655.0,58,17431,26.68,459.58,326.7423,4.0,358,Neutral
2024-01-01,Clove,Gampaha,3008.0,2958.86,1,8.0,8.2,7.5,1770.0,159,7935,25.99,235.9,321.1706,6.4,363,Neutral
2024-02-01,Clove,Gampaha,3060.0,3226.11,1,8.2,8.4,7.8,0.0,159,8951,26.66,22.05,312.5801,5.9,363,Neutral
2024-03-01,Clove,Gampaha,3312.5,3403.5,0,8.5,8.7,8.0,0.0,127,9100,27.49,33.44,305.665,0.9,363,Neutral
2024-04-01,Clove,Gampaha,3751.6,3410.18,0,8.8,9.0,8.2,0.0,106,4585,29.42,74.5,299.4232,1.5,333,Neutral
2024-05-01,Clove,Gampaha,3764.5,3390.09,0,9.0,9.2,8.5,0.0,85,0,29.04,206.28,299.6923,0.9,317,Neutral
2024-06-01,Clove,Gampaha,3775.0,3210.44,0,9.1,9.3,8.6,0.0,85,2608,28.29,65.28,303.8121,1.7,317,Neutral
2024-07-01,Clove,Gampaha,2687.5,2749.67,0,9.2,9.4,8.7,0.0,63,11274,28.37,48.99,303.7559,2.4,317,Neutral
2024-08-01,Clove,Gampaha,2475.0,2511.34,0,9.3,9.5,8.8,0.0,63,12137,27.99,129.56,300.6683,0.5,307,Neutral
2024-09-01,Clove,Gampaha,2450.0,2489.88,0,9.4,9.6,8.9,0.0,53,17839,28.35,54.81,301.1505,-0.5,283,Neutral
2024-10-01,Clove,Gampaha,2562.5,2490.36,0,9.5,9.7,9.0,0.0,53,26782,27.5,196.51,293.7851,-0.8,283,Neutral
2024-11-01,Clove,Gampaha,2443.75,2511.93,0,9.55,9.75,9.05,1700.0,53,22602,26.99,398.77,292.0092,-2.1,286,Neutral
2024-12-01,Clove,Gampaha,2400.0,2499.74,1,9.6,9.8,9.1,3060.0,53,13626,26.47,159.13,291.6805,-1.7,286,Neutral
2025-01-01,Clove,Gampaha,2475.0,2432.7,1,9.65,9.85,9.15,2040.0,298,10774,25.59,241.85,296.1796,-4.0,286,Neutral
2025-02-01,Clove,Gampaha,2437.5,2338.51,1,9.7,9.9,9.2,0.0,893,12151,26.03,79.51,296.8034,-3.9,286,Neutral
2025-03-01,Clove,Gampaha,2187.5,2309.02,0,9.75,9.95,9.25,0.0,1488,12352,27.17,171.93,295.909,-1.9,286,Neutral
2025-04-01,Clove,Gampaha,2178.75,2346.18,0,9.8,10.0,9.3,0.0,1488,6224,27.94,226.62,298.5312,-0.8,286,Neutral
2025-05-01,Clove,Gampaha,2117.5,2324.9,0,9.85,10.05,9.35,0.0,893,0,28.2,166.88,299.4142,0.6,274,Neutral
2025-06-01,Clove,Gampaha,2175.0,2205.11,0,9.9,10.1,9.4,0.0,357,3540,27.79,57.82,299.9014,0.3,274,Neutral
2025-07-01,Clove,Gampaha,2330.0,2199.63,0,9.95,10.15,9.45,0.0,119,15308,27.72,35.02,301.1217,0.7,289,Neutral
2025-08-01,Clove,Gampaha,2250.0,2197.0,0,10.0,10.2,9.5,0.0,119,16476,27.54,58.37,301.4891,1.5,289,Neutral
2025-09-01,Clove,Gampaha,2310.0,2177.0,0,10.05,10.25,9.55,0.0,89,24213,27.58,137.1,302.1955,1.5,283,Neutral
2025-10-01,Clove,Gampaha,2225.0,2206.11,0,10.1,10.3,9.6,0.0,89,36350,27.2,273.23,302.9987,1.9,277,Neutral
2020-01-01,Stem,Gampaha,70.75,82.35,1,3.9,4.5,4.9,2013.2,156,10724,25.96,45.68,181.4036,5.7,104,Neutral
2020-02-01,Stem,Gampaha,66.75,82.72,1,3.85,4.45,4.85,0.0,467,12088,26.19,23.63,181.5628,6.2,104,Neutral
2020-03-01,Stem,Gampaha,68.5,82.27,0,3.8,4.4,4.8,0.0,727,12289,27.61,21.74,185.0567,5.4,104,Neutral
2020-04-01,Stem,Gampaha,86.95,86.95,0,3.7,4.3,4.75,0.0,571,6192,28.87,108.92,193.0854,5.2,104,Neutral
2020-05-01,Stem,Gampaha,85.75,85.75,0,3.65,4.25,4.75,0.0,260,0,28.68,196.94,187.865,4.0,104,Neutral
2020-06-01,Stem,Gampaha,71.2,82.52,0,3.6,4.2,4.7,0.0,130,3522,28.17,91.65,185.9545,3.9,104,Neutral
2020-07-01,Stem,Gampaha,65.75,81.22,0,3.65,4.25,4.8,0.0,52,15224,27.34,117.14,185.8487,4.2,104,Neutral
2020-08-01,Stem,Gampaha,69.2,82.8,0,3.7,4.3,4.85,0.0,52,16389,27.67,66.31,184.8939,4.1,104,Neutral
2020-09-01,Stem,Gampaha,63.75,83.25,0,3.7,4.35,4.9,0.0,39,24089,27.18,180.47,185.0317,4.0,104,Neutral
2020-10-01,Stem,Gampaha,55.0,88.68,0,3.75,4.4,4.95,0.0,39,36211,27.46,83.98,184.4379,4.0,104,Neutral
2020-11-01,Stem,Gampaha,63.5,84.21,0,3.8,4.45,5.0,1426.5,52,30523,26.84,317.73,184.4379,4.1,104,Neutral
2020-12-01,Stem,Gampaha,72.0,84.33,1,3.85,4.5,5.05,2567.7,52,18439,25.98,358.93,187.1822,4.2,104,Neutral
2021-01-01,Stem,Gampaha,67.0,82.97,1,4.2,4.8,6.0,1711.8,324,10128,25.61,268.48,190.4918,3.0,104,Neutral
2021-02-01,Stem,Gampaha,74.0,84.82,1,4.3,4.9,6.2,0.0,972,11400,25.75,49.15,194.0665,3.0,104,Neutral
2021-03-01,Stem,Gampaha,76.0,89.05,0,4.45,5.05,6.5,0.0,1620,11595,26.69,106.3,196.9825,4.1,104,Neutral
2021-04-01,Stem,Gampaha,80.67,91.71,0,4.6,5.2,6.8,0.0,1620,5839,27.96,113.87,197.423,3.9,104,Neutral
2021-05-01,Stem,Gampaha,86.67,90.3,0,4.75,5.35,7.1,0.0,972,0,28.04,206.22,199.5847,4.5,111,Neutral
2021-06-01,Stem,Gampaha,110.0,117.67,0,4.9,5.5,7.4,0.0,389,3321,27.71,101.55,199.8161,5.2,111,Neutral
2021-07-01,Stem,Gampaha,92.75,110.27,0,5.1,5.7,7.8,0.0,130,14357,27.55,122.53,199.9778,5.7,111,Neutral
2021-08-01,Stem,Gampaha,98.33,113.9,0,5.0,5.65,7.7,0.0,130,15453,27.3,105.46,200.4965,6.0,111,Neutral
2021-09-01,Stem,Gampaha,96.67,120.27,0,5.05,5.75,7.9,0.0,97,22716,27.48,147.68,201.9858,5.7,111,Neutral
2021-10-01,Stem,Gampaha,95.0,126.63,0,5.15,5.85,8.1,0.0,97,34103,27.01,333.6,201.0899,7.6,111,Neutral
2021-11-01,Stem,Gampaha,106.25,132.08,0,5.2,5.9,8.2,1430.5,65,28786,26.33,511.31,201.8582,9.9,111,Neutral
2021-12-01,Stem,Gampaha,112.5,145.0,1,5.25,6.0,8.3,2574.9,65,17361,26.09,135.18,201.399,12.1,121,Neutral
2022-01-01,Stem,Gampaha,111.25,140.57,1,5.8,5.7,9.0,1716.6,140,10224,25.83,116.96,201.4647,14.2,121,Neutral
2022-02-01,Stem,Gampaha,123.0,159.68,1,5.9,5.8,9.2,0.0,419,11529,25.77,144.37,201.7362,15.1,176,Neutral
2022-03-01,Stem,Gampaha,147.5,190.43,0,6.0,5.9,9.4,0.0,651,11726,27.12,73.2,255.8081,18.7,176,Neutral
2022-04-01,Stem,Gampaha,157.5,244.0,0,6.1,6.0,9.5,0.0,512,5901,27.71,297.63,319.4404,29.8,289,Neutral
2022-05-01,Stem,Gampaha,180.5,303.68,0,6.15,6.05,9.6,0.0,233,0,27.89,139.23,358.939,39.1,289,Neutral
2022-06-01,Stem,Gampaha,195.33,277.43,0,5.9,5.8,9.2,0.0,116,3358,27.37,70.76,360.2428,54.6,430,Neutral
2022-07-01,Stem,Gampaha,183.75,297.0,0,6.0,5.9,9.3,0.0,47,14489,27.28,128.65,360.8724,60.8,430,Neutral
2022-08-01,Stem,Gampaha,192.5,303.57,0,6.05,5.95,9.4,0.0,47,15596,26.94,140.71,360.9983,64.3,430,Neutral
2022-09-01,Stem,Gampaha,235.0,286.82,0,6.1,6.0,9.5,0.0,35,22927,27.15,66.45,362.3826,69.8,415,Neutral
2022-10-01,Stem,Gampaha,188.33,269.19,0,6.2,6.1,9.65,0.0,35,34420,26.89,282.23,363.1484,66.0,430,Neutral
2022-11-01,Stem,Gampaha,171.0,267.09,0,6.25,6.15,9.75,1474.8,47,29054,26.03,266.7,363.394,66.0,420,Neutral
2022-12-01,Stem,Gampaha,184.0,258.29,1,6.3,6.2,9.8,2654.6,47,17487,25.64,299.07,363.1652,57.2,420,Neutral
2023-01-01,Stem,Gampaha,234.0,305.43,1,6.9,6.0,6.0,1769.7,292,10174,24.9,117.48,362.4228,51.7,405,Neutral
2023-02-01,Stem,Gampaha,266.25,377.18,1,7.0,6.1,6.2,0.0,876,11472,25.42,149.15,361.9766,50.6,405,Neutral
2023-03-01,Stem,Gampaha,285.5,331.71,0,7.1,6.15,6.3,0.0,1460,11668,27.01,95.15,329.4709,50.3,325,Neutral
2023-04-01,Stem,Gampaha,315.0,313.19,0,7.15,6.2,6.1,0.0,1460,5871,28.27,134.72,321.4244,35.3,310,Neutral
2023-05-01,Stem,Gampaha,279.0,321.03,0,7.2,6.25,5.8,0.0,876,0,28.01,189.54,310.1639,25.2,310,Neutral
2023-06-01,Stem,Gampaha,242.5,314.25,0,7.2,6.25,5.5,0.0,350,3342,28.19,74.32,301.2612,12.0,308,Neutral
2023-07-01,Stem,Gampaha,288.0,339.14,0,7.25,6.3,5.3,0.0,117,14419,27.94,47.41,319.2903,6.3,306,Neutral
2023-08-01,Stem,Gampaha,307.5,370.53,0,7.25,6.3,5.1,0.0,117,15519,28.48,55.7,321.5764,4.0,341,Neutral
2023-09-01,Stem,Gampaha,323.75,367.82,0,7.2,6.25,5.0,0.0,88,22814,27.73,236.09,322.7693,1.3,351,Neutral
2023-10-01,Stem,Gampaha,350.4,376.94,0,7.15,6.2,4.9,0.0,88,34250,27.03,469.81,324.7303,1.5,356,Neutral
2023-11-01,Stem,Gampaha,352.5,368.32,0,7.2,6.3,5.0,1475.0,58,28911,26.85,455.51,328.25,3.4,329,Neutral
2023-12-01,Stem,Gampaha,391.25,385.61,1,7.25,6.4,5.2,2655.0,58,17431,26.68,459.58,326.7423,4.0,358,Neutral
2024-01-01,Stem,Gampaha,377.0,388.63,1,8.0,8.2,7.5,1770.0,159,7935,25.99,235.9,321.1706,6.4,363,Neutral
2024-02-01,Stem,Gampaha,418.75,402.86,1,8.2,8.4,7.8,0.0,159,8951,26.66,22.05,312.5801,5.9,363,Neutral
2024-03-01,Stem,Gampaha,400.0,402.32,0,8.5,8.7,8.0,0.0,127,9100,27.49,33.44,305.665,0.9,363,Neutral
2024-04-01,Stem,Gampaha,450.0,432.57,0,8.8,9.0,8.2,0.0,106,4585,29.42,74.5,299.4232,1.5,333,Neutral
2024-05-01,Stem,Gampaha,462.5,419.89,0,9.0,9.2,8.5,0.0,85,0,29.04,206.28,299.6923,0.9,317,Neutral
2024-06-01,Stem,Gampaha,487.5,419.54,0,9.1,9.3,8.6,0.0,85,2608,28.29,65.28,303.8121,1.7,317,Neutral
2024-07-01,Stem,Gampaha,331.25,384.29,0,9.2,9.4,8.7,0.0,63,11274,28.37,48.99,303.7559,2.4,317,Neutral
2024-08-01,Stem,Gampaha,400.0,387.79,0,9.3,9.5,8.8,0.0,63,12137,27.99,129.56,300.6683,0.5,307,Neutral
2024-09-01,Stem,Gampaha,375.0,380.21,0,9.4,9.6,8.9,0.0,53,17839,28.35,54.81,301.1505,-0.5,283,Neutral
2024-10-01,Stem,Gampaha,393.75,377.97,0,9.5,9.7,9.0,0.0,53,26782,27.5,196.51,293.7851,-0.8,283,Neutral
2024-11-01,Stem,Gampaha,350.0,364.32,0,9.55,9.75,9.05,1700.0,53,22602,26.99,398.77,292.0092,-2.1,286,Neutral
2024-12-01,Stem,Gampaha,350.0,362.02,1,9.6,9.8,9.1,3060.0,53,13626,26.47,159.13,291.6805,-1.7,286,Neutral
2025-01-01,Stem,Gampaha,350.0,352.35,1,9.65,9.85,9.15,2040.0,298,10774,25.59,241.85,296.1796,-4.0,286,Neutral
2025-02-01,Stem,Gampaha,375.0,350.79,1,9.7,9.9,9.2,0.0,893,12151,26.03,79.51,296.8034,-3.9,286,Neutral
2025-03-01,Stem,Gampaha,350.0,339.44,0,9.75,9.95,9.25,0.0,1488,12352,27.17,171.93,295.909,-1.9,286,Neutral
2025-04-01,Stem,Gampaha,356.25,329.47,0,9.8,10.0,9.3,0.0,1488,6224,27.94,226.62,298.5312,-0.8,286,Neutral
2025-05-01,Stem,Gampaha,350.0,327.52,0,9.85,10.05,9.35,0.0,893,0,28.2,166.88,299.4142,0.6,274,Neutral
2025-06-01,Stem,Gampaha,375.0,315.82,0,9.9,10.1,9.4,0.0,357,3540,27.79,57.82,299.9014,0.3,274,Neutral
2025-07-01,Stem,Gampaha,380.0,310.73,0,9.95,10.15,9.45,0.0,119,15308,27.72,35.02,301.1217,0.7,289,Neutral
2025-08-01,Stem,Gampaha,375.0,297.07,0,10.0,10.2,9.5,0.0,119,16476,27.54,58.37,301.4891,1.5,289,Neutral
2025-09-01,Stem,Gampaha,375.0,300.55,0,10.05,10.25,9.55,0.0,89,24213,27.58,137.1,302.1955,1.5,283,Neutral
2025-10-01,Stem,Gampaha,375.0,312.86,0,10.1,10.3,9.6,0.0,89,36350,27.2,273.23,302.9987,1.9,277,Neutral
2020-01-01,Clove,Hambantota,945.5,942.22,1,3.9,4.5,4.9,2013.2,156,10724,25.96,45.68,181.4036,5.7,104,Neutral
2020-02-01,Clove,Hambantota,1015.25,946.73,1,3.85,4.45,4.85,0.0,467,12088,26.19,23.63,181.5628,6.2,104,Neutral
2020-03-01,Clove,Hambantota,900.0,898.65,0,3.8,4.4,4.8,0.0,727,12289,27.61,21.74,185.0567,5.4,104,Neutral
2020-04-01,Clove,Hambantota,862.5,829.24,0,3.7,4.3,4.75,0.0,571,6192,28.87,108.92,193.0854,5.2,104,Neutral
2020-05-01,Clove,Hambantota,874.5,843.36,0,3.65,4.25,4.75,0.0,260,0,28.68,196.94,187.865,4.0,104,Neutral
2020-06-01,Clove,Hambantota,813.0,834.59,0,3.6,4.2,4.7,0.0,130,3522,28.17,91.65,185.9545,3.9,104,Neutral
2020-07-01,Clove,Hambantota,875.0,845.52,0,3.65,4.25,4.8,0.0,52,15224,27.34,117.14,185.8487,4.2,104,Neutral
2020-08-01,Clove,Hambantota,900.0,874.26,0,3.7,4.3,4.85,0.0,52,16389,27.67,66.31,184.8939,4.1,104,Neutral
2020-09-01,Clove,Hambantota,842.5,875.16,0,3.7,4.35,4.9,0.0,39,24089,27.18,180.47,185.0317,4.0,104,Neutral
2020-10-01,Clove,Hambantota,825.25,856.56,0,3.75,4.4,4.95,0.0,39,36211,27.46,83.98,184.4379,4.0,104,Neutral
2020-11-01,Clove,Hambantota,865.0,836.01,0,3.8,4.45,5.0,1426.5,52,30523,26.84,317.73,184.4379,4.1,104,Neutral
2020-12-01,Clove,Hambantota,771.6,813.3,1,3.85,4.5,5.05,2567.7,52,18439,25.98,358.93,187.1822,4.2,104,Neutral
2021-01-01,Clove,Hambantota,748.75,787.1,1,4.2,4.8,6.0,1711.8,324,10128,25.61,268.48,190.4918,3.0,104,Neutral
2021-02-01,Clove,Hambantota,749.67,794.91,1,4.3,4.9,6.2,0.0,972,11400,25.75,49.15,194.0665,3.0,104,Neutral
2021-03-01,Clove,Hambantota,901.0,892.96,0,4.45,5.05,6.5,0.0,1620,11595,26.69,106.3,196.9825,4.1,104,Neutral
2021-04-01,Clove,Hambantota,1000.0,958.49,0,4.6,5.2,6.8,0.0,1620,5839,27.96,113.87,197.423,3.9,104,Neutral
2021-05-01,Clove,Hambantota,1088.67,957.13,0,4.75,5.35,7.1,0.0,972,0,28.04,206.22,199.5847,4.5,111,Neutral
2021-06-01,Clove,Hambantota,1467.0,1273.15,0,4.9,5.5,7.4,0.0,389,3321,27.71,101.55,199.8161,5.2,111,Neutral
2021-07-01,Clove,Hambantota,1458.75,1266.36,0,5.1,5.7,7.8,0.0,130,14357,27.55,122.53,199.9778,5.7,111,Neutral
2021-08-01,Clove,Hambantota,1430.0,1271.54,0,5.0,5.65,7.7,0.0,130,15453,27.3,105.46,200.4965,6.0,111,Neutral
2021-09-01,Clove,Hambantota,1485.83,1288.55,0,5.05,5.75,7.9,0.0,97,22716,27.48,147.68,201.9858,5.7,111,Neutral
2021-10-01,Clove,Hambantota,1541.67,1305.55,0,5.15,5.85,8.1,0.0,97,34103,27.01,333.6,201.0899,7.6,111,Neutral
2021-11-01,Clove,Hambantota,1500.0,1362.5,0,5.2,5.9,8.2,1430.5,65,28786,26.33,511.31,201.8582,9.9,111,Neutral
2021-12-01,Clove,Hambantota,1600.0,1461.61,1,5.25,6.0,8.3,2574.9,65,17361,26.09,135.18,201.399,12.1,121,Neutral
2022-01-01,Clove,Hambantota,1610.5,1557.73,1,5.8,5.7,9.0,1716.6,140,10224,25.83,116.96,201.4647,14.2,121,Neutral
2022-02-01,Clove,Hambantota,1423.8,1671.57,1,5.9,5.8,9.2,0.0,419,11529,25.77,144.37,201.7362,15.1,176,Neutral
2022-03-01,Clove,Hambantota,1887.5,1803.05,0,6.0,5.9,9.4,0.0,651,11726,27.12,73.2,255.8081,18.7,176,Neutral
2022-04-01,Clove,Hambantota,2065.0,2067.73,0,6.1,6.0,9.5,0.0,512,5901,27.71,297.63,319.4404,29.8,289,Neutral
2022-05-01,Clove,Hambantota,2583.25,2432.97,0,6.15,6.05,9.6,0.0,233,0,27.89,139.23,358.939,39.1,289,Neutral
2022-06-01,Clove,Hambantota,2644.33,2423.98,0,5.9,5.8,9.2,0.0,116,3358,27.37,70.76,360.2428,54.6,430,Neutral
2022-07-01,Clove,Hambantota,2487.5,2476.32,0,6.0,5.9,9.3,0.0,47,14489,27.28,128.65,360.8724,60.8,430,Neutral
2022-08-01,Clove,Hambantota,2420.0,2564.11,0,6.05,5.95,9.4,0.0,47,15596,26.94,140.71,360.9983,64.3,430,Neutral
2022-09-01,Clove,Hambantota,2541.5,2519.22,0,6.1,6.0,9.5,0.0,35,22927,27.15,66.45,362.3826,69.8,415,Neutral
2022-10-01,Clove,Hambantota,2533.0,2387.41,0,6.2,6.1,9.65,0.0,35,34420,26.89,282.23,363.1484,66.0,430,Neutral
2022-11-01,Clove,Hambantota,2513.2,2199.31,0,6.25,6.15,9.75,1474.8,47,29054,26.03,266.7,363.394,66.0,420,Neutral
2022-12-01,Clove,Hambantota,2086.5,2118.36,1,6.3,6.2,9.8,2654.6,47,17487,25.64,299.07,363.1652,57.2,420,Neutral
2023-01-01,Clove,Hambantota,2353.2,2278.09,1,6.9,6.0,6.0,1769.7,292,10174,24.9,117.48,362.4228,51.7,405,Neutral
2023-02-01,Clove,Hambantota,2575.0,2438.13,1,7.0,6.1,6.2,0.0,876,11472,25.42,149.15,361.9766,50.6,405,Neutral
2023-03-01,Clove,Hambantota,2438.75,2206.47,0,7.1,6.15,6.3,0.0,1460,11668,27.01,95.15,329.4709,50.3,325,Neutral
2023-04-01,Clove,Hambantota,2470.0,2206.92,0,7.15,6.2,6.1,0.0,1460,5871,28.27,134.72,321.4244,35.3,310,Neutral
2023-05-01,Clove,Hambantota,2120.0,2190.19,0,7.2,6.25,5.8,0.0,876,0,28.01,189.54,310.1639,25.2,310,Neutral
2023-06-01,Clove,Hambantota,2358.25,2273.47,0,7.2,6.25,5.5,0.0,350,3342,28.19,74.32,301.2612,12.0,308,Neutral
2023-07-01,Clove,Hambantota,2556.4,2493.34,0,7.25,6.3,5.3,0.0,117,14419,27.94,47.41,319.2903,6.3,306,Neutral
2023-08-01,Clove,Hambantota,2862.5,2685.22,0,7.25,6.3,5.1,0.0,117,15519,28.48,55.7,321.5764,4.0,341,Neutral
2023-09-01,Clove,Hambantota,2895.5,2678.97,0,7.2,6.25,5.0,0.0,88,22814,27.73,236.09,322.7693,1.3,351,Neutral
2023-10-01,Clove,Hambantota,2859.6,2741.53,0,7.15,6.2,4.9,0.0,88,34250,27.03,469.81,324.7303,1.5,356,Neutral
2023-11-01,Clove,Hambantota,2875.25,2777.75,0,7.2,6.3,5.0,1475.0,58,28911,26.85,455.51,328.25,3.4,329,Neutral
2023-12-01,Clove,Hambantota,2733.25,2838.46,1,7.25,6.4,5.2,2655.0,58,17431,26.68,459.58,326.7423,4.0,358,Neutral
2024-01-01,Clove,Hambantota,2996.6,2958.86,1,8.0,8.2,7.5,1770.0,159,7935,25.99,235.9,321.1706,6.4,363,Neutral
2024-02-01,Clove,Hambantota,3295.5,3226.11,1,8.2,8.4,7.8,0.0,159,8951,26.66,22.05,312.5801,5.9,363,Neutral
2024-03-01,Clove,Hambantota,3633.5,3403.5,0,8.5,8.7,8.0,0.0,127,9100,27.49,33.44,305.665,0.9,363,Neutral
2024-04-01,Clove,Hambantota,3426.6,3410.18,0,8.8,9.0,8.2,0.0,106,4585,29.42,74.5,299.4232,1.5,333,Neutral
2024-05-01,Clove,Hambantota,3500.0,3390.09,0,9.0,9.2,8.5,0.0,85,0,29.04,206.28,299.6923,0.9,317,Neutral
2024-06-01,Clove,Hambantota,3158.25,3210.44,0,9.1,9.3,8.6,0.0,85,2608,28.29,65.28,303.8121,1.7,317,Neutral
2024-07-01,Clove,Hambantota,2791.75,2749.67,0,9.2,9.4,8.7,0.0,63,11274,28.37,48.99,303.7559,2.4,317,Neutral
2024-08-01,Clove,Hambantota,2558.25,2511.34,0,9.3,9.5,8.8,0.0,63,12137,27.99,129.56,300.6683,0.5,307,Neutral
2024-09-01,Clove,Hambantota,2508.25,2489.88,0,9.4,9.6,8.9,0.0,53,17839,28.35,54.81,301.1505,-0.5,283,Neutral
2024-10-01,Clove,Hambantota,2500.0,2490.36,0,9.5,9.7,9.0,0.0,53,26782,27.5,196.51,293.7851,-0.8,283,Neutral
2024-11-01,Clove,Hambantota,2558.5,2511.93,0,9.55,9.75,9.05,1700.0,53,22602,26.99,398.77,292.0092,-2.1,286,Neutral
2024-12-01,Clove,Hambantota,2609.0,2499.74,1,9.6,9.8,9.1,3060.0,53,13626,26.47,159.13,291.6805,-1.7,286,Neutral
2025-01-01,Clove,Hambantota,2408.25,2432.7,1,9.65,9.85,9.15,2040.0,298,10774,25.59,241.85,296.1796,-4.0,286,Neutral
2025-02-01,Clove,Hambantota,2200.0,2338.51,1,9.7,9.9,9.2,0.0,893,12151,26.03,79.51,296.8034,-3.9,286,Neutral
2025-03-01,Clove,Hambantota,2250.0,2309.02,0,9.75,9.95,9.25,0.0,1488,12352,27.17,171.93,295.909,-1.9,286,Neutral
2025-04-01,Clove,Hambantota,2283.0,2346.18,0,9.8,10.0,9.3,0.0,1488,6224,27.94,226.62,298.5312,-0.8,286,Neutral
2025-05-01,Clove,Hambantota,2316.5,2324.9,0,9.85,10.05,9.35,0.0,893,0,28.2,166.88,299.4142,0.6,274,Neutral
2025-06-01,Clove,Hambantota,2108.25,2205.11,0,9.9,10.1,9.4,0.0,357,3540,27.79,57.82,299.9014,0.3,274,Neutral
2025-07-01,Clove,Hambantota,2046.4,2199.63,0,9.95,10.15,9.45,0.0,119,15308,27.72,35.02,301.1217,0.7,289,Neutral
2025-08-01,Clove,Hambantota,2061.5,2197.0,0,10.0,10.2,9.5,0.0,119,16476,27.54,58.37,301.4891,1.5,289,Neutral
2025-09-01,Clove,Hambantota,2086.6,2177.0,0,10.05,10.25,9.55,0.0,89,24213,27.58,137.1,302.1955,1.5,283,Neutral
2025-10-01,Clove,Hambantota,2074.75,2206.11,0,10.1,10.3,9.6,0.0,89,36350,27.2,273.23,302.9987,1.9,277,Neutral
2020-01-01,Clove,Kalutara,927.75,942.22,1,3.9,4.5,4.9,2013.2,156,10724,25.96,45.68,181.4036,5.7,104,Neutral
2020-02-01,Clove,Kalutara,931.75,946.73,1,3.85,4.45,4.85,0.0,467,12088,26.19,23.63,181.5628,6.2,104,Neutral
2020-03-01,Clove,Kalutara,967.0,898.65,0,3.8,4.4,4.8,0.0,727,12289,27.61,21.74,185.0567,5.4,104,Neutral
2020-04-01,Clove,Kalutara,829.24,829.24,0,3.7,4.3,4.75,0.0,571,6192,28.87,108.92,193.0854,5.2,104,Neutral
2020-05-01,Clove,Kalutara,961.67,843.36,0,3.65,4.25,4.75,0.0,260,0,28.68,196.94,187.865,4.0,104,Neutral
2020-06-01,Clove,Kalutara,973.8,834.59,0,3.6,4.2,4.7,0.0,130,3522,28.17,91.65,185.9545,3.9,104,Neutral
2020-07-01,Clove,Kalutara,1082.75,845.52,0,3.65,4.25,4.8,0.0,52,15224,27.34,117.14,185.8487,4.2,104,Neutral
2020-08-01,Clove,Kalutara,994.6,874.26,0,3.7,4.3,4.85,0.0,52,16389,27.67,66.31,184.8939,4.1,104,Neutral
2020-09-01,Clove,Kalutara,934.75,875.16,0,3.7,4.35,4.9,0.0,39,24089,27.18,180.47,185.0317,4.0,104,Neutral
2020-10-01,Clove,Kalutara,946.75,856.56,0,3.75,4.4,4.95,0.0,39,36211,27.46,83.98,184.4379,4.0,104,Neutral
2020-11-01,Clove,Kalutara,926.67,836.01,0,3.8,4.45,5.0,1426.5,52,30523,26.84,317.73,184.4379,4.1,104,Neutral
2020-12-01,Clove,Kalutara,906.0,813.3,1,3.85,4.5,5.05,2567.7,52,18439,25.98,358.93,187.1822,4.2,104,Neutral
2021-01-01,Clove,Kalutara,887.5,787.1,1,4.2,4.8,6.0,1711.8,324,10128,25.61,268.48,190.4918,3.0,104,Neutral
2021-02-01,Clove,Kalutara,890.67,794.91,1,4.3,4.9,6.2,0.0,972,11400,25.75,49.15,194.0665,3.0,104,Neutral
2021-03-01,Clove,Kalutara,818.0,892.96,0,4.45,5.05,6.5,0.0,1620,11595,26.69,106.3,196.9825,4.1,104,Neutral
2021-04-01,Clove,Kalutara,875.67,958.49,0,4.6,5.2,6.8,0.0,1620,5839,27.96,113.87,197.423,3.9,104,Neutral
2021-05-01,Clove,Kalutara,867.33,957.13,0,4.75,5.35,7.1,0.0,972,0,28.04,206.22,199.5847,4.5,111,Neutral
2021-06-01,Clove,Kalutara,920.0,1273.15,0,4.9,5.5,7.4,0.0,389,3321,27.71,101.55,199.8161,5.2,111,Neutral
2021-07-01,Clove,Kalutara,958.75,1266.36,0,5.1,5.7,7.8,0.0,130,14357,27.55,122.53,199.9778,5.7,111,Neutral
2021-08-01,Clove,Kalutara,996.67,1271.54,0,5.0,5.65,7.7,0.0,130,15453,27.3,105.46,200.4965,6.0,111,Neutral
2021-09-01,Clove,Kalutara,1010.0,1288.55,0,5.05,5.75,7.9,0.0,97,22716,27.48,147.68,201.9858,5.7,111,Neutral
2021-10-01,Clove,Kalutara,1023.33,1305.55,0,5.15,5.85,8.1,0.0,97,34103,27.01,333.6,201.0899,7.6,111,Neutral
2021-11-01,Clove,Kalutara,1042.5,1362.5,0,5.2,5.9,8.2,1430.5,65,28786,26.33,511.31,201.8582,9.9,111,Neutral
2021-12-01,Clove,Kalutara,1110.0,1461.61,1,5.25,6.0,8.3,2574.9,65,17361,26.09,135.18,201.399,12.1,121,Neutral
2022-01-01,Clove,Kalutara,1160.0,1557.73,1,5.8,5.7,9.0,1716.6,140,10224,25.83,116.96,201.4647,14.2,121,Neutral
2022-02-01,Clove,Kalutara,1249.0,1671.57,1,5.9,5.8,9.2,0.0,419,11529,25.77,144.37,201.7362,15.1,176,Neutral
2022-03-01,Clove,Kalutara,1253.75,1803.05,0,6.0,5.9,9.4,0.0,651,11726,27.12,73.2,255.8081,18.7,176,Neutral
2022-04-01,Clove,Kalutara,1693.33,2067.73,0,6.1,6.0,9.5,0.0,512,5901,27.71,297.63,319.4404,29.8,289,Neutral
2022-05-01,Clove,Kalutara,1900.0,2432.97,0,6.15,6.05,9.6,0.0,233,0,27.89,139.23,358.939,39.1,289,Neutral
2022-06-01,Clove,Kalutara,1996.67,2423.98,0,5.9,5.8,9.2,0.0,116,3358,27.37,70.76,360.2428,54.6,430,Neutral
2022-07-01,Clove,Kalutara,2142.5,2476.32,0,6.0,5.9,9.3,0.0,47,14489,27.28,128.65,360.8724,60.8,430,Neutral
2022-08-01,Clove,Kalutara,2241.25,2564.11,0,6.05,5.95,9.4,0.0,47,15596,26.94,140.71,360.9983,64.3,430,Neutral
2022-09-01,Clove,Kalutara,2000.0,2519.22,0,6.1,6.0,9.5,0.0,35,22927,27.15,66.45,362.3826,69.8,415,Neutral
2022-10-01,Clove,Kalutara,2006.67,2387.41,0,6.2,6.1,9.65,0.0,35,34420,26.89,282.23,363.1484,66.0,430,Neutral
2022-11-01,Clove,Kalutara,1990.0,2199.31,0,6.25,6.15,9.75,1474.8,47,29054,26.03,266.7,363.394,66.0,420,Neutral
2022-12-01,Clove,Kalutara,1780.0,2118.36,1,6.3,6.2,9.8,2654.6,47,17487,25.64,299.07,363.1652,57.2,420,Neutral
2023-01-01,Clove,Kalutara,1797.0,2278.09,1,6.9,6.0,6.0,1769.7,292,10174,24.9,117.48,362.4228,51.7,405,Neutral
2023-02-01,Clove,Kalutara,1850.0,2438.13,1,7.0,6.1,6.2,0.0,876,11472,25.42,149.15,361.9766,50.6,405,Neutral
2023-03-01,Clove,Kalutara,1850.0,2206.47,0,7.1,6.15,6.3,0.0,1460,11668,27.01,95.15,329.4709,50.3,325,Neutral
2023-04-01,Clove,Kalutara,1750.0,2206.92,0,7.15,6.2,6.1,0.0,1460,5871,28.27,134.72,321.4244,35.3,310,Neutral
2023-05-01,Clove,Kalutara,1904.0,2190.19,0,7.2,6.25,5.8,0.0,876,0,28.01,189.54,310.1639,25.2,310,Neutral
2023-06-01,Clove,Kalutara,1836.25,2273.47,0,7.2,6.25,5.5,0.0,350,3342,28.19,74.32,301.2612,12.0,308,Neutral
2023-07-01,Clove,Kalutara,1990.0,2493.34,0,7.25,6.3,5.3,0.0,117,14419,27.94,47.41,319.2903,6.3,306,Neutral
2023-08-01,Clove,Kalutara,2195.0,2685.22,0,7.25,6.3,5.1,0.0,117,15519,28.48,55.7,321.5764,4.0,341,Neutral
2023-09-01,Clove,Kalutara,2423.75,2678.97,0,7.2,6.25,5.0,0.0,88,22814,27.73,236.09,322.7693,1.3,351,Neutral
2023-10-01,Clove,Kalutara,3173.0,2741.53,0,7.15,6.2,4.9,0.0,88,34250,27.03,469.81,324.7303,1.5,356,Neutral
2023-11-01,Clove,Kalutara,2870.0,2777.75,0,7.2,6.3,5.0,1475.0,58,28911,26.85,455.51,328.25,3.4,329,Neutral
2023-12-01,Clove,Kalutara,2498.75,2838.46,1,7.25,6.4,5.2,2655.0,58,17431,26.68,459.58,326.7423,4.0,358,Neutral
2024-01-01,Clove,Kalutara,2825.0,2958.86,1,8.0,8.2,7.5,1770.0,159,7935,25.99,235.9,321.1706,6.4,363,Neutral
2024-02-01,Clove,Kalutara,3000.0,3226.11,1,8.2,8.4,7.8,0.0,159,8951,26.66,22.05,312.5801,5.9,363,Neutral
2024-03-01,Clove,Kalutara,3325.0,3403.5,0,8.5,8.7,8.0,0.0,127,9100,27.49,33.44,305.665,0.9,363,Neutral
2024-04-01,Clove,Kalutara,3254.0,3410.18,0,8.8,9.0,8.2,0.0,106,4585,29.42,74.5,299.4232,1.5,333,Neutral
2024-05-01,Clove,Kalutara,3469.25,3390.09,0,9.0,9.2,8.5,0.0,85,0,29.04,206.28,299.6923,0.9,317,Neutral
2024-06-01,Clove,Kalutara,3201.25,3210.44,0,9.1,9.3,8.6,0.0,85,2608,28.29,65.28,303.8121,1.7,317,Neutral
2024-07-01,Clove,Kalutara,3043.75,2749.67,0,9.2,9.4,8.7,0.0,63,11274,28.37,48.99,303.7559,2.4,317,Neutral
2024-08-01,Clove,Kalutara,2655.0,2511.34,0,9.3,9.5,8.8,0.0,63,12137,27.99,129.56,300.6683,0.5,307,Neutral
2024-09-01,Clove,Kalutara,2608.75,2489.88,0,9.4,9.6,8.9,0.0,53,17839,28.35,54.81,301.1505,-0.5,283,Neutral
2024-10-01,Clove,Kalutara,2846.25,2490.36,0,9.5,9.7,9.0,0.0,53,26782,27.5,196.51,293.7851,-0.8,283,Neutral
2024-11-01,Clove,Kalutara,2475.0,2511.93,0,9.55,9.75,9.05,1700.0,53,22602,26.99,398.77,292.0092,-2.1,286,Neutral
2024-12-01,Clove,Kalutara,2440.0,2499.74,1,9.6,9.8,9.1,3060.0,53,13626,26.47,159.13,291.6805,-1.7,286,Neutral
2025-01-01,Clove,Kalutara,2572.0,2432.7,1,9.65,9.85,9.15,2040.0,298,10774,25.59,241.85,296.1796,-4.0,286,Neutral
2025-02-01,Clove,Kalutara,2535.0,2338.51,1,9.7,9.9,9.2,0.0,893,12151,26.03,79.51,296.8034,-3.9,286,Neutral
2025-03-01,Clove,Kalutara,2380.0,2309.02,0,9.75,9.95,9.25,0.0,1488,12352,27.17,171.93,295.909,-1.9,286,Neutral
2025-04-01,Clove,Kalutara,2472.5,2346.18,0,9.8,10.0,9.3,0.0,1488,6224,27.94,226.62,298.5312,-0.8,286,Neutral
2025-05-01,Clove,Kalutara,2315.0,2324.9,0,9.85,10.05,9.35,0.0,893,0,28.2,166.88,299.4142,0.6,274,Neutral
2025-06-01,Clove,Kalutara,2221.25,2205.11,0,9.9,10.1,9.4,0.0,357,3540,27.79,57.82,299.9014,0.3,274,Neutral
2025-07-01,Clove,Kalutara,2282.0,2199.63,0,9.95,10.15,9.45,0.0,119,15308,27.72,35.02,301.1217,0.7,289,Neutral
2025-08-01,Clove,Kalutara,2290.0,2197.0,0,10.0,10.2,9.5,0.0,119,16476,27.54,58.37,301.4891,1.5,289,Neutral
2025-09-01,Clove,Kalutara,2300.0,2177.0,0,10.05,10.25,9.55,0.0,89,24213,27.58,137.1,302.1955,1.5,283,Neutral
2025-10-01,Clove,Kalutara,2246.25,2206.11,0,10.1,10.3,9.6,0.0,89,36350,27.2,273.23,302.9987,1.9,277,Neutral
2020-01-01,Clove,Kandy,1019.25,942.22,1,3.9,4.5,4.9,2013.2,156,10724,25.96,45.68,181.4036,5.7,104,Neutral
2020-02-01,Clove,Kandy,972.5,946.73,1,3.85,4.45,4.85,0.0,467,12088,26.19,23.63,181.5628,6.2,104,Neutral
2020-03-01,Clove,Kandy,882.0,898.65,0,3.8,4.4,4.8,0.0,727,12289,27.61,21.74,185.0567,5.4,104,Neutral
2020-04-01,Clove,Kandy,805.5,829.24,0,3.7,4.3,4.75,0.0,571,6192,28.87,108.92,193.0854,5.2,104,Neutral
2020-05-01,Clove,Kandy,789.0,843.36,0,3.65,4.25,4.75,0.0,260,0,28.68,196.94,187.865,4.0,104,Neutral
2020-06-01,Clove,Kandy,794.8,834.59,0,3.6,4.2,4.7,0.0,130,3522,28.17,91.65,185.9545,3.9,104,Neutral
2020-07-01,Clove,Kandy,844.25,845.52,0,3.65,4.25,4.8,0.0,52,15224,27.34,117.14,185.8487,4.2,104,Neutral
2020-08-01,Clove,Kandy,898.6,874.26,0,3.7,4.3,4.85,0.0,52,16389,27.67,66.31,184.8939,4.1,104,Neutral
2020-09-01,Clove,Kandy,892.0,875.16,0,3.7,4.35,4.9,0.0,39,24089,27.18,180.47,185.0317,4.0,104,Neutral
2020-10-01,Clove,Kandy,838.25,856.56,0,3.75,4.4,4.95,0.0,39,36211,27.46,83.98,184.4379,4.0,104,Neutral
2020-11-01,Clove,Kandy,839.0,836.01,0,3.8,4.45,5.0,1426.5,52,30523,26.84,317.73,184.4379,4.1,104,Neutral
2020-12-01,Clove,Kandy,822.6,813.3,1,3.85,4.5,5.05,2567.7,52,18439,25.98,358.93,187.1822,4.2,104,Neutral
2021-01-01,Clove,Kandy,794.5,787.1,1,4.2,4.8,6.0,1711.8,324,10128,25.61,268.48,190.4918,3.0,104,Neutral
2021-02-01,Clove,Kandy,813.5,794.91,1,4.3,4.9,6.2,0.0,972,11400,25.75,49.15,194.0665,3.0,104,Neutral
2021-03-01,Clove,Kandy,962.0,892.96,0,4.45,5.05,6.5,0.0,1620,11595,26.69,106.3,196.9825,4.1,104,Neutral
2021-04-01,Clove,Kandy,1058.0,958.49,0,4.6,5.2,6.8,0.0,1620,5839,27.96,113.87,197.423,3.9,104,Neutral
2021-05-01,Clove,Kandy,1059.0,957.13,0,4.75,5.35,7.1,0.0,972,0,28.04,206.22,199.5847,4.5,111,Neutral
2021-06-01,Clove,Kandy,1412.0,1273.15,0,4.9,5.5,7.4,0.0,389,3321,27.71,101.55,199.8161,5.2,111,Neutral
2021-07-01,Clove,Kandy,1399.5,1266.36,0,5.1,5.7,7.8,0.0,130,14357,27.55,122.53,199.9778,5.7,111,Neutral
2021-08-01,Clove,Kandy,1433.33,1271.54,0,5.0,5.65,7.7,0.0,130,15453,27.3,105.46,200.4965,6.0,111,Neutral
2021-09-01,Clove,Kandy,1440.83,1288.55,0,5.05,5.75,7.9,0.0,97,22716,27.48,147.68,201.9858,5.7,111,Neutral
2021-10-01,Clove,Kandy,1448.33,1305.55,0,5.15,5.85,8.1,0.0,97,34103,27.01,333.6,201.0899,7.6,111,Neutral
2021-11-01,Clove,Kandy,1533.75,1362.5,0,5.2,5.9,8.2,1430.5,65,28786,26.33,511.31,201.8582,9.9,111,Neutral
2021-12-01,Clove,Kandy,1640.5,1461.61,1,5.25,6.0,8.3,2574.9,65,17361,26.09,135.18,201.399,12.1,121,Neutral
2022-01-01,Clove,Kandy,1772.0,1557.73,1,5.8,5.7,9.0,1716.6,140,10224,25.83,116.96,201.4647,14.2,121,Neutral
2022-02-01,Clove,Kandy,1895.6,1671.57,1,5.9,5.8,9.2,0.0,419,11529,25.77,144.37,201.7362,15.1,176,Neutral
2022-03-01,Clove,Kandy,1964.25,1803.05,0,6.0,5.9,9.4,0.0,651,11726,27.12,73.2,255.8081,18.7,176,Neutral
2022-04-01,Clove,Kandy,2454.0,2067.73,0,6.1,6.0,9.5,0.0,512,5901,27.71,297.63,319.4404,29.8,289,Neutral
2022-05-01,Clove,Kandy,2775.5,2432.97,0,6.15,6.05,9.6,0.0,233,0,27.89,139.23,358.939,39.1,289,Neutral
2022-06-01,Clove,Kandy,2578.67,2423.98,0,5.9,5.8,9.2,0.0,116,3358,27.37,70.76,360.2428,54.6,430,Neutral
2022-07-01,Clove,Kandy,2782.0,2476.32,0,6.0,5.9,9.3,0.0,47,14489,27.28,128.65,360.8724,60.8,430,Neutral
2022-08-01,Clove,Kandy,2873.75,2564.11,0,6.05,5.95,9.4,0.0,47,15596,26.94,140.71,360.9983,64.3,430,Neutral
2022-09-01,Clove,Kandy,2826.75,2519.22,0,6.1,6.0,9.5,0.0,35,22927,27.15,66.45,362.3826,69.8,415,Neutral
2022-10-01,Clove,Kandy,2457.67,2387.41,0,6.2,6.1,9.65,0.0,35,34420,26.89,282.23,363.1484,66.0,430,Neutral
2022-11-01,Clove,Kandy,2297.4,2199.31,0,6.25,6.15,9.75,1474.8,47,29054,26.03,266.7,363.394,66.0,420,Neutral
2022-12-01,Clove,Kandy,2192.0,2118.36,1,6.3,6.2,9.8,2654.6,47,17487,25.64,299.07,363.1652,57.2,420,Neutral
2023-01-01,Clove,Kandy,2448.0,2278.09,1,6.9,6.0,6.0,1769.7,292,10174,24.9,117.48,362.4228,51.7,405,Neutral
2023-02-01,Clove,Kandy,2723.5,2438.13,1,7.0,6.1,6.2,0.0,876,11472,25.42,149.15,361.9766,50.6,405,Neutral
2023-03-01,Clove,Kandy,2167.25,2206.47,0,7.1,6.15,6.3,0.0,1460,11668,27.01,95.15,329.4709,50.3,325,Neutral
2023-04-01,Clove,Kandy,2267.67,2206.92,0,7.15,6.2,6.1,0.0,1460,5871,28.27,134.72,321.4244,35.3,310,Neutral
2023-05-01,Clove,Kandy,2402.8,2190.19,0,7.2,6.25,5.8,0.0,876,0,28.01,189.54,310.1639,25.2,310,Neutral
2023-06-01,Clove,Kandy,2555.75,2273.47,0,7.2,6.25,5.5,0.0,350,3342,28.19,74.32,301.2612,12.0,308,Neutral
2023-07-01,Clove,Kandy,2887.8,2493.34,0,7.25,6.3,5.3,0.0,117,14419,27.94,47.41,319.2903,6.3,306,Neutral
2023-08-01,Clove,Kandy,3022.5,2685.22,0,7.25,6.3,5.1,0.0,117,15519,28.48,55.7,321.5764,4.0,341,Neutral
2023-09-01,Clove,Kandy,2962.25,2678.97,0,7.2,6.25,5.0,0.0,88,22814,27.73,236.09,322.7693,1.3,351,Neutral
2023-10-01,Clove,Kandy,2977.0,2741.53,0,7.15,6.2,4.9,0.0,88,34250,27.03,469.81,324.7303,1.5,356,Neutral
2023-11-01,Clove,Kandy,3023.75,2777.75,0,7.2,6.3,5.0,1475.0,58,28911,26.85,455.51,328.25,3.4,329,Neutral
2023-12-01,Clove,Kandy,3118.25,2838.46,1,7.25,6.4,5.2,2655.0,58,17431,26.68,459.58,326.7423,4.0,358,Neutral
2024-01-01,Clove,Kandy,3309.8,2958.86,1,8.0,8.2,7.5,1770.0,159,7935,25.99,235.9,321.1706,6.4,363,Neutral
2024-02-01,Clove,Kandy,3673.75,3226.11,1,8.2,8.4,7.8,0.0,159,8951,26.66,22.05,312.5801,5.9,363,Neutral
2024-03-01,Clove,Kandy,3696.75,3403.5,0,8.5,8.7,8.0,0.0,127,9100,27.49,33.44,305.665,0.9,363,Neutral
2024-04-01,Clove,Kandy,3687.2,3410.18,0,8.8,9.0,8.2,0.0,106,4585,29.42,74.5,299.4232,1.5,333,Neutral
2024-05-01,Clove,Kandy,3591.0,3390.09,0,9.0,9.2,8.5,0.0,85,0,29.04,206.28,299.6923,0.9,317,Neutral
2024-06-01,Clove,Kandy,3255.0,3210.44,0,9.1,9.3,8.6,0.0,85,2608,28.29,65.28,303.8121,1.7,317,Neutral
2024-07-01,Clove,Kandy,2609.0,2749.67,0,9.2,9.4,8.7,0.0,63,11274,28.37,48.99,303.7559,2.4,317,Neutral
2024-08-01,Clove,Kandy,2585.75,2511.34,0,9.3,9.5,8.8,0.0,63,12137,27.99,129.56,300.6683,0.5,307,Neutral
2024-09-01,Clove,Kandy,2580.25,2489.88,0,9.4,9.6,8.9,0.0,53,17839,28.35,54.81,301.1505,-0.5,283,Neutral
2024-10-01,Clove,Kandy,2492.5,2490.36,0,9.5,9.7,9.0,0.0,53,26782,27.5,196.51,293.7851,-0.8,283,Neutral
2024-11-01,Clove,Kandy,2670.5,2511.93,0,9.55,9.75,9.05,1700.0,53,22602,26.99,398.77,292.0092,-2.1,286,Neutral
2024-12-01,Clove,Kandy,2643.4,2499.74,1,9.6,9.8,9.1,3060.0,53,13626,26.47,159.13,291.6805,-1.7,286,Neutral
2025-01-01,Clove,Kandy,2427.25,2432.7,1,9.65,9.85,9.15,2040.0,298,10774,25.59,241.85,296.1796,-4.0,286,Neutral
2025-02-01,Clove,Kandy,2424.25,2338.51,1,9.7,9.9,9.2,0.0,893,12151,26.03,79.51,296.8034,-3.9,286,Neutral
2025-03-01,Clove,Kandy,2432.5,2309.02,0,9.75,9.95,9.25,0.0,1488,12352,26.03,171.93,295.909,-1.9,286,Neutral
2025-04-01,Clove,Kandy,2476.75,2346.18,0,9.8,10.0,9.3,0.0,1488,6224,27.94,226.62,298.5312,-0.8,286,Neutral
2025-05-01,Clove,Kandy,2403.75,2324.9,0,9.85,10.05,9.35,0.0,893,0,28.2,166.88,299.4142,0.6,274,Neutral
2025-06-01,Clove,Kandy,2295.0,2205.11,0,9.9,10.1,9.4,0.0,357,3540,27.79,57.82,299.9014,0.3,274,Neutral
2025-07-01,Clove,Kandy,2263.6,2199.63,0,9.95,10.15,9.45,0.0,119,15308,27.72,35.02,301.1217,0.7,289,Neutral
2025-08-01,Clove,Kandy,2212.25,2197.0,0,10.0,10.2,9.5,0.0,119,16476,27.54,58.37,301.4891,1.5,289,Neutral
2025-09-01,Clove,Kandy,2240.4,2177.0,0,10.05,10.25,9.55,0.0,89,24213,27.58,137.1,302.1955,1.5,283,Neutral
2025-10-01,Clove,Kandy,2307.25,2206.11,0,10.1,10.3,9.6,0.0,89,36350,27.2,273.23,302.9987,1.9,277,Neutral
2020-01-01,Stem,Kandy,93.0,82.35,1,3.9,4.5,4.9,2013.2,156,10724,25.96,45.68,181.4036,5.7,104,Neutral
2020-02-01,Stem,Kandy,96.0,82.72,1,3.85,4.45,4.85,0.0,467,12088,26.19,23.63,181.5628,6.2,104,Neutral
2020-03-01,Stem,Kandy,97.5,82.27,0,3.8,4.4,4.8,0.0,727,12289,27.61,21.74,185.0567,5.4,104,Neutral
2020-04-01,Stem,Kandy,99.0,86.95,0,3.7,4.3,4.75,0.0,571,6192,28.87,108.92,193.0854,5.2,104,Neutral
2020-05-01,Stem,Kandy,99.0,85.75,0,3.65,4.25,4.75,0.0,260,0,28.68,196.94,187.865,4.0,104,Neutral
2020-06-01,Stem,Kandy,95.8,82.52,0,3.6,4.2,4.7,0.0,130,3522,28.17,91.65,185.9545,3.9,104,Neutral
2020-07-01,Stem,Kandy,99.5,81.22,0,3.65,4.25,4.8,0.0,52,15224,27.34,117.14,185.8487,4.2,104,Neutral
2020-08-01,Stem,Kandy,99.6,82.8,0,3.7,4.3,4.85,0.0,52,16389,27.67,66.31,184.8939,4.1,104,Neutral
2020-09-01,Stem,Kandy,102.0,83.25,0,3.7,4.35,4.9,0.0,39,24089,27.18,180.47,185.0317,4.0,104,Neutral
2020-10-01,Stem,Kandy,100.75,88.68,0,3.75,4.4,4.95,0.0,39,36211,27.46,83.98,184.4379,4.0,104,Neutral
2020-11-01,Stem,Kandy,100.0,84.21,0,3.8,4.45,5.0,1426.5,52,30523,26.84,317.73,184.4379,4.1,104,Neutral
2020-12-01,Stem,Kandy,99.2,84.33,1,3.85,4.5,5.05,2567.7,52,18439,25.98,358.93,187.1822,4.2,104,Neutral
2021-01-01,Stem,Kandy,100.0,82.97,1,4.2,4.8,6.0,1711.8,324,10128,25.61,268.48,190.4918,3.0,104,Neutral
2021-02-01,Stem,Kandy,99.33,84.82,1,4.3,4.9,6.2,0.0,972,11400,25.75,49.15,194.0665,3.0,104,Neutral
2021-03-01,Stem,Kandy,105.4,892.96,0,4.45,5.05,6.5,0.0,1620,11595,26.69,106.3,196.9825,4.1,104,Neutral
2021-04-01,Stem,Kandy,114.33,91.71,0,4.6,5.2,6.8,0.0,1620,5839,27.96,113.87,197.423,3.9,104,Neutral
2021-05-01,Stem,Kandy,114.0,90.3,0,4.75,5.35,7.1,0.0,972,0,28.04,206.22,199.5847,4.5,111,Neutral
2021-06-01,Stem,Kandy,128.5,117.67,0,4.9,5.5,7.4,0.0,389,3321,27.71,101.55,199.8161,5.2,111,Neutral
2021-07-01,Stem,Kandy,141.5,110.27,0,5.1,5.7,7.8,0.0,130,14357,27.55,122.53,199.9778,5.7,111,Neutral
2021-08-01,Stem,Kandy,143.33,113.9,0,5.0,5.65,7.7,0.0,130,15453,27.3,105.46,200.4965,6.0,111,Neutral
2021-09-01,Stem,Kandy,151.0,120.27,0,5.05,5.75,7.9,0.0,97,22716,27.48,147.68,201.9858,5.7,111,Neutral
2021-10-01,Stem,Kandy,158.67,126.63,0,5.15,5.85,8.1,0.0,97,34103,27.01,333.6,201.0899,7.6,111,Neutral
2021-11-01,Stem,Kandy,158.0,132.08,0,5.2,5.9,8.2,1430.5,65,28786,26.33,511.31,201.8582,9.9,111,Neutral
2021-12-01,Stem,Kandy,159.75,145.0,1,5.25,6.0,8.3,2574.9,65,17361,26.09,135.18,201.399,12.1,121,Neutral
2022-01-01,Stem,Kandy,178.5,140.57,1,5.8,5.7,9.0,1716.6,140,10224,25.83,116.96,201.4647,14.2,121,Neutral
2022-02-01,Stem,Kandy,201.4,159.68,1,5.9,5.8,9.2,0.0,419,11529,25.77,144.37,201.7362,15.1,176,Neutral
2022-03-01,Stem,Kandy,246.25,190.43,0,6.0,5.9,9.4,0.0,651,11726,27.12,73.2,255.8081,18.7,176,Neutral
2022-04-01,Stem,Kandy,286.33,244.0,0,6.1,6.0,9.5,0.0,512,5901,27.71,297.63,319.4404,29.8,289,Neutral
2022-05-01,Stem,Kandy,354.75,303.68,0,6.15,6.05,9.6,0.0,233,0,27.89,139.23,358.939,39.1,289,Neutral
2022-06-01,Stem,Kandy,343.33,277.43,0,5.9,5.8,9.2,0.0,116,3358,27.37,70.76,360.2428,54.6,430,Neutral
2022-07-01,Stem,Kandy,367.75,297.0,0,6.0,5.9,9.3,0.0,47,14489,27.28,128.65,360.8724,60.8,430,Neutral
2022-08-01,Stem,Kandy,394.25,303.57,0,6.05,5.95,9.4,0.0,47,15596,26.94,140.71,360.9983,64.3,430,Neutral
2022-09-01,Stem,Kandy,401.25,286.82,0,6.1,6.0,9.5,0.0,35,22927,27.15,66.45,362.3826,69.8,415,Neutral
2022-10-01,Stem,Kandy,310.0,269.19,0,6.2,6.1,9.65,0.0,35,34420,26.89,282.23,363.1484,66.0,430,Neutral
2022-11-01,Stem,Kandy,327.2,267.09,0,6.25,6.15,9.75,1474.8,47,29054,26.03,266.7,363.394,66.0,420,Neutral
2022-12-01,Stem,Kandy,300.5,258.29,1,6.3,6.2,9.8,2654.6,47,17487,25.64,299.07,363.1652,57.2,420,Neutral
2023-01-01,Stem,Kandy,332.2,305.43,1,6.9,6.0,6.0,1769.7,292,10174,24.9,117.48,362.4228,51.7,405,Neutral
2023-02-01,Stem,Kandy,414.0,377.18,1,7.0,6.1,6.2,0.0,876,11472,25.42,149.15,361.9766,50.6,405,Neutral
2023-03-01,Stem,Kandy,310.25,331.71,0,7.1,6.15,6.3,0.0,1460,11668,27.01,95.15,329.4709,50.3,325,Neutral
2023-04-01,Stem,Kandy,319.0,313.19,0,7.15,6.2,6.1,0.0,1460,5871,28.27,134.72,321.4244,35.3,310,Neutral
2023-05-01,Stem,Kandy,366.0,321.03,0,7.2,6.25,5.8,0.0,876,0,28.01,189.54,310.1639,25.2,310,Neutral
2023-06-01,Stem,Kandy,348.5,314.25,0,7.2,6.25,5.5,0.0,350,3342,28.19,74.32,301.2612,12.0,308,Neutral
2023-07-01,Stem,Kandy,375.8,339.14,0,7.25,6.3,5.3,0.0,117,14419,27.94,47.41,319.2903,6.3,306,Neutral
2023-08-01,Stem,Kandy,411.25,370.53,0,7.25,6.3,5.1,0.0,117,15519,28.48,55.7,321.5764,4.0,341,Neutral
2023-09-01,Stem,Kandy,413.0,367.82,0,7.2,6.25,5.0,0.0,88,22814,27.73,236.09,322.7693,1.3,351,Neutral
2023-10-01,Stem,Kandy,407.2,376.94,0,7.15,6.2,4.9,0.0,88,34250,27.03,469.81,324.7303,1.5,356,Neutral
2023-11-01,Stem,Kandy,417.25,368.32,0,7.2,6.3,5.0,1475.0,58,28911,26.85,455.51,328.25,3.4,329,Neutral
2023-12-01,Stem,Kandy,416.5,385.61,1,7.25,6.4,5.2,2655.0,58,17431,26.68,459.58,326.7423,4.0,358,Neutral
2024-01-01,Stem,Kandy,430.4,388.63,1,8.0,8.2,7.5,1770.0,159,7935,25.99,235.9,321.1706,6.4,363,Neutral
2024-02-01,Stem,Kandy,467.0,402.86,1,8.2,8.4,7.8,0.0,159,8951,26.66,22.05,312.5801,5.9,363,Neutral
2024-03-01,Stem,Kandy,471.5,402.32,0,8.5,8.7,8.0,0.0,127,9100,27.49,33.44,305.665,0.9,363,Neutral
2024-04-01,Stem,Kandy,452.8,432.57,0,8.8,9.0,8.2,0.0,106,4585,29.42,74.5,299.4232,1.5,333,Neutral
2024-05-01,Stem,Kandy,438.75,419.89,0,9.0,9.2,8.5,0.0,85,0,29.04,206.28,299.6923,0.9,317,Neutral
2024-06-01,Stem,Kandy,427.25,419.54,0,9.1,9.3,8.6,0.0,85,2608,28.29,65.28,303.8121,1.7,317,Neutral
2024-07-01,Stem,Kandy,389.75,384.29,0,9.2,9.4,8.7,0.0,63,11274,28.37,48.99,303.7559,2.4,317,Neutral
2024-08-01,Stem,Kandy,364.0,387.79,0,9.3,9.5,8.8,0.0,63,12137,27.99,129.56,300.6683,0.5,307,Neutral
2024-09-01,Stem,Kandy,351.75,380.21,0,9.4,9.6,8.9,0.0,53,17839,28.35,54.81,301.1505,-0.5,283,Neutral
2024-10-01,Stem,Kandy,361.75,377.97,0,9.5,9.7,9.0,0.0,53,26782,27.5,196.51,293.7851,-0.8,283,Neutral
2024-11-01,Stem,Kandy,367.25,364.32,0,9.55,9.75,9.05,1700.0,53,22602,26.99,398.77,292.0092,-2.1,286,Neutral
2024-12-01,Stem,Kandy,377.4,362.02,1,9.6,9.8,9.1,3060.0,53,13626,26.47,159.13,291.6805,-1.7,286,Neutral
2025-01-01,Stem,Kandy,356.25,352.35,1,9.65,9.85,9.15,2040.0,298,10774,25.59,241.85,296.1796,-4.0,286,Neutral
2025-02-01,Stem,Kandy,355.0,350.79,1,9.7,9.9,9.2,0.0,893,12151,26.03,79.51,296.8034,-3.9,286,Neutral
2025-03-01,Stem,Kandy,348.0,339.44,0,9.75,9.95,9.25,0.0,1488,12352,27.17,171.93,295.909,-1.9,286,Neutral
2025-04-01,Stem,Kandy,336.75,329.47,0,9.8,10.0,9.3,0.0,1488,6224,27.94,226.62,298.5312,-0.8,286,Neutral
2025-05-01,Stem,Kandy,324.5,327.52,0,9.85,10.05,9.35,0.0,893,0,28.2,166.88,299.4142,0.6,274,Neutral
2025-06-01,Stem,Kandy,318.25,315.82,0,9.9,10.1,9.4,0.0,357,3540,27.79,57.82,299.9014,0.3,274,Neutral
2025-07-01,Stem,Kandy,297.4,310.73,0,9.95,10.15,9.45,0.0,119,15308,27.72,35.02,301.1217,0.7,289,Neutral
2025-08-01,Stem,Kandy,287.0,297.07,0,10.0,10.2,9.5,0.0,119,16476,27.54,58.37,301.4891,1.5,289,Neutral
2025-09-01,Stem,Kandy,292.6,300.55,0,10.05,10.25,9.55,0.0,89,24213,27.58,137.1,302.1955,1.5,283,Neutral
2025-10-01,Stem,Kandy,291.5,312.86,0,10.1,10.3,9.6,0.0,89,36350,27.2,273.23,302.9987,1.9,277,Neutral
2020-01-01,Clove,Kegalle,1020.5,942.22,1,3.9,4.5,4.9,2013.2,156,10724,25.96,45.68,181.4036,5.7,104,Neutral
2020-02-01,Clove,Kegalle,916.25,946.73,1,3.85,4.45,4.85,0.0,467,12088,26.19,23.63,181.5628,6.2,104,Neutral
2020-03-01,Clove,Kegalle,824.5,898.65,0,3.8,4.4,4.8,0.0,727,12289,27.61,21.74,185.0567,5.4,104,Neutral
2020-04-01,Clove,Kegalle,712.5,829.24,0,3.7,4.3,4.75,0.0,571,6192,28.87,108.92,193.0854,5.2,104,Neutral
2020-05-01,Clove,Kegalle,766.5,843.36,0,3.65,4.25,4.75,0.0,260,0,28.68,196.94,187.865,4.0,104,Neutral
2020-06-01,Clove,Kegalle,756.2,834.59,0,3.6,4.2,4.7,0.0,130,3522,28.17,91.65,185.9545,3.9,104,Neutral
2020-07-01,Clove,Kegalle,774.75,845.52,0,3.65,4.25,4.8,0.0,52,15224,27.34,117.14,185.8487,4.2,104,Neutral
2020-08-01,Clove,Kegalle,853.0,874.26,0,3.7,4.3,4.85,0.0,52,16389,27.67,66.31,184.8939,4.1,104,Neutral
2020-09-01,Clove,Kegalle,874.75,875.16,0,3.7,4.35,4.9,0.0,39,24089,27.18,180.47,185.0317,4.0,104,Neutral
2020-10-01,Clove,Kegalle,803.75,856.56,0,3.75,4.4,4.95,0.0,39,36211,27.46,83.98,184.4379,4.0,104,Neutral
2020-11-01,Clove,Kegalle,774.75,836.01,0,3.8,4.45,5.0,1426.5,52,30523,26.84,317.73,184.4379,4.1,104,Neutral
2020-12-01,Clove,Kegalle,807.8,813.3,1,3.85,4.5,5.05,2567.7,52,18439,25.98,358.93,187.1822,4.2,104,Neutral
2021-01-01,Clove,Kegalle,801.25,787.1,1,4.2,4.8,6.0,1711.8,324,10128,25.61,268.48,190.4918,3.0,104,Neutral
2021-02-01,Clove,Kegalle,820.0,794.91,1,4.3,4.9,6.2,0.0,972,11400,25.75,49.15,194.0665,3.0,104,Neutral
2021-03-01,Clove,Kegalle,933.2,892.96,0,4.45,5.05,6.5,0.0,1620,11595,26.69,106.3,196.9825,4.1,104,Neutral
2021-04-01,Clove,Kegalle,1033.0,958.49,0,4.6,5.2,6.8,0.0,1620,5839,27.96,113.87,197.423,3.9,104,Neutral
2021-05-01,Clove,Kegalle,983.33,957.13,0,4.75,5.35,7.1,0.0,972,0,28.04,206.22,199.5847,4.5,111,Neutral
2021-06-01,Clove,Kegalle,1450.0,1273.15,0,4.9,5.5,7.4,0.0,389,3321,27.71,101.55,199.8161,5.2,111,Neutral
2021-07-01,Clove,Kegalle,1337.5,1266.36,0,5.1,5.7,7.8,0.0,130,14357,27.55,122.53,199.9778,5.7,111,Neutral
2021-08-01,Clove,Kegalle,1333.33,1271.54,0,5.0,5.65,7.7,0.0,130,15453,27.3,105.46,200.4965,6.0,111,Neutral
2021-09-01,Clove,Kegalle,1429.17,1288.55,0,5.05,5.75,7.9,0.0,97,22716,27.48,147.68,201.9858,5.7,111,Neutral
2021-10-01,Clove,Kegalle,1525.0,1305.55,0,5.15,5.85,8.1,0.0,97,34103,27.01,333.6,201.0899,7.6,111,Neutral
2021-11-01,Clove,Kegalle,1527.0,1362.5,0,5.2,5.9,8.2,1430.5,65,28786,26.33,511.31,201.8582,9.9,111,Neutral
2021-12-01,Clove,Kegalle,1587.5,1461.61,1,5.25,6.0,8.3,2574.9,65,17361,26.09,135.18,201.399,12.1,121,Neutral
2022-01-01,Clove,Kegalle,1753.75,1557.73,1,5.8,5.7,9.0,1716.6,140,10224,25.83,116.96,201.4647,14.2,121,Neutral
2022-02-01,Clove,Kegalle,1816.4,1671.57,1,5.9,5.8,9.2,0.0,419,11529,25.77,144.37,201.7362,15.1,176,Neutral
2022-03-01,Clove,Kegalle,1858.0,1803.05,0,6.0,5.9,9.4,0.0,651,11726,27.12,73.2,255.8081,18.7,176,Neutral
2022-04-01,Clove,Kegalle,2166.33,2067.73,0,6.1,6.0,9.5,0.0,512,5901,27.71,297.63,319.4404,29.8,289,Neutral
2022-05-01,Clove,Kegalle,2791.5,2432.97,0,6.15,6.05,9.6,0.0,233,0,27.89,139.23,358.939,39.1,289,Neutral
2022-06-01,Clove,Kegalle,2455.33,2423.98,0,5.9,5.8,9.2,0.0,116,3358,27.37,70.76,360.2428,54.6,430,Neutral
2022-07-01,Clove,Kegalle,2483.25,2476.32,0,6.0,5.9,9.3,0.0,47,14489,27.28,128.65,360.8724,60.8,430,Neutral
2022-08-01,Clove,Kegalle,2566.5,2564.11,0,6.05,5.95,9.4,0.0,47,15596,26.94,140.71,360.9983,64.3,430,Neutral
2022-09-01,Clove,Kegalle,2441.5,2519.22,0,6.1,6.0,9.5,0.0,35,22927,27.15,66.45,362.3826,69.8,415,Neutral
2022-10-01,Clove,Kegalle,2144.33,2387.41,0,6.2,6.1,9.65,0.0,35,34420,26.89,282.23,363.1484,66.0,430,Neutral
2022-11-01,Clove,Kegalle,1943.2,2199.31,0,6.25,6.15,9.75,1474.8,47,29054,26.03,266.7,363.394,66.0,420,Neutral
2022-12-01,Clove,Kegalle,2216.25,2118.36,1,6.3,6.2,9.8,2654.6,47,17487,25.64,299.07,363.1652,57.2,420,Neutral
2023-01-01,Clove,Kegalle,2446.2,2278.09,1,6.9,6.0,6.0,1769.7,292,10174,24.9,117.48,362.4228,51.7,405,Neutral
2023-02-01,Clove,Kegalle,2641.5,2438.13,1,7.0,6.1,6.2,0.0,876,11472,25.42,149.15,361.9766,50.6,405,Neutral
2023-03-01,Clove,Kegalle,2216.25,2206.47,0,7.1,6.15,6.3,0.0,1460,11668,27.01,95.15,329.4709,50.3,325,Neutral
2023-04-01,Clove,Kegalle,2199.67,2206.92,0,7.15,6.2,6.1,0.0,1460,5871,28.27,134.72,321.4244,35.3,310,Neutral
2023-05-01,Clove,Kegalle,2339.6,2190.19,0,7.2,6.25,5.8,0.0,876,0,28.01,189.54,310.1639,25.2,310,Neutral
2023-06-01,Clove,Kegalle,2558.0,2273.47,0,7.2,6.25,5.5,0.0,350,3342,28.19,74.32,301.2612,12.0,308,Neutral
2023-07-01,Clove,Kegalle,2893.0,2493.34,0,7.25,6.3,5.3,0.0,117,14419,27.94,47.41,319.2903,6.3,306,Neutral
2023-08-01,Clove,Kegalle,2941.5,2685.22,0,7.25,6.3,5.1,0.0,117,15519,28.48,55.7,321.5764,4.0,341,Neutral
2023-09-01,Clove,Kegalle,2924.5,2678.97,0,7.2,6.25,5.0,0.0,88,22814,27.73,236.09,322.7693,1.3,351,Neutral
2023-10-01,Clove,Kegalle,2726.4,2741.53,0,7.15,6.2,4.9,0.0,88,34250,27.03,469.81,324.7303,1.5,356,Neutral
2023-11-01,Clove,Kegalle,2916.0,2777.75,0,7.2,6.3,5.0,1475.0,58,28911,26.85,455.51,328.25,3.4,329,Neutral
2023-12-01,Clove,Kegalle,3057.75,2838.46,1,7.25,6.4,5.2,2655.0,58,17431,26.68,459.58,326.7423,4.0,358,Neutral
2024-01-01,Clove,Kegalle,3259.8,2958.86,1,8.0,8.2,7.5,1770.0,159,7935,25.99,235.9,321.1706,6.4,363,Neutral
2024-02-01,Clove,Kegalle,3516.25,3226.11,1,8.2,8.4,7.8,0.0,159,8951,26.66,22.05,312.5801,5.9,363,Neutral
2024-03-01,Clove,Kegalle,3683.0,3403.5,0,8.5,8.7,8.0,0.0,127,9100,27.49,33.44,305.665,0.9,363,Neutral
2024-04-01,Clove,Kegalle,3553.0,3410.18,0,8.8,9.0,8.2,0.0,106,4585,29.42,74.5,299.4232,1.5,333,Neutral
2024-05-01,Clove,Kegalle,3599.75,3390.09,0,9.0,9.2,8.5,0.0,85,0,29.04,206.28,299.6923,0.9,317,Neutral
2024-06-01,Clove,Kegalle,3199.75,3210.44,0,9.1,9.3,8.6,0.0,85,2608,28.29,65.28,303.8121,1.7,317,Neutral
2024-07-01,Clove,Kegalle,2641.5,2749.67,0,9.2,9.4,8.7,0.0,63,11274,28.37,48.99,303.7559,2.4,317,Neutral
2024-08-01,Clove,Kegalle,2499.75,2511.34,0,9.3,9.5,8.8,0.0,63,12137,27.99,129.56,300.6683,0.5,307,Neutral
2024-09-01,Clove,Kegalle,2541.5,2489.88,0,9.4,9.6,8.9,0.0,53,17839,28.35,54.81,301.1505,-0.5,283,Neutral
2024-10-01,Clove,Kegalle,2574.75,2490.36,0,9.5,9.7,9.0,0.0,53,26782,27.5,196.51,293.7851,-0.8,283,Neutral
2024-11-01,Clove,Kegalle,2632.75,2511.93,0,9.55,9.75,9.05,1700.0,53,22602,26.99,398.77,292.0092,-2.1,286,Neutral
2024-12-01,Clove,Kegalle,2486.4,2499.74,1,9.6,9.8,9.1,3060.0,53,13626,26.47,159.13,291.6805,-1.7,286,Neutral
2025-01-01,Clove,Kegalle,2399.67,2432.7,1,9.65,9.85,9.15,2040.0,298,10774,25.59,241.85,296.1796,-4.0,286,Neutral
2025-02-01,Clove,Kegalle,2324.75,2338.51,1,9.7,9.9,9.2,0.0,893,12151,26.03,79.51,296.8034,-3.9,286,Neutral
2025-03-01,Clove,Kegalle,2299.75,2309.02,0,9.75,9.95,9.25,0.0,1488,12352,27.17,171.93,295.909,-1.9,286,Neutral
2025-04-01,Clove,Kegalle,2266.25,2346.18,0,9.8,10.0,9.3,0.0,1488,6224,27.94,226.62,298.5312,-0.8,286,Neutral
2025-05-01,Clove,Kegalle,2274.5,2324.9,0,9.85,10.05,9.35,0.0,893,0,28.2,166.88,299.4142,0.6,274,Neutral
2025-06-01,Clove,Kegalle,2216.5,2205.11,0,9.9,10.1,9.4,0.0,357,3540,27.79,57.82,299.9014,0.3,274,Neutral
2025-07-01,Clove,Kegalle,2059.8,2199.63,0,9.95,10.15,9.45,0.0,119,15308,27.72,35.02,301.1217,0.7,289,Neutral
2025-08-01,Clove,Kegalle,2116.5,2197.0,0,10.0,10.2,9.5,0.0,119,16476,27.54,58.37,301.4891,1.5,289,Neutral
2025-09-01,Clove,Kegalle,2066.2,2177.0,0,10.05,10.25,9.55,0.0,89,24213,27.58,137.1,302.1955,1.5,283,Neutral
2025-10-01,Clove,Kegalle,2191.25,2206.11,0,10.1,10.3,9.6,0.0,89,36350,27.2,273.23,302.9987,1.9,277,Neutral
2020-01-01,Stem,Kegalle,89.0,82.35,1,3.9,4.5,4.9,2013.2,156,10724,25.96,45.68,181.4036,5.7,104,Neutral
2020-02-01,Stem,Kegalle,92.0,82.72,1,3.85,4.45,4.85,0.0,467,12088,26.19,23.63,181.5628,6.2,104,Neutral
2020-03-01,Stem,Kegalle,102.5,82.27,0,3.8,4.4,4.8,0.0,727,12289,27.61,21.74,185.0567,5.4,104,Neutral
2020-04-01,Stem,Kegalle,101.0,86.95,0,3.7,4.3,4.75,0.0,571,6192,28.87,108.92,193.0854,5.2,104,Neutral
2020-05-01,Stem,Kegalle,89.5,85.75,0,3.65,4.25,4.75,0.0,260,0,28.68,196.94,187.865,4.0,104,Neutral
2020-06-01,Stem,Kegalle,91.8,82.52,0,3.6,4.2,4.7,0.0,130,3522,28.17,91.65,185.9545,3.9,104,Neutral
2020-07-01,Stem,Kegalle,84.0,81.22,0,3.65,4.25,4.8,0.0,52,15224,27.34,117.14,185.8487,4.2,104,Neutral
2020-08-01,Stem,Kegalle,83.0,82.8,0,3.7,4.3,4.85,0.0,52,16389,27.67,66.31,184.8939,4.1,104,Neutral
2020-09-01,Stem,Kegalle,81.25,83.25,0,3.7,4.35,4.9,0.0,39,24089,27.18,180.47,185.0317,4.0,104,Neutral
2020-10-01,Stem,Kegalle,84.5,88.68,0,3.75,4.4,4.95,0.0,39,36211,27.46,83.98,184.4379,4.0,104,Neutral
2020-11-01,Stem,Kegalle,75.75,84.21,0,3.8,4.45,5.0,1426.5,52,30523,26.84,317.73,184.4379,4.1,104,Neutral
2020-12-01,Stem,Kegalle,88.6,84.33,1,3.85,4.5,5.05,2567.7,52,18439,25.98,358.93,187.1822,4.2,104,Neutral
2021-01-01,Stem,Kegalle,93.25,82.97,1,4.2,4.8,6.0,1711.8,324,10128,25.61,268.48,190.4918,3.0,104,Neutral
2021-02-01,Stem,Kegalle,97.67,84.82,1,4.3,4.9,6.2,0.0,972,11400,25.75,49.15,194.0665,3.0,104,Neutral
2021-03-01,Stem,Kegalle,97.4,89.05,0,4.45,5.05,6.5,0.0,1620,11595,26.69,106.3,196.9825,4.1,104,Neutral
2021-04-01,Stem,Kegalle,94.0,91.71,0,4.6,5.2,6.8,0.0,1620,5839,27.96,113.87,197.423,3.9,104,Neutral
2021-05-01,Stem,Kegalle,90.0,90.3,0,4.75,5.35,7.1,0.0,972,0,28.04,206.22,199.5847,4.5,111,Neutral
2021-06-01,Stem,Kegalle,115.0,117.67,0,4.9,5.5,7.4,0.0,389,3321,27.71,101.55,199.8161,5.2,111,Neutral
2021-07-01,Stem,Kegalle,100.0,110.27,0,5.1,5.7,7.8,0.0,130,14357,27.55,122.53,199.9778,5.7,111,Neutral
2021-08-01,Stem,Kegalle,106.67,113.9,0,5.0,5.65,7.7,0.0,130,15453,27.3,105.46,200.4965,6.0,111,Neutral
2021-09-01,Stem,Kegalle,137.08,120.27,0,5.05,5.75,7.9,0.0,97,22716,27.48,147.68,201.9858,5.7,111,Neutral
2021-10-01,Stem,Kegalle,167.5,126.63,0,5.15,5.85,8.1,0.0,97,34103,27.01,333.6,201.0899,7.6,111,Neutral
2021-11-01,Stem,Kegalle,152.5,132.08,0,5.2,5.9,8.2,1430.5,65,28786,26.33,511.31,201.8582,9.9,111,Neutral
2021-12-01,Stem,Kegalle,195.0,145.0,1,5.25,6.0,8.3,2574.9,65,17361,26.09,135.18,201.399,12.1,121,Neutral
2022-01-01,Stem,Kegalle,153.75,140.57,1,5.8,5.7,9.0,1716.6,140,10224,25.83,116.96,201.4647,14.2,121,Neutral
2022-02-01,Stem,Kegalle,183.0,159.68,1,5.9,5.8,9.2,0.0,419,11529,25.77,144.37,201.7362,15.1,176,Neutral
2022-03-01,Stem,Kegalle,233.25,190.43,0,6.0,5.9,9.4,0.0,651,11726,27.12,73.2,255.8081,18.7,176,Neutral
2022-04-01,Stem,Kegalle,283.33,244.0,0,6.1,6.0,9.5,0.0,512,5901,27.71,297.63,319.4404,29.8,289,Neutral
2022-05-01,Stem,Kegalle,331.5,303.68,0,6.15,6.05,9.6,0.0,233,0,27.89,139.23,358.939,39.1,289,Neutral
2022-06-01,Stem,Kegalle,263.67,277.43,0,5.9,5.8,9.2,0.0,116,3358,27.37,70.76,360.2428,54.6,430,Neutral
2022-07-01,Stem,Kegalle,276.0,297.0,0,6.0,5.9,9.3,0.0,47,14489,27.28,128.65,360.8724,60.8,430,Neutral
2022-08-01,Stem,Kegalle,273.75,303.57,0,6.05,5.95,9.4,0.0,47,15596,26.94,140.71,360.9983,64.3,430,Neutral
2022-09-01,Stem,Kegalle,252.5,286.82,0,6.1,6.0,9.5,0.0,35,22927,27.15,66.45,362.3826,69.8,415,Neutral
2022-10-01,Stem,Kegalle,261.67,269.19,0,6.2,6.1,9.65,0.0,35,34420,26.89,282.23,363.1484,66.0,430,Neutral
2022-11-01,Stem,Kegalle,269.2,267.09,0,6.25,6.15,9.75,1474.8,47,29054,26.03,266.7,363.394,66.0,420,Neutral
2022-12-01,Stem,Kegalle,279.0,258.29,1,6.3,6.2,9.8,2654.6,47,17487,25.64,299.07,363.1652,57.2,420,Neutral
2023-01-01,Stem,Kegalle,312.6,305.43,1,6.9,6.0,6.0,1769.7,292,10174,24.9,117.48,362.4228,51.7,405,Neutral
2023-02-01,Stem,Kegalle,437.5,377.18,1,7.0,6.1,6.2,0.0,876,11472,25.42,149.15,361.9766,50.6,405,Neutral
2023-03-01,Stem,Kegalle,373.75,331.71,0,7.1,6.15,6.3,0.0,1460,11668,27.01,95.15,329.4709,50.3,325,Neutral
2023-04-01,Stem,Kegalle,348.0,313.19,0,7.15,6.2,6.1,0.0,1460,5871,28.27,134.72,321.4244,35.3,310,Neutral
2023-05-01,Stem,Kegalle,334.8,321.03,0,7.2,6.25,5.8,0.0,876,0,28.01,189.54,310.1639,25.2,310,Neutral
2023-06-01,Stem,Kegalle,356.0,314.25,0,7.2,6.25,5.5,0.0,350,3342,28.19,74.32,301.2612,12.0,308,Neutral
2023-07-01,Stem,Kegalle,383.2,339.14,0,7.25,6.3,5.3,0.0,117,14419,27.94,47.41,319.2903,6.3,306,Neutral
2023-08-01,Stem,Kegalle,372.5,370.53,0,7.25,6.3,5.1,0.0,117,15519,28.48,55.7,321.5764,4.0,341,Neutral
2023-09-01,Stem,Kegalle,366.25,367.82,0,7.2,6.25,5.0,0.0,88,22814,27.73,236.09,322.7693,1.3,351,Neutral
2023-10-01,Stem,Kegalle,389.8,376.94,0,7.15,6.2,4.9,0.0,88,34250,27.03,469.81,324.7303,1.5,356,Neutral
2023-11-01,Stem,Kegalle,366.25,368.32,0,7.2,6.3,5.0,1475.0,58,28911,26.85,455.51,328.25,3.4,329,Neutral
2023-12-01,Stem,Kegalle,366.5,385.61,1,7.25,6.4,5.2,2655.0,58,17431,26.68,459.58,326.7423,4.0,358,Neutral
2024-01-01,Stem,Kegalle,374.8,388.63,1,8.0,8.2,7.5,1770.0,159,7935,25.99,235.9,321.1706,6.4,363,Neutral
2024-02-01,Stem,Kegalle,374.75,402.86,1,8.2,8.4,7.8,0.0,159,8951,26.66,22.05,312.5801,5.9,363,Neutral
2024-03-01,Stem,Kegalle,375.0,402.32,0,8.5,8.7,8.0,0.0,127,9100,27.49,33.44,305.665,0.9,363,Neutral
2024-04-01,Stem,Kegalle,393.2,432.57,0,8.8,9.0,8.2,0.0,106,4585,29.42,74.5,299.4232,1.5,333,Neutral
2024-05-01,Stem,Kegalle,352.0,419.89,0,9.0,9.2,8.5,0.0,85,0,29.04,206.28,299.6923,0.9,317,Neutral
2024-06-01,Stem,Kegalle,341.5,419.54,0,9.1,9.3,8.6,0.0,85,2608,28.29,65.28,303.8121,1.7,317,Neutral
2024-07-01,Stem,Kegalle,374.75,384.29,0,9.2,9.4,8.7,0.0,63,11274,28.37,48.99,303.7559,2.4,317,Neutral
2024-08-01,Stem,Kegalle,314.75,387.79,0,9.3,9.5,8.8,0.0,63,12137,27.99,129.56,300.6683,0.5,307,Neutral
2024-09-01,Stem,Kegalle,299.75,380.21,0,9.4,9.6,8.9,0.0,53,17839,28.35,54.81,301.1505,-0.5,283,Neutral
2024-10-01,Stem,Kegalle,314.5,377.97,0,9.5,9.7,9.0,0.0,53,26782,27.5,196.51,293.7851,-0.8,283,Neutral
2024-11-01,Stem,Kegalle,324.75,364.32,0,9.55,9.75,9.05,1700.0,53,22602,26.99,398.77,292.0092,-2.1,286,Neutral
2024-12-01,Stem,Kegalle,299.0,362.02,1,9.6,9.8,9.1,3060.0,53,13626,26.47,159.13,291.6805,-1.7,286,Neutral
2025-01-01,Stem,Kegalle,288.67,352.35,1,9.65,9.85,9.15,2040.0,298,10774,25.59,241.85,296.1796,-4.0,286,Neutral
2025-02-01,Stem,Kegalle,310.5,350.79,1,9.7,9.9,9.2,0.0,893,12151,26.03,79.51,296.8034,-3.9,286,Neutral
2025-03-01,Stem,Kegalle,316.5,339.44,0,9.75,9.95,9.25,0.0,1488,12352,27.17,171.93,295.909,-1.9,286,Neutral
2025-04-01,Stem,Kegalle,326.75,329.47,0,9.8,10.0,9.3,0.0,1488,6224,27.94,226.62,298.5312,-0.8,286,Neutral
2025-05-01,Stem,Kegalle,312.25,327.52,0,9.85,10.05,9.35,0.0,893,0,28.2,166.88,299.4142,0.6,274,Neutral
2025-06-01,Stem,Kegalle,320.5,315.82,0,9.9,10.1,9.4,0.0,357,3540,27.79,57.82,299.9014,0.3,274,Neutral
2025-07-01,Stem,Kegalle,303.0,310.73,0,9.95,10.15,9.45,0.0,119,15308,27.72,35.02,301.1217,0.7,289,Neutral
2025-08-01,Stem,Kegalle,299.75,297.07,0,10.0,10.2,9.5,0.0,119,16476,27.54,58.37,301.4891,1.5,289,Neutral
2025-09-01,Stem,Kegalle,286.6,300.55,0,10.05,10.25,9.55,0.0,89,24213,27.58,137.1,302.1955,1.5,283,Neutral
2025-10-01,Stem,Kegalle,283.0,312.86,0,10.1,10.3,9.6,0.0,89,36350,27.2,273.23,302.9987,1.9,277,Neutral
2020-01-01,Clove,Kurunegala,936.75,942.22,1,3.9,4.5,4.9,2013.2,156,10724,25.96,45.68,181.4036,5.7,104,Neutral
2020-02-01,Clove,Kurunegala,912.5,946.73,1,3.85,4.45,4.85,0.0,467,12088,26.19,23.63,181.5628,6.2,104,Neutral
2020-03-01,Clove,Kurunegala,858.5,898.65,0,3.8,4.4,4.8,0.0,727,12289,27.61,21.74,185.0567,5.4,104,Neutral
2020-04-01,Clove,Kurunegala,875.0,829.24,0,3.7,4.3,4.75,0.0,571,6192,28.87,108.92,193.0854,5.2,104,Neutral
2020-05-01,Clove,Kurunegala,854.25,843.36,0,3.65,4.25,4.75,0.0,260,0,28.68,196.94,187.865,4.0,104,Neutral
2020-06-01,Clove,Kurunegala,834.6,834.59,0,3.6,4.2,4.7,0.0,130,3522,28.17,91.65,185.9545,3.9,104,Neutral
2020-07-01,Clove,Kurunegala,837.5,845.52,0,3.65,4.25,4.8,0.0,52,15224,27.34,117.14,185.8487,4.2,104,Neutral
2020-08-01,Clove,Kurunegala,830.2,874.26,0,3.7,4.3,4.85,0.0,52,16389,27.67,66.31,184.8939,4.1,104,Neutral
2020-09-01,Clove,Kurunegala,853.25,875.16,0,3.7,4.35,4.9,0.0,39,24089,27.18,180.47,185.0317,4.0,104,Neutral
2020-10-01,Clove,Kurunegala,845.0,856.56,0,3.75,4.4,4.95,0.0,39,36211,27.46,83.98,184.4379,4.0,104,Neutral
2020-11-01,Clove,Kurunegala,811.33,836.01,0,3.8,4.45,5.0,1426.5,52,30523,26.84,317.73,184.4379,4.1,104,Neutral
2020-12-01,Clove,Kurunegala,816.8,813.3,1,3.85,4.5,5.05,2567.7,52,18439,25.98,358.93,187.1822,4.2,104,Neutral
2021-01-01,Clove,Kurunegala,795.75,787.1,1,4.2,4.8,6.0,1711.8,324,10128,25.61,268.48,190.4918,3.0,104,Neutral
2021-02-01,Clove,Kurunegala,797.0,794.91,1,4.3,4.9,6.2,0.0,972,11400,25.75,49.15,194.0665,3.0,104,Neutral
2021-03-01,Clove,Kurunegala,922.4,892.96,0,4.45,5.05,6.5,0.0,1620,11595,26.69,106.3,196.9825,4.1,104,Neutral
2021-04-01,Clove,Kurunegala,952.33,958.49,0,4.6,5.2,6.8,0.0,1620,5839,27.96,113.87,197.423,3.9,104,Neutral
2021-05-01,Clove,Kurunegala,938.67,957.13,0,4.75,5.35,7.1,0.0,972,0,28.04,206.22,199.5847,4.5,111,Neutral
2021-06-01,Clove,Kurunegala,1119.33,1273.15,0,4.9,5.5,7.4,0.0,389,3321,27.71,101.55,199.8161,5.2,111,Neutral
2021-07-01,Clove,Kurunegala,1300.0,1266.36,0,5.1,5.7,7.8,0.0,130,14357,27.55,122.53,199.9778,5.7,111,Neutral
2021-08-01,Clove,Kurunegala,1344.0,1271.54,0,5.0,5.65,7.7,0.0,130,15453,27.3,105.46,200.4965,6.0,111,Neutral
2021-09-01,Clove,Kurunegala,1326.25,1288.55,0,5.05,5.75,7.9,0.0,97,22716,27.48,147.68,201.9858,5.7,111,Neutral
2021-10-01,Clove,Kurunegala,1308.5,1305.55,0,5.15,5.85,8.1,0.0,97,34103,27.01,333.6,201.0899,7.6,111,Neutral
2021-11-01,Clove,Kurunegala,1300.25,1362.5,0,5.2,5.9,8.2,1430.5,65,28786,26.33,511.31,201.8582,9.9,111,Neutral
2021-12-01,Clove,Kurunegala,1512.25,1461.61,1,5.25,6.0,8.3,2574.9,65,17361,26.09,135.18,201.399,12.1,121,Neutral
2022-01-01,Clove,Kurunegala,1558.25,1557.73,1,5.8,5.7,9.0,1716.6,140,10224,25.83,116.96,201.4647,14.2,121,Neutral
2022-02-01,Clove,Kurunegala,1750.0,1671.57,1,5.9,5.8,9.2,0.0,419,11529,25.77,144.37,201.7362,15.1,176,Neutral
2022-03-01,Clove,Kurunegala,1850.0,1803.05,0,6.0,5.9,9.4,0.0,651,11726,27.12,73.2,255.8081,18.7,176,Neutral
2022-04-01,Clove,Kurunegala,2055.67,2067.73,0,6.1,6.0,9.5,0.0,512,5901,27.71,297.63,319.4404,29.8,289,Neutral
2022-05-01,Clove,Kurunegala,2616.5,2432.97,0,6.15,6.05,9.6,0.0,233,0,27.89,139.23,358.939,39.1,289,Neutral
2022-06-01,Clove,Kurunegala,2622.33,2423.98,0,5.9,5.8,9.2,0.0,116,3358,27.37,70.76,360.2428,54.6,430,Neutral
2022-07-01,Clove,Kurunegala,2833.25,2476.32,0,6.0,5.9,9.3,0.0,47,14489,27.28,128.65,360.8724,60.8,430,Neutral
2022-08-01,Clove,Kurunegala,2800.0,2564.11,0,6.05,5.95,9.4,0.0,47,15596,26.94,140.71,360.9983,64.3,430,Neutral
2022-09-01,Clove,Kurunegala,2700.0,2519.22,0,6.1,6.0,9.5,0.0,35,22927,27.15,66.45,362.3826,69.8,415,Neutral
2022-10-01,Clove,Kurunegala,2722.33,2387.41,0,6.2,6.1,9.65,0.0,35,34420,26.89,282.23,363.1484,66.0,430,Neutral
2022-11-01,Clove,Kurunegala,2193.2,2199.31,0,6.25,6.15,9.75,1474.8,47,29054,26.03,266.7,363.394,66.0,420,Neutral
2022-12-01,Clove,Kurunegala,2133.25,2118.36,1,6.3,6.2,9.8,2654.6,47,17487,25.64,299.07,363.1652,57.2,420,Neutral
2023-01-01,Clove,Kurunegala,2686.8,2278.09,1,6.9,6.0,6.0,1769.7,292,10174,24.9,117.48,362.4228,51.7,405,Neutral
2023-02-01,Clove,Kurunegala,2624.75,2438.13,1,7.0,6.1,6.2,0.0,876,11472,25.42,149.15,361.9766,50.6,405,Neutral
2023-03-01,Clove,Kurunegala,2317.0,2206.47,0,7.1,6.15,6.3,0.0,1460,11668,27.01,95.15,329.4709,50.3,325,Neutral
2023-04-01,Clove,Kurunegala,2178.0,2206.92,0,7.15,6.2,6.1,0.0,1460,5871,28.27,134.72,321.4244,35.3,310,Neutral
2023-05-01,Clove,Kurunegala,2293.2,2190.19,0,7.2,6.25,5.8,0.0,876,0,28.01,189.54,310.1639,25.2,310,Neutral
2023-06-01,Clove,Kurunegala,2266.5,2273.47,0,7.2,6.25,5.5,0.0,350,3342,28.19,74.32,301.2612,12.0,308,Neutral
2023-07-01,Clove,Kurunegala,2433.2,2493.34,0,7.25,6.3,5.3,0.0,117,14419,27.94,47.41,319.2903,6.3,306,Neutral
2023-08-01,Clove,Kurunegala,2816.75,2685.22,0,7.25,6.3,5.1,0.0,117,15519,28.48,55.7,321.5764,4.0,341,Neutral
2023-09-01,Clove,Kurunegala,2874.75,2678.97,0,7.2,6.25,5.0,0.0,88,22814,27.73,236.09,322.7693,1.3,351,Neutral
2023-10-01,Clove,Kurunegala,2895.4,2741.53,0,7.15,6.2,4.9,0.0,88,34250,27.03,469.81,324.7303,1.5,356,Neutral
2023-11-01,Clove,Kurunegala,2878.75,2777.75,0,7.2,6.3,5.0,1475.0,58,28911,26.85,455.51,328.25,3.4,329,Neutral
2023-12-01,Clove,Kurunegala,2920.75,2838.46,1,7.25,6.4,5.2,2655.0,58,17431,26.68,459.58,326.7423,4.0,358,Neutral
2024-01-01,Clove,Kurunegala,3020.2,2958.86,1,8.0,8.2,7.5,1770.0,159,7935,25.99,235.9,321.1706,6.4,363,Neutral
2024-02-01,Clove,Kurunegala,3359.0,3226.11,1,8.2,8.4,7.8,0.0,159,8951,26.66,22.05,312.5801,5.9,363,Neutral
2024-03-01,Clove,Kurunegala,3499.75,3403.5,0,8.5,8.7,8.0,0.0,127,9100,27.49,33.44,305.665,0.9,363,Neutral
2024-04-01,Clove,Kurunegala,3513.4,3410.18,0,8.8,9.0,8.2,0.0,106,4585,29.42,74.5,299.4232,1.5,333,Neutral
2024-05-01,Clove,Kurunegala,3483.0,3390.09,0,9.0,9.2,8.5,0.0,85,0,29.04,206.28,299.6923,0.9,317,Neutral
2024-06-01,Clove,Kurunegala,3408.5,3210.44,0,9.1,9.3,8.6,0.0,85,2608,28.29,65.28,303.8121,1.7,317,Neutral
2024-07-01,Clove,Kurunegala,3225.25,2749.67,0,9.2,9.4,8.7,0.0,63,11274,28.37,48.99,303.7559,2.4,317,Neutral
2024-08-01,Clove,Kurunegala,2867.0,2511.34,0,9.3,9.5,8.8,0.0,63,12137,27.99,129.56,300.6683,0.5,307,Neutral
2024-09-01,Clove,Kurunegala,2775.25,2489.88,0,9.4,9.6,8.9,0.0,53,17839,28.35,54.81,301.1505,-0.5,283,Neutral
2024-10-01,Clove,Kurunegala,2842.0,2490.36,0,9.5,9.7,9.0,0.0,53,26782,27.5,196.51,293.7851,-0.8,283,Neutral
2024-11-01,Clove,Kurunegala,2867.0,2511.93,0,9.55,9.75,9.05,1700.0,53,22602,26.99,398.77,292.0092,-2.1,286,Neutral
2024-12-01,Clove,Kurunegala,2760.2,2499.74,1,9.6,9.8,9.1,3060.0,53,13626,26.47,159.13,291.6805,-1.7,286,Neutral
2025-01-01,Clove,Kurunegala,2425.25,2432.7,1,9.65,9.85,9.15,2040.0,298,10774,25.59,241.85,296.1796,-4.0,286,Neutral
2025-02-01,Clove,Kurunegala,2333.5,2338.51,1,9.7,9.9,9.2,0.0,893,12151,26.03,79.51,296.8034,-3.9,286,Neutral
2025-03-01,Clove,Kurunegala,2366.75,2309.02,0,9.75,9.95,9.25,0.0,1488,12352,27.17,171.93,295.909,-1.9,286,Neutral
2025-04-01,Clove,Kurunegala,2412.75,2346.18,0,9.8,10.0,9.3,0.0,1488,6224,27.94,226.62,298.5312,-0.8,286,Neutral
2025-05-01,Clove,Kurunegala,2361.33,2324.9,0,9.85,10.05,9.35,0.0,893,0,28.2,166.88,299.4142,0.6,274,Neutral
2025-06-01,Clove,Kurunegala,2250.0,2205.11,0,9.9,10.1,9.4,0.0,357,3540,27.79,57.82,299.9014,0.3,274,Neutral
2025-07-01,Clove,Kurunegala,2246.4,2199.63,0,9.95,10.15,9.45,0.0,119,15308,27.72,35.02,301.1217,0.7,289,Neutral
2025-08-01,Clove,Kurunegala,2233.0,2197.0,0,10.0,10.2,9.5,0.0,119,16476,27.54,58.37,301.4891,1.5,289,Neutral
2025-09-01,Clove,Kurunegala,2220.0,2177.0,0,10.05,10.25,9.55,0.0,89,24213,27.58,137.1,302.1955,1.5,283,Neutral
2025-10-01,Clove,Kurunegala,2283.25,2206.11,0,10.1,10.3,9.6,0.0,89,36350,27.2,273.23,302.9987,1.9,277,Neutral
2020-01-01,Stem,Kurunegala,69.5,82.35,1,3.9,4.5,4.9,2013.2,156,10724,25.96,45.68,181.4036,5.7,104,Neutral
2020-02-01,Stem,Kurunegala,63.5,82.72,1,3.85,4.45,4.85,0.0,467,12088,26.19,23.63,181.5628,6.2,104,Neutral
2020-03-01,Stem,Kurunegala,67.0,82.27,0,3.8,4.4,4.8,0.0,727,12289,27.61,21.74,185.0567,5.4,104,Neutral
2020-04-01,Stem,Kurunegala,67.0,86.95,0,3.7,4.3,4.75,0.0,571,6192,28.87,108.92,193.0854,5.2,104,Neutral
2020-05-01,Stem,Kurunegala,67.0,85.75,0,3.65,4.25,4.75,0.0,260,0,28.68,196.94,187.865,4.0,104,Neutral
2020-06-01,Stem,Kurunegala,65.4,82.52,0,3.6,4.2,4.7,0.0,130,3522,28.17,91.65,185.9545,3.9,104,Neutral
2020-07-01,Stem,Kurunegala,65.0,81.22,0,3.65,4.25,4.8,0.0,52,15224,27.34,117.14,185.8487,4.2,104,Neutral
2020-08-01,Stem,Kurunegala,64.0,82.8,0,3.7,4.3,4.85,0.0,52,16389,27.67,66.31,184.8939,4.1,104,Neutral
2020-09-01,Stem,Kurunegala,67.0,83.25,0,3.7,4.35,4.9,0.0,39,24089,27.18,180.47,185.0317,4.0,104,Neutral
2020-10-01,Stem,Kurunegala,67.0,88.68,0,3.75,4.4,4.95,0.0,39,36211,27.46,83.98,184.4379,4.0,104,Neutral
2020-11-01,Stem,Kurunegala,65.67,84.21,0,3.8,4.45,5.0,1426.5,52,30523,26.84,317.73,184.4379,4.1,104,Neutral
2020-12-01,Stem,Kurunegala,64.6,84.33,1,3.85,4.5,5.05,2567.7,52,18439,25.98,358.93,187.1822,4.2,104,Neutral
2021-01-01,Stem,Kurunegala,64.0,82.97,1,4.2,4.8,6.0,1711.8,324,10128,25.61,268.48,190.4918,3.0,104,Neutral
2021-02-01,Stem,Kurunegala,63.0,84.82,1,4.3,4.9,6.2,0.0,972,11400,25.75,49.15,194.0665,3.0,104,Neutral
2021-03-01,Stem,Kurunegala,66.8,89.05,0,4.45,5.05,6.5,0.0,1620,11595,26.69,106.3,196.9825,4.1,104,Neutral
2021-04-01,Stem,Kurunegala,67.0,91.71,0,4.6,5.2,6.8,0.0,1620,5839,27.96,113.87,197.423,3.9,104,Neutral
2021-05-01,Stem,Kurunegala,67.0,90.3,0,4.75,5.35,7.1,0.0,972,0,28.04,206.22,199.5847,4.5,111,Neutral
2021-06-01,Stem,Kurunegala,70.17,117.67,0,4.9,5.5,7.4,0.0,389,3321,27.71,101.55,199.8161,5.2,111,Neutral
2021-07-01,Stem,Kurunegala,73.33,110.27,0,5.1,5.7,7.8,0.0,130,14357,27.55,122.53,199.9778,5.7,111,Neutral
2021-08-01,Stem,Kurunegala,73.33,113.9,0,5.0,5.65,7.7,0.0,130,15453,27.3,105.46,200.4965,6.0,111,Neutral
2021-09-01,Stem,Kurunegala,71.67,120.27,0,5.05,5.75,7.9,0.0,97,22716,27.48,147.68,201.9858,5.7,111,Neutral
2021-10-01,Stem,Kurunegala,70.0,126.63,0,5.15,5.85,8.1,0.0,97,34103,27.01,333.6,201.0899,7.6,111,Neutral
2021-11-01,Stem,Kurunegala,79.25,132.08,0,5.2,5.9,8.2,1430.5,65,28786,26.33,511.31,201.8582,9.9,111,Neutral
2021-12-01,Stem,Kurunegala,92.5,145.0,1,5.25,6.0,8.3,2574.9,65,17361,26.09,135.18,201.399,12.1,121,Neutral
2022-01-01,Stem,Kurunegala,89.0,140.57,1,5.8,5.7,9.0,1716.6,140,10224,25.83,116.96,201.4647,14.2,121,Neutral
2022-02-01,Stem,Kurunegala,124.6,159.68,1,5.9,5.8,9.2,0.0,419,11529,25.77,144.37,201.7362,15.1,176,Neutral
2022-03-01,Stem,Kurunegala,141.5,190.43,0,6.0,5.9,9.4,0.0,651,11726,27.12,73.2,255.8081,18.7,176,Neutral
2022-04-01,Stem,Kurunegala,270.0,244.0,0,6.1,6.0,9.5,0.0,512,5901,27.71,297.63,319.4404,29.8,289,Neutral
2022-05-01,Stem,Kurunegala,382.5,303.68,0,6.15,6.05,9.6,0.0,233,0,27.89,139.23,358.939,39.1,289,Neutral
2022-06-01,Stem,Kurunegala,316.67,277.43,0,5.9,5.8,9.2,0.0,116,3358,27.37,70.76,360.2428,54.6,430,Neutral
2022-07-01,Stem,Kurunegala,400.0,297.0,0,6.0,5.9,9.3,0.0,47,14489,27.28,128.65,360.8724,60.8,430,Neutral
2022-08-01,Stem,Kurunegala,400.0,303.57,0,6.05,5.95,9.4,0.0,47,15596,26.94,140.71,360.9983,64.3,430,Neutral
2022-09-01,Stem,Kurunegala,275.0,286.82,0,6.1,6.0,9.5,0.0,35,22927,27.15,66.45,362.3826,69.8,415,Neutral
2022-10-01,Stem,Kurunegala,250.0,269.19,0,6.2,6.1,9.65,0.0,35,34420,26.89,282.23,363.1484,66.0,430,Neutral
2022-11-01,Stem,Kurunegala,280.0,267.09,0,6.25,6.15,9.75,1474.8,47,29054,26.03,266.7,363.394,66.0,420,Neutral
2022-12-01,Stem,Kurunegala,317.5,258.29,1,6.3,6.2,9.8,2654.6,47,17487,25.64,299.07,363.1652,57.2,420,Neutral
2023-01-01,Stem,Kurunegala,400.0,305.43,1,6.9,6.0,6.0,1769.7,292,10174,24.9,117.48,362.4228,51.7,405,Neutral
2023-02-01,Stem,Kurunegala,381.0,377.18,1,7.0,6.1,6.2,0.0,876,11472,25.42,149.15,361.9766,50.6,405,Neutral
2023-03-01,Stem,Kurunegala,299.75,331.71,0,7.1,6.15,6.3,0.0,1460,11668,27.01,95.15,329.4709,50.3,325,Neutral
2023-04-01,Stem,Kurunegala,225.33,313.19,0,7.15,6.2,6.1,0.0,1460,5871,28.27,134.72,321.4244,35.3,310,Neutral
2023-05-01,Stem,Kurunegala,270.6,321.03,0,7.2,6.25,5.8,0.0,876,0,28.01,189.54,310.1639,25.2,310,Neutral
2023-06-01,Stem,Kurunegala,251.75,314.25,0,7.2,6.25,5.5,0.0,350,3342,28.19,74.32,301.2612,12.0,308,Neutral
2023-07-01,Stem,Kurunegala,290.0,339.14,0,7.25,6.3,5.3,0.0,117,14419,27.94,47.41,319.2903,6.3,306,Neutral
2023-08-01,Stem,Kurunegala,357.5,370.53,0,7.25,6.3,5.1,0.0,117,15519,28.48,55.7,321.5764,4.0,341,Neutral
2023-09-01,Stem,Kurunegala,427.5,367.82,0,7.2,6.25,5.0,0.0,88,22814,27.73,236.09,322.7693,1.3,351,Neutral
2023-10-01,Stem,Kurunegala,446.0,376.94,0,7.15,6.2,4.9,0.0,88,34250,27.03,469.81,324.7303,1.5,356,Neutral
2023-11-01,Stem,Kurunegala,405.0,368.32,0,7.2,6.3,5.0,1475.0,58,28911,26.85,455.51,328.25,3.4,329,Neutral
2023-12-01,Stem,Kurunegala,406.25,385.61,1,7.25,6.4,5.2,2655.0,58,17431,26.68,459.58,326.7423,4.0,358,Neutral
2024-01-01,Stem,Kurunegala,400.0,388.63,1,8.0,8.2,7.5,1770.0,159,7935,25.99,235.9,321.1706,6.4,363,Neutral
2024-02-01,Stem,Kurunegala,350.0,402.86,1,8.2,8.4,7.8,0.0,159,8951,26.66,22.05,312.5801,5.9,363,Neutral
2024-03-01,Stem,Kurunegala,357.5,402.32,0,8.5,8.7,8.0,0.0,127,9100,27.49,33.44,305.665,0.9,363,Neutral
2024-04-01,Stem,Kurunegala,530.0,432.57,0,8.8,9.0,8.2,0.0,106,4585,29.42,74.5,299.4232,1.5,333,Neutral
2024-05-01,Stem,Kurunegala,537.5,419.89,0,9.0,9.2,8.5,0.0,85,0,29.04,206.28,299.6923,0.9,317,Neutral
2024-06-01,Stem,Kurunegala,512.5,419.54,0,9.1,9.3,8.6,0.0,85,2608,28.29,65.28,303.8121,1.7,317,Neutral
2024-07-01,Stem,Kurunegala,500.0,384.29,0,9.2,9.4,8.7,0.0,63,11274,28.37,48.99,303.7559,2.4,317,Neutral
2024-08-01,Stem,Kurunegala,500.0,387.79,0,9.3,9.5,8.8,0.0,63,12137,27.99,129.56,300.6683,0.5,307,Neutral
2024-09-01,Stem,Kurunegala,500.0,380.21,0,9.4,9.6,8.9,0.0,53,17839,28.35,54.81,301.1505,-0.5,283,Neutral
2024-10-01,Stem,Kurunegala,500.0,377.97,0,9.5,9.7,9.0,0.0,53,26782,27.5,196.51,293.7851,-0.8,283,Neutral
2024-11-01,Stem,Kurunegala,500.0,364.32,0,9.55,9.75,9.05,1700.0,53,22602,26.99,398.77,292.0092,-2.1,286,Neutral
2024-12-01,Stem,Kurunegala,500.0,362.02,1,9.6,9.8,9.1,3060.0,53,13626,26.47,159.13,291.6805,-1.7,286,Neutral
2025-01-01,Stem,Kurunegala,500.0,352.35,1,9.65,9.85,9.15,2040.0,298,10774,25.59,241.85,296.1796,-4.0,286,Neutral
2025-02-01,Stem,Kurunegala,500.0,350.79,1,9.7,9.9,9.2,0.0,893,12151,26.03,79.51,296.8034,-3.9,286,Neutral
2025-03-01,Stem,Kurunegala,400.0,339.44,0,9.75,9.95,9.25,0.0,1488,12352,27.17,171.93,295.909,-1.9,286,Neutral
2025-04-01,Stem,Kurunegala,350.0,329.47,0,9.8,10.0,9.3,0.0,1488,6224,27.94,226.62,298.5312,-0.8,286,Neutral
2025-05-01,Stem,Kurunegala,350.0,327.52,0,9.85,10.05,9.35,0.0,893,0,28.2,166.88,299.4142,0.6,274,Neutral
2025-06-01,Stem,Kurunegala,287.5,315.82,0,9.9,10.1,9.4,0.0,357,3540,27.79,57.82,299.9014,0.3,274,Neutral
2025-07-01,Stem,Kurunegala,300.0,310.73,0,9.95,10.15,9.45,0.0,119,15308,27.72,35.02,301.1217,0.7,289,Neutral
2025-08-01,Stem,Kurunegala,300.0,297.07,0,10.0,10.2,9.5,0.0,119,16476,27.54,58.37,301.4891,1.5,289,Neutral
2025-09-01,Stem,Kurunegala,260.0,300.55,0,10.05,10.25,9.55,0.0,89,24213,27.58,137.1,302.1955,1.5,283,Neutral
2025-10-01,Stem,Kurunegala,332.5,312.86,0,10.1,10.3,9.6,0.0,89,36350,27.2,273.23,302.9987,1.9,277,Neutral
2020-01-01,Clove,Matale,1008.25,942.22,1,3.9,4.5,4.9,2013.2,156,10724,25.96,45.68,181.4036,5.7,104,Neutral
2020-02-01,Clove,Matale,961.25,946.73,1,3.85,4.45,4.85,0.0,467,12088,26.19,23.63,181.5628,6.2,104,Neutral
2020-03-01,Clove,Matale,915.0,898.65,0,3.8,4.4,4.8,0.0,727,12289,27.61,21.74,185.0567,5.4,104,Neutral
2020-04-01,Clove,Matale,722.5,829.24,0,3.7,4.3,4.75,0.0,571,6192,28.87,108.92,193.0854,5.2,104,Neutral
2020-05-01,Clove,Matale,784.75,843.36,0,3.65,4.25,4.75,0.0,260,0,28.68,196.94,187.865,4.0,104,Neutral
2020-06-01,Clove,Matale,782.8,834.59,0,3.6,4.2,4.7,0.0,130,3522,28.17,91.65,185.9545,3.9,104,Neutral
2020-07-01,Clove,Matale,828.75,845.52,0,3.65,4.25,4.8,0.0,52,15224,27.34,117.14,185.8487,4.2,104,Neutral
2020-08-01,Clove,Matale,901.6,874.26,0,3.7,4.3,4.85,0.0,52,16389,27.67,66.31,184.8939,4.1,104,Neutral
2020-09-01,Clove,Matale,894.75,875.16,0,3.7,4.35,4.9,0.0,39,24089,27.18,180.47,185.0317,4.0,104,Neutral
2020-10-01,Clove,Matale,843.0,856.56,0,3.75,4.4,4.95,0.0,39,36211,27.46,83.98,184.4379,4.0,104,Neutral
2020-11-01,Clove,Matale,806.0,836.01,0,3.8,4.45,5.0,1426.5,52,30523,26.84,317.73,184.4379,4.1,104,Neutral
2020-12-01,Clove,Matale,819.0,813.3,1,3.85,4.5,5.05,2567.7,52,18439,25.98,358.93,187.1822,4.2,104,Neutral
2021-01-01,Clove,Matale,814.75,787.1,1,4.2,4.8,6.0,1711.8,324,10128,25.61,268.48,190.4918,3.0,104,Neutral
2021-02-01,Clove,Matale,847.5,794.91,1,4.3,4.9,6.2,0.0,972,11400,25.75,49.15,194.0665,3.0,104,Neutral
2021-03-01,Clove,Matale,1010.6,892.96,0,4.45,5.05,6.5,0.0,1620,11595,26.69,106.3,196.9825,4.1,104,Neutral
2021-04-01,Clove,Matale,1061.33,958.49,0,4.6,5.2,6.8,0.0,1620,5839,27.96,113.87,197.423,3.9,104,Neutral
2021-05-01,Clove,Matale,1264.67,957.13,0,4.75,5.35,7.1,0.0,972,0,28.04,206.22,199.5847,4.5,111,Neutral
2021-06-01,Clove,Matale,1468.0,1273.15,0,4.9,5.5,7.4,0.0,389,3321,27.71,101.55,199.8161,5.2,111,Neutral
2021-07-01,Clove,Matale,1430.0,1266.36,0,5.1,5.7,7.8,0.0,130,14357,27.55,122.53,199.9778,5.7,111,Neutral
2021-08-01,Clove,Matale,1401.67,1271.54,0,5.0,5.65,7.7,0.0,130,15453,27.3,105.46,200.4965,6.0,111,Neutral
2021-09-01,Clove,Matale,1434.67,1288.55,0,5.05,5.75,7.9,0.0,97,22716,27.48,147.68,201.9858,5.7,111,Neutral
2021-10-01,Clove,Matale,1467.67,1305.55,0,5.15,5.85,8.1,0.0,97,34103,27.01,333.6,201.0899,7.6,111,Neutral
2021-11-01,Clove,Matale,1565.0,1362.5,0,5.2,5.9,8.2,1430.5,65,28786,26.33,511.31,201.8582,9.9,111,Neutral
2021-12-01,Clove,Matale,1666.5,1461.61,1,5.25,6.0,8.3,2574.9,65,17361,26.09,135.18,201.399,12.1,121,Neutral
2022-01-01,Clove,Matale,1805.0,1557.73,1,5.8,5.7,9.0,1716.6,140,10224,25.83,116.96,201.4647,14.2,121,Neutral
2022-02-01,Clove,Matale,1907.2,1671.57,1,5.9,5.8,9.2,0.0,419,11529,25.77,144.37,201.7362,15.1,176,Neutral
2022-03-01,Clove,Matale,2028.25,1803.05,0,6.0,5.9,9.4,0.0,651,11726,27.12,73.2,255.8081,18.7,176,Neutral
2022-04-01,Clove,Matale,2608.33,2067.73,0,6.1,6.0,9.5,0.0,512,5901,27.71,297.63,319.4404,29.8,289,Neutral
2022-05-01,Clove,Matale,2925.25,2432.97,0,6.15,6.05,9.6,0.0,233,0,27.89,139.23,358.939,39.1,289,Neutral
2022-06-01,Clove,Matale,2839.33,2423.98,0,5.9,5.8,9.2,0.0,116,3358,27.37,70.76,360.2428,54.6,430,Neutral
2022-07-01,Clove,Matale,2910.75,2476.32,0,6.0,5.9,9.3,0.0,47,14489,27.28,128.65,360.8724,60.8,430,Neutral
2022-08-01,Clove,Matale,3038.5,2564.11,0,6.05,5.95,9.4,0.0,47,15596,26.94,140.71,360.9983,64.3,430,Neutral
2022-09-01,Clove,Matale,2931.25,2519.22,0,6.1,6.0,9.5,0.0,35,22927,27.15,66.45,362.3826,69.8,415,Neutral
2022-10-01,Clove,Matale,2604.0,2387.41,0,6.2,6.1,9.65,0.0,35,34420,26.89,282.23,363.1484,66.0,430,Neutral
2022-11-01,Clove,Matale,2355.6,2199.31,0,6.25,6.15,9.75,1474.8,47,29054,26.03,266.7,363.394,66.0,420,Neutral
2022-12-01,Clove,Matale,2335.25,2118.36,1,6.3,6.2,9.8,2654.6,47,17487,25.64,299.07,363.1652,57.2,420,Neutral
2023-01-01,Clove,Matale,2571.6,2278.09,1,6.9,6.0,6.0,1769.7,292,10174,24.9,117.48,362.4228,51.7,405,Neutral
2023-02-01,Clove,Matale,2833.5,2438.13,1,7.0,6.1,6.2,0.0,876,11472,25.42,149.15,361.9766,50.6,405,Neutral
2023-03-01,Clove,Matale,2449.75,2206.47,0,7.1,6.15,6.3,0.0,1460,11668,27.01,95.15,329.4709,50.3,325,Neutral
2023-04-01,Clove,Matale,2514.33,2206.92,0,7.15,6.2,6.1,0.0,1460,5871,28.27,134.72,321.4244,35.3,310,Neutral
2023-05-01,Clove,Matale,2474.6,2190.19,0,7.2,6.25,5.8,0.0,876,0,28.01,189.54,310.1639,25.2,310,Neutral
2023-06-01,Clove,Matale,2463.5,2273.47,0,7.2,6.25,5.5,0.0,350,3342,28.19,74.32,301.2612,12.0,308,Neutral
2023-07-01,Clove,Matale,2988.4,2493.34,0,7.25,6.3,5.3,0.0,117,14419,27.94,47.41,319.2903,6.3,306,Neutral
2023-08-01,Clove,Matale,2951.25,2685.22,0,7.25,6.3,5.1,0.0,117,15519,28.48,55.7,321.5764,4.0,341,Neutral
2023-09-01,Clove,Matale,2978.5,2678.97,0,7.2,6.25,5.0,0.0,88,22814,27.73,236.09,322.7693,1.3,351,Neutral
2023-10-01,Clove,Matale,2961.4,2741.53,0,7.15,6.2,4.9,0.0,88,34250,27.03,469.81,324.7303,1.5,356,Neutral
2023-11-01,Clove,Matale,2988.25,2777.75,0,7.2,6.3,5.0,1475.0,58,28911,26.85,455.51,328.25,3.4,329,Neutral
2023-12-01,Clove,Matale,3105.75,2838.46,1,7.25,6.4,5.2,2655.0,58,17431,26.68,459.58,326.7423,4.0,358,Neutral
2024-01-01,Clove,Matale,3360.4,2958.86,1,8.0,8.2,7.5,1770.0,159,7935,25.99,235.9,321.1706,6.4,363,Neutral
2024-02-01,Clove,Matale,3696.75,3226.11,1,8.2,8.4,7.8,0.0,159,8951,26.66,22.05,312.5801,5.9,363,Neutral
2024-03-01,Clove,Matale,3821.0,3403.5,0,8.5,8.7,8.0,0.0,127,9100,27.49,33.44,305.665,0.9,363,Neutral
2024-04-01,Clove,Matale,3814.2,3410.18,0,8.8,9.0,8.2,0.0,106,4585,29.42,74.5,299.4232,1.5,333,Neutral
2024-05-01,Clove,Matale,3651.25,3390.09,0,9.0,9.2,8.5,0.0,85,0,29.04,206.28,299.6923,0.9,317,Neutral
2024-06-01,Clove,Matale,3023.25,3210.44,0,9.1,9.3,8.6,0.0,85,2608,28.29,65.28,303.8121,1.7,317,Neutral
2024-07-01,Clove,Matale,2675.0,2749.67,0,9.2,9.4,8.7,0.0,63,11274,28.37,48.99,303.7559,2.4,317,Neutral
2024-08-01,Clove,Matale,2522.75,2511.34,0,9.3,9.5,8.8,0.0,63,12137,27.99,129.56,300.6683,0.5,307,Neutral
2024-09-01,Clove,Matale,2439.5,2489.88,0,9.4,9.6,8.9,0.0,53,17839,28.35,54.81,301.1505,-0.5,283,Neutral
2024-10-01,Clove,Matale,2402.5,2490.36,0,9.5,9.7,9.0,0.0,53,26782,27.5,196.51,293.7851,-0.8,283,Neutral
2024-11-01,Clove,Matale,2407.5,2511.93,0,9.55,9.75,9.05,1700.0,53,22602,26.99,398.77,292.0092,-2.1,286,Neutral
2024-12-01,Clove,Matale,2574.0,2499.74,1,9.6,9.8,9.1,3060.0,53,13626,26.47,159.13,291.6805,-1.7,286,Neutral
2025-01-01,Clove,Matale,2536.75,2432.7,1,9.65,9.85,9.15,2040.0,298,10774,25.59,241.85,296.1796,-4.0,286,Neutral
2025-02-01,Clove,Matale,2463.0,2338.51,1,9.7,9.9,9.2,0.0,893,12151,26.03,79.51,296.8034,-3.9,286,Neutral
2025-03-01,Clove,Matale,2447.75,2309.02,0,9.75,9.95,9.25,0.0,1488,12352,27.17,171.93,295.909,-1.9,286,Neutral
2025-04-01,Clove,Matale,2454.5,2346.18,0,9.8,10.0,9.3,0.0,1488,6224,27.94,226.62,298.5312,-0.8,286,Neutral
2025-05-01,Clove,Matale,2431.0,2324.9,0,9.85,10.05,9.35,0.0,893,0,28.2,166.88,299.4142,0.6,274,Neutral
2025-06-01,Clove,Matale,2285.25,2205.11,0,9.9,10.1,9.4,0.0,357,3540,27.79,57.82,299.9014,0.3,274,Neutral
2025-07-01,Clove,Matale,2312.6,2199.63,0,9.95,10.15,9.45,0.0,119,15308,27.72,35.02,301.1217,0.7,289,Neutral
2025-08-01,Clove,Matale,2186.25,2197.0,0,10.0,10.2,9.5,0.0,119,16476,27.54,58.37,301.4891,1.5,289,Neutral
2025-09-01,Clove,Matale,2190.2,2177.0,0,10.05,10.25,9.55,0.0,89,24213,27.58,137.1,302.1955,1.5,283,Neutral
2025-10-01,Clove,Matale,2185.5,2206.11,0,10.1,10.3,9.6,0.0,89,36350,27.2,273.23,302.9987,1.9,277,Neutral
2020-01-01,Stem,Matale,94.5,82.35,1,3.9,4.5,4.9,2013.2,156,10724,25.96,45.68,181.4036,5.7,104,Neutral
2020-02-01,Stem,Matale,82.75,82.72,1,3.85,4.45,4.85,0.0,467,12088,26.19,23.63,181.5628,6.2,104,Neutral
2020-03-01,Stem,Matale,65.0,82.27,0,3.8,4.4,4.8,0.0,727,12289,27.61,21.74,185.0567,5.4,104,Neutral
2020-04-01,Stem,Matale,80.5,86.95,0,3.7,4.3,4.75,0.0,571,6192,28.87,108.92,193.0854,5.2,104,Neutral
2020-05-01,Stem,Matale,84.0,85.75,0,3.65,4.25,4.75,0.0,260,0,28.68,196.94,187.865,4.0,104,Neutral
2020-06-01,Stem,Matale,81.4,82.52,0,3.6,4.2,4.7,0.0,130,3522,28.17,91.65,185.9545,3.9,104,Neutral
2020-07-01,Stem,Matale,81.75,81.22,0,3.65,4.25,4.8,0.0,52,15224,27.34,117.14,185.8487,4.2,104,Neutral
2020-08-01,Stem,Matale,88.2,82.8,0,3.7,4.3,4.85,0.0,52,16389,27.67,66.31,184.8939,4.1,104,Neutral
2020-09-01,Stem,Matale,94.0,83.25,0,3.7,4.35,4.9,0.0,39,24089,27.18,180.47,185.0317,4.0,104,Neutral
2020-10-01,Stem,Matale,98.25,88.68,0,3.75,4.4,4.95,0.0,39,36211,27.46,83.98,184.4379,4.0,104,Neutral
2020-11-01,Stem,Matale,91.25,84.21,0,3.8,4.45,5.0,1426.5,52,30523,26.84,317.73,184.4379,4.1,104,Neutral
2020-12-01,Stem,Matale,89.6,84.33,1,3.85,4.5,5.05,2567.7,52,18439,25.98,358.93,187.1822,4.2,104,Neutral
2021-01-01,Stem,Matale,89.75,82.97,1,4.2,4.8,6.0,1711.8,324,10128,25.61,268.48,190.4918,3.0,104,Neutral
2021-02-01,Stem,Matale,90.0,84.82,1,4.3,4.9,6.2,0.0,972,11400,25.75,49.15,194.0665,3.0,104,Neutral
2021-03-01,Stem,Matale,95.8,89.05,0,4.45,5.05,6.5,0.0,1620,11595,26.69,106.3,196.9825,4.1,104,Neutral
2021-04-01,Stem,Matale,97.33,91.71,0,4.6,5.2,6.8,0.0,1620,5839,27.96,113.87,197.423,3.9,104,Neutral
2021-05-01,Stem,Matale,104.92,90.3,0,4.75,5.35,7.1,0.0,972,0,28.04,206.22,199.5847,4.5,111,Neutral
2021-06-01,Stem,Matale,112.5,117.67,0,4.9,5.5,7.4,0.0,389,3321,27.71,101.55,199.8161,5.2,111,Neutral
2021-07-01,Stem,Matale,127.0,110.27,0,5.1,5.7,7.8,0.0,130,14357,27.55,122.53,199.9778,5.7,111,Neutral
2021-08-01,Stem,Matale,137.0,113.9,0,5.0,5.65,7.7,0.0,130,15453,27.3,105.46,200.4965,6.0,111,Neutral
2021-09-01,Stem,Matale,142.33,120.27,0,5.05,5.75,7.9,0.0,97,22716,27.48,147.68,201.9858,5.7,111,Neutral
2021-10-01,Stem,Matale,147.67,126.63,0,5.15,5.85,8.1,0.0,97,34103,27.01,333.6,201.0899,7.6,111,Neutral
2021-11-01,Stem,Matale,171.25,132.08,0,5.2,5.9,8.2,1430.5,65,28786,26.33,511.31,201.8582,9.9,111,Neutral
2021-12-01,Stem,Matale,182.0,145.0,1,5.25,6.0,8.3,2574.9,65,17361,26.09,135.18,201.399,12.1,121,Neutral
2022-01-01,Stem,Matale,158.25,140.57,1,5.8,5.7,9.0,1716.6,140,10224,25.83,116.96,201.4647,14.2,121,Neutral
2022-02-01,Stem,Matale,194.0,159.68,1,5.9,5.8,9.2,0.0,419,11529,25.77,144.37,201.7362,15.1,176,Neutral
2022-03-01,Stem,Matale,228.25,190.43,0,6.0,5.9,9.4,0.0,651,11726,27.12,73.2,255.8081,18.7,176,Neutral
2022-04-01,Stem,Matale,346.33,244.0,0,6.1,6.0,9.5,0.0,512,5901,27.71,297.63,319.4404,29.8,289,Neutral
2022-05-01,Stem,Matale,431.5,303.68,0,6.15,6.05,9.6,0.0,233,0,27.89,139.23,358.939,39.1,289,Neutral
2022-06-01,Stem,Matale,391.33,277.43,0,5.9,5.8,9.2,0.0,116,3358,27.37,70.76,360.2428,54.6,430,Neutral
2022-07-01,Stem,Matale,442.25,297.0,0,6.0,5.9,9.3,0.0,47,14489,27.28,128.65,360.8724,60.8,430,Neutral
2022-08-01,Stem,Matale,466.0,303.57,0,6.05,5.95,9.4,0.0,47,15596,26.94,140.71,360.9983,64.3,430,Neutral
2022-09-01,Stem,Matale,443.0,286.82,0,6.1,6.0,9.5,0.0,35,22927,27.15,66.45,362.3826,69.8,415,Neutral
2022-10-01,Stem,Matale,428.67,269.19,0,6.2,6.1,9.65,0.0,35,34420,26.89,282.23,363.1484,66.0,430,Neutral
2022-11-01,Stem,Matale,385.8,267.09,0,6.25,6.15,9.75,1474.8,47,29054,26.03,266.7,363.394,66.0,420,Neutral
2022-12-01,Stem,Matale,346.0,258.29,1,6.3,6.2,9.8,2654.6,47,17487,25.64,299.07,363.1652,57.2,420,Neutral
2023-01-01,Stem,Matale,371.2,305.43,1,6.9,6.0,6.0,1769.7,292,10174,24.9,117.48,362.4228,51.7,405,Neutral
2023-02-01,Stem,Matale,424.75,377.18,1,7.0,6.1,6.2,0.0,876,11472,25.42,149.15,361.9766,50.6,405,Neutral
2023-03-01,Stem,Matale,379.0,331.71,0,7.1,6.15,6.3,0.0,1460,11668,27.01,95.15,329.4709,50.3,325,Neutral
2023-04-01,Stem,Matale,373.0,313.19,0,7.15,6.2,6.1,0.0,1460,5871,28.27,134.72,321.4244,35.3,310,Neutral
2023-05-01,Stem,Matale,394.0,321.03,0,7.2,6.25,5.8,0.0,876,0,28.01,189.54,310.1639,25.2,310,Neutral
2023-06-01,Stem,Matale,372.0,314.25,0,7.2,6.25,5.5,0.0,350,3342,28.19,74.32,301.2612,12.0,308,Neutral
2023-07-01,Stem,Matale,399.2,339.14,0,7.25,6.3,5.3,0.0,117,14419,27.94,47.41,319.2903,6.3,306,Neutral
2023-08-01,Stem,Matale,457.5,370.53,0,7.25,6.3,5.1,0.0,117,15519,28.48,55.7,321.5764,4.0,341,Neutral
2023-09-01,Stem,Matale,405.5,367.82,0,7.2,6.25,5.0,0.0,88,22814,27.73,236.09,322.7693,1.3,351,Neutral
2023-10-01,Stem,Matale,408.6,376.94,0,7.15,6.2,4.9,0.0,88,34250,27.03,469.81,324.7303,1.5,356,Neutral
2023-11-01,Stem,Matale,400.5,368.32,0,7.2,6.3,5.0,1475.0,58,28911,26.85,455.51,328.25,3.4,329,Neutral
2023-12-01,Stem,Matale,443.75,385.61,1,7.25,6.4,5.2,2655.0,58,17431,26.68,459.58,326.7423,4.0,358,Neutral
2024-01-01,Stem,Matale,443.4,388.63,1,8.0,8.2,7.5,1770.0,159,7935,25.99,235.9,321.1706,6.4,363,Neutral
2024-02-01,Stem,Matale,476.25,402.86,1,8.2,8.4,7.8,0.0,159,8951,26.66,22.05,312.5801,5.9,363,Neutral
2024-03-01,Stem,Matale,498.25,402.32,0,8.5,8.7,8.0,0.0,127,9100,27.49,33.44,305.665,0.9,363,Neutral
2024-04-01,Stem,Matale,472.4,432.57,0,8.8,9.0,8.2,0.0,106,4585,29.42,74.5,299.4232,1.5,333,Neutral
2024-05-01,Stem,Matale,411.75,419.89,0,9.0,9.2,8.5,0.0,85,0,29.04,206.28,299.6923,0.9,317,Neutral
2024-06-01,Stem,Matale,429.75,419.54,0,9.1,9.3,8.6,0.0,85,2608,28.29,65.28,303.8121,1.7,317,Neutral
2024-07-01,Stem,Matale,427.75,384.29,0,9.2,9.4,8.7,0.0,63,11274,28.37,48.99,303.7559,2.4,317,Neutral
2024-08-01,Stem,Matale,444.0,387.79,0,9.3,9.5,8.8,0.0,63,12137,27.99,129.56,300.6683,0.5,307,Neutral
2024-09-01,Stem,Matale,431.25,380.21,0,9.4,9.6,8.9,0.0,53,17839,28.35,54.81,301.1505,-0.5,283,Neutral
2024-10-01,Stem,Matale,394.75,377.97,0,9.5,9.7,9.0,0.0,53,26782,27.5,196.51,293.7851,-0.8,283,Neutral
2024-11-01,Stem,Matale,396.75,364.32,0,9.55,9.75,9.05,1700.0,53,22602,26.99,398.77,292.0092,-2.1,286,Neutral
2024-12-01,Stem,Matale,394.2,362.02,1,9.6,9.8,9.1,3060.0,53,13626,26.47,159.13,291.6805,-1.7,286,Neutral
2025-01-01,Stem,Matale,393.0,352.35,1,9.65,9.85,9.15,2040.0,298,10774,25.59,241.85,296.1796,-4.0,286,Neutral
2025-02-01,Stem,Matale,401.0,350.79,1,9.7,9.9,9.2,0.0,893,12151,26.03,79.51,296.8034,-3.9,286,Neutral
2025-03-01,Stem,Matale,419.25,339.44,0,9.75,9.95,9.25,0.0,1488,12352,27.17,171.93,295.909,-1.9,286,Neutral
2025-04-01,Stem,Matale,363.5,329.47,0,9.8,10.0,9.3,0.0,1488,6224,27.94,226.62,298.5312,-0.8,286,Neutral
2025-05-01,Stem,Matale,360.0,327.52,0,9.85,10.05,9.35,0.0,893,0,28.2,166.88,299.4142,0.6,274,Neutral
2025-06-01,Stem,Matale,363.75,315.82,0,9.9,10.1,9.4,0.0,357,3540,27.79,57.82,299.9014,0.3,274,Neutral
2025-07-01,Stem,Matale,336.8,310.73,0,9.95,10.15,9.45,0.0,119,15308,27.72,35.02,301.1217,0.7,289,Neutral
2025-08-01,Stem,Matale,303.5,297.07,0,10.0,10.2,9.5,0.0,119,16476,27.54,58.37,301.4891,1.5,289,Neutral
2025-09-01,Stem,Matale,349.4,300.55,0,10.05,10.25,9.55,0.0,89,24213,27.58,137.1,302.1955,1.5,283,Neutral
2025-10-01,Stem,Matale,390.75,312.86,0,10.1,10.3,9.6,0.0,89,36350,27.2,273.23,302.9987,1.9,277,Neutral
2020-01-01,Clove,Matara,964.25,942.22,1,3.9,4.5,4.9,2013.2,156,10724,25.96,45.68,181.4036,5.7,104,Neutral
2020-02-01,Clove,Matara,966.75,946.73,1,3.85,4.45,4.85,0.0,467,12088,26.19,23.63,181.5628,6.2,104,Neutral
2020-03-01,Clove,Matara,925.5,898.65,0,3.8,4.4,4.8,0.0,727,12289,27.61,21.74,185.0567,5.4,104,Neutral
2020-04-01,Clove,Matara,855.0,829.24,0,3.7,4.3,4.75,0.0,571,6192,28.87,108.92,193.0854,5.2,104,Neutral
2020-05-01,Clove,Matara,847.0,843.36,0,3.65,4.25,4.75,0.0,260,0,28.68,196.94,187.865,4.0,104,Neutral
2020-06-01,Clove,Matara,849.6,834.59,0,3.6,4.2,4.7,0.0,130,3522,28.17,91.65,185.9545,3.9,104,Neutral
2020-07-01,Clove,Matara,855.25,845.52,0,3.65,4.25,4.8,0.0,52,15224,27.34,117.14,185.8487,4.2,104,Neutral
2020-08-01,Clove,Matara,875.8,874.26,0,3.7,4.3,4.85,0.0,52,16389,27.67,66.31,184.8939,4.1,104,Neutral
2020-09-01,Clove,Matara,876.5,875.16,0,3.7,4.35,4.9,0.0,39,24089,27.18,180.47,185.0317,4.0,104,Neutral
2020-10-01,Clove,Matara,884.75,856.56,0,3.75,4.4,4.95,0.0,39,36211,27.46,83.98,184.4379,4.0,104,Neutral
2020-11-01,Clove,Matara,913.25,836.01,0,3.8,4.45,5.0,1426.5,52,30523,26.84,317.73,184.4379,4.1,104,Neutral
2020-12-01,Clove,Matara,789.6,813.3,1,3.85,4.5,5.05,2567.7,52,18439,25.98,358.93,187.1822,4.2,104,Neutral
2021-01-01,Clove,Matara,760.25,787.1,1,4.2,4.8,6.0,1711.8,324,10128,25.61,268.48,190.4918,3.0,104,Neutral
2021-02-01,Clove,Matara,791.0,794.91,1,4.3,4.9,6.2,0.0,972,11400,25.75,49.15,194.0665,3.0,104,Neutral
2021-03-01,Clove,Matara,941.4,892.96,0,4.45,5.05,6.5,0.0,1620,11595,26.69,106.3,196.9825,4.1,104,Neutral
2021-04-01,Clove,Matara,1029.33,958.49,0,4.6,5.2,6.8,0.0,1620,5839,27.96,113.87,197.423,3.9,104,Neutral
2021-05-01,Clove,Matara,1081.67,957.13,0,4.75,5.35,7.1,0.0,972,0,28.04,206.22,199.5847,4.5,111,Neutral
2021-06-01,Clove,Matara,1449.5,1273.15,0,4.9,5.5,7.4,0.0,389,3321,27.71,101.55,199.8161,5.2,111,Neutral
2021-07-01,Clove,Matara,1447.5,1266.36,0,5.1,5.7,7.8,0.0,130,14357,27.55,122.53,199.9778,5.7,111,Neutral
2021-08-01,Clove,Matara,1451.0,1271.54,0,5.0,5.65,7.7,0.0,130,15453,27.3,105.46,200.4965,6.0,111,Neutral
2021-09-01,Clove,Matara,1458.17,1288.55,0,5.05,5.75,7.9,0.0,97,22716,27.48,147.68,201.9858,5.7,111,Neutral
2021-10-01,Clove,Matara,1465.33,1305.55,0,5.15,5.85,8.1,0.0,97,34103,27.01,333.6,201.0899,7.6,111,Neutral
2021-11-01,Clove,Matara,1480.25,1362.5,0,5.2,5.9,8.2,1430.5,65,28786,26.33,511.31,201.8582,9.9,111,Neutral
2021-12-01,Clove,Matara,1565.5,1461.61,1,5.25,6.0,8.3,2574.9,65,17361,26.09,135.18,201.399,12.1,121,Neutral
2022-01-01,Clove,Matara,1669.75,1557.73,1,5.8,5.7,9.0,1716.6,140,10224,25.83,116.96,201.4647,14.2,121,Neutral
2022-02-01,Clove,Matara,1788.2,1671.57,1,5.9,5.8,9.2,0.0,419,11529,25.77,144.37,201.7362,15.1,176,Neutral
2022-03-01,Clove,Matara,1960.25,1803.05,0,6.0,5.9,9.4,0.0,651,11726,27.12,73.2,255.8081,18.7,176,Neutral
2022-04-01,Clove,Matara,2322.67,2067.73,0,6.1,6.0,9.5,0.0,512,5901,27.71,297.63,319.4404,29.8,289,Neutral
2022-05-01,Clove,Matara,2682.0,2432.97,0,6.15,6.05,9.6,0.0,233,0,27.89,139.23,358.939,39.1,289,Neutral
2022-06-01,Clove,Matara,2731.67,2423.98,0,5.9,5.8,9.2,0.0,116,3358,27.37,70.76,360.2428,54.6,430,Neutral
2022-07-01,Clove,Matara,2661.75,2476.32,0,6.0,5.9,9.3,0.0,47,14489,27.28,128.65,360.8724,60.8,430,Neutral
2022-08-01,Clove,Matara,2601.75,2564.11,0,6.05,5.95,9.4,0.0,47,15596,26.94,140.71,360.9983,64.3,430,Neutral
2022-09-01,Clove,Matara,2732.5,2519.22,0,6.1,6.0,9.5,0.0,35,22927,27.15,66.45,362.3826,69.8,415,Neutral
2022-10-01,Clove,Matara,2624.0,2387.41,0,6.2,6.1,9.65,0.0,35,34420,26.89,282.23,363.1484,66.0,430,Neutral
2022-11-01,Clove,Matara,2443.6,2199.31,0,6.25,6.15,9.75,1474.8,47,29054,26.03,266.7,363.394,66.0,420,Neutral
2022-12-01,Clove,Matara,2100.25,2118.36,1,6.3,6.2,9.8,2654.6,47,17487,25.64,299.07,363.1652,57.2,420,Neutral
2023-01-01,Clove,Matara,2395.2,2278.09,1,6.9,6.0,6.0,1769.7,292,10174,24.9,117.48,362.4228,51.7,405,Neutral
2023-02-01,Clove,Matara,2669.5,2438.13,1,7.0,6.1,6.2,0.0,876,11472,25.42,149.15,361.9766,50.6,405,Neutral
2023-03-01,Clove,Matara,2441.0,2206.47,0,7.1,6.15,6.3,0.0,1460,11668,27.01,95.15,329.4709,50.3,325,Neutral
2023-04-01,Clove,Matara,2253.33,2206.92,0,7.15,6.2,6.1,0.0,1460,5871,28.27,134.72,321.4244,35.3,310,Neutral
2023-05-01,Clove,Matara,2140.6,2190.19,0,7.2,6.25,5.8,0.0,876,0,28.01,189.54,310.1639,25.2,310,Neutral
2023-06-01,Clove,Matara,2336.75,2273.47,0,7.2,6.25,5.5,0.0,350,3342,28.19,74.32,301.2612,12.0,308,Neutral
2023-07-01,Clove,Matara,2612.0,2493.34,0,7.25,6.3,5.3,0.0,117,14419,27.94,47.41,319.2903,6.3,306,Neutral
2023-08-01,Clove,Matara,2831.5,2685.22,0,7.25,6.3,5.1,0.0,117,15519,28.48,55.7,321.5764,4.0,341,Neutral
2023-09-01,Clove,Matara,2830.5,2678.97,0,7.2,6.25,5.0,0.0,88,22814,27.73,236.09,322.7693,1.3,351,Neutral
2023-10-01,Clove,Matara,2890.0,2741.53,0,7.15,6.2,4.9,0.0,88,34250,27.03,469.81,324.7303,1.5,356,Neutral
2023-11-01,Clove,Matara,2908.75,2777.75,0,7.2,6.3,5.0,1475.0,58,28911,26.85,455.51,328.25,3.4,329,Neutral
2023-12-01,Clove,Matara,3056.25,2838.46,1,7.25,6.4,5.2,2655.0,58,17431,26.68,459.58,326.7423,4.0,358,Neutral
2024-01-01,Clove,Matara,3106.0,2958.86,1,8.0,8.2,7.5,1770.0,159,7935,25.99,235.9,321.1706,6.4,363,Neutral
2024-02-01,Clove,Matara,3336.0,3226.11,1,8.2,8.4,7.8,0.0,159,8951,26.66,22.05,312.5801,5.9,363,Neutral
2024-03-01,Clove,Matara,3390.75,3403.5,0,8.5,8.7,8.0,0.0,127,9100,27.49,33.44,305.665,0.9,363,Neutral
2024-04-01,Clove,Matara,3397.2,3410.18,0,8.8,9.0,8.2,0.0,106,4585,29.42,74.5,299.4232,1.5,333,Neutral
2024-05-01,Clove,Matara,3469.25,3390.09,0,9.0,9.2,8.5,0.0,85,0,29.04,206.28,299.6923,0.9,317,Neutral
2024-06-01,Clove,Matara,3227.5,3210.44,0,9.1,9.3,8.6,0.0,85,2608,28.29,65.28,303.8121,1.7,317,Neutral
2024-07-01,Clove,Matara,2694.25,2749.67,0,9.2,9.4,8.7,0.0,63,11274,28.37,48.99,303.7559,2.4,317,Neutral
2024-08-01,Clove,Matara,2518.0,2511.34,0,9.3,9.5,8.8,0.0,63,12137,27.99,129.56,300.6683,0.5,307,Neutral
2024-09-01,Clove,Matara,2521.5,2489.88,0,9.4,9.6,8.9,0.0,53,17839,28.35,54.81,301.1505,-0.5,283,Neutral
2024-10-01,Clove,Matara,2510.75,2490.36,0,9.5,9.7,9.0,0.0,53,26782,27.5,196.51,293.7851,-0.8,283,Neutral
2024-11-01,Clove,Matara,2573.0,2511.93,0,9.55,9.75,9.05,1700.0,53,22602,26.99,398.77,292.0092,-2.1,286,Neutral
2024-12-01,Clove,Matara,2570.0,2499.74,1,9.6,9.8,9.1,3060.0,53,13626,26.47,159.13,291.6805,-1.7,286,Neutral
2025-01-01,Clove,Matara,2428.0,2432.7,1,9.65,9.85,9.15,2040.0,298,10774,25.59,241.85,296.1796,-4.0,286,Neutral
2025-02-01,Clove,Matara,2246.5,2338.51,1,9.7,9.9,9.2,0.0,893,12151,26.03,79.51,296.8034,-3.9,286,Neutral
2025-03-01,Clove,Matara,2349.0,2309.02,0,9.75,9.95,9.25,0.0,1488,12352,27.17,171.93,295.909,-1.9,286,Neutral
2025-04-01,Clove,Matara,2390.25,2346.18,0,9.8,10.0,9.3,0.0,1488,6224,27.94,226.62,298.5312,-0.8,286,Neutral
2025-05-01,Clove,Matara,2374.25,2324.9,0,9.85,10.05,9.35,0.0,893,0,28.2,166.88,299.4142,0.6,274,Neutral
2025-06-01,Clove,Matara,2160.5,2205.11,0,9.9,10.1,9.4,0.0,357,3540,27.79,57.82,299.9014,0.3,274,Neutral
2025-07-01,Clove,Matara,2131.8,2199.63,0,9.95,10.15,9.45,0.0,119,15308,27.72,35.02,301.1217,0.7,289,Neutral
2025-08-01,Clove,Matara,2121.0,2197.0,0,10.0,10.2,9.5,0.0,119,16476,27.54,58.37,301.4891,1.5,289,Neutral
2025-09-01,Clove,Matara,2114.2,2177.0,0,10.05,10.25,9.55,0.0,89,24213,27.58,137.1,302.1955,1.5,283,Neutral
2025-10-01,Clove,Matara,2118.25,2206.11,0,10.1,10.3,9.6,0.0,89,36350,27.2,273.23,302.9987,1.9,277,Neutral
2020-01-01,Stem,Matara,80.0,82.35,1,3.9,4.5,4.9,2013.2,156,10724,25.96,45.68,181.4036,5.7,104,Neutral
2020-02-01,Stem,Matara,82.0,82.72,1,3.85,4.45,4.85,0.0,467,12088,26.19,23.63,181.5628,6.2,104,Neutral
2020-03-01,Stem,Matara,87.0,82.27,0,3.8,4.4,4.8,0.0,727,12289,27.61,21.74,185.0567,5.4,104,Neutral
2020-04-01,Stem,Matara,85.5,86.95,0,3.7,4.3,4.75,0.0,571,6192,28.87,108.92,193.0854,5.2,104,Neutral
2020-05-01,Stem,Matara,84.5,85.75,0,3.65,4.25,4.75,0.0,260,0,28.68,196.94,187.865,4.0,104,Neutral
2020-06-01,Stem,Matara,83.0,82.52,0,3.6,4.2,4.7,0.0,130,3522,28.17,91.65,185.9545,3.9,104,Neutral
2020-07-01,Stem,Matara,85.0,81.22,0,3.65,4.25,4.8,0.0,52,15224,27.34,117.14,185.8487,4.2,104,Neutral
2020-08-01,Stem,Matara,83.0,82.8,0,3.7,4.3,4.85,0.0,52,16389,27.67,66.31,184.8939,4.1,104,Neutral
2020-09-01,Stem,Matara,87.0,83.25,0,3.7,4.35,4.9,0.0,39,24089,27.18,180.47,185.0317,4.0,104,Neutral
2020-10-01,Stem,Matara,84.5,88.68,0,3.75,4.4,4.95,0.0,39,36211,27.46,83.98,184.4379,4.0,104,Neutral
2020-11-01,Stem,Matara,80.5,84.21,0,3.8,4.45,5.0,1426.5,52,30523,26.84,317.73,184.4379,4.1,104,Neutral
2020-12-01,Stem,Matara,80.8,84.33,1,3.85,4.5,5.05,2567.7,52,18439,25.98,358.93,187.1822,4.2,104,Neutral
2021-01-01,Stem,Matara,76.0,82.97,1,4.2,4.8,6.0,1711.8,324,10128,25.61,268.48,190.4918,3.0,104,Neutral
2021-02-01,Stem,Matara,78.67,84.82,1,4.3,4.9,6.2,0.0,972,11400,25.75,49.15,194.0665,3.0,104,Neutral
2021-03-01,Stem,Matara,82.4,89.05,0,4.45,5.05,6.5,0.0,1620,11595,26.69,106.3,196.9825,4.1,104,Neutral
2021-04-01,Stem,Matara,84.33,91.71,0,4.6,5.2,6.8,0.0,1620,5839,27.96,113.87,197.423,3.9,104,Neutral
2021-05-01,Stem,Matara,85.33,90.3,0,4.75,5.35,7.1,0.0,972,0,28.04,206.22,199.5847,4.5,111,Neutral
2021-06-01,Stem,Matara,109.0,117.67,0,4.9,5.5,7.4,0.0,389,3321,27.71,101.55,199.8161,5.2,111,Neutral
2021-07-01,Stem,Matara,105.5,110.27,0,5.1,5.7,7.8,0.0,130,14357,27.55,122.53,199.9778,5.7,111,Neutral
2021-08-01,Stem,Matara,109.33,113.9,0,5.0,5.65,7.7,0.0,130,15453,27.3,105.46,200.4965,6.0,111,Neutral
2021-09-01,Stem,Matara,110.67,120.27,0,5.05,5.75,7.9,0.0,97,22716,27.48,147.68,201.9858,5.7,111,Neutral
2021-10-01,Stem,Matara,112.0,126.63,0,5.15,5.85,8.1,0.0,97,34103,27.01,333.6,201.0899,7.6,111,Neutral
2021-11-01,Stem,Matara,112.25,132.08,0,5.2,5.9,8.2,1430.5,65,28786,26.33,511.31,201.8582,9.9,111,Neutral
2021-12-01,Stem,Matara,112.0,145.0,1,5.25,6.0,8.3,2574.9,65,17361,26.09,135.18,201.399,12.1,121,Neutral
2022-01-01,Stem,Matara,114.5,140.57,1,5.8,5.7,9.0,1716.6,140,10224,25.83,116.96,201.4647,14.2,121,Neutral
2022-02-01,Stem,Matara,116.8,159.68,1,5.9,5.8,9.2,0.0,419,11529,25.77,144.37,201.7362,15.1,176,Neutral
2022-03-01,Stem,Matara,128.0,190.43,0,6.0,5.9,9.4,0.0,651,11726,27.12,73.2,255.8081,18.7,176,Neutral
2022-04-01,Stem,Matara,139.67,244.0,0,6.1,6.0,9.5,0.0,512,5901,27.71,297.63,319.4404,29.8,289,Neutral
2022-05-01,Stem,Matara,140.0,303.68,0,6.15,6.05,9.6,0.0,233,0,27.89,139.23,358.939,39.1,289,Neutral
2022-06-01,Stem,Matara,143.33,277.43,0,5.9,5.8,9.2,0.0,116,3358,27.37,70.76,360.2428,54.6,430,Neutral
2022-07-01,Stem,Matara,150.5,297.0,0,6.0,5.9,9.3,0.0,47,14489,27.28,128.65,360.8724,60.8,430,Neutral
2022-08-01,Stem,Matara,148.5,303.57,0,6.05,5.95,9.4,0.0,47,15596,26.94,140.71,360.9983,64.3,430,Neutral
2022-09-01,Stem,Matara,148.5,286.82,0,6.1,6.0,9.5,0.0,35,22927,27.15,66.45,362.3826,69.8,415,Neutral
2022-10-01,Stem,Matara,162.33,269.19,0,6.2,6.1,9.65,0.0,35,34420,26.89,282.23,363.1484,66.0,430,Neutral
2022-11-01,Stem,Matara,159.4,267.09,0,6.25,6.15,9.75,1474.8,47,29054,26.03,266.7,363.394,66.0,420,Neutral
2022-12-01,Stem,Matara,152.25,258.29,1,6.3,6.2,9.8,2654.6,47,17487,25.64,299.07,363.1652,57.2,420,Neutral
2023-01-01,Stem,Matara,173.0,305.43,1,6.9,6.0,6.0,1769.7,292,10174,24.9,117.48,362.4228,51.7,405,Neutral
2023-02-01,Stem,Matara,309.5,377.18,1,7.0,6.1,6.2,0.0,876,11472,25.42,149.15,361.9766,50.6,405,Neutral
2023-03-01,Stem,Matara,338.75,331.71,0,7.1,6.15,6.3,0.0,1460,11668,27.01,95.15,329.4709,50.3,325,Neutral
2023-04-01,Stem,Matara,247.0,313.19,0,7.15,6.2,6.1,0.0,1460,5871,28.27,134.72,321.4244,35.3,310,Neutral
2023-05-01,Stem,Matara,245.0,321.03,0,7.2,6.25,5.8,0.0,876,0,28.01,189.54,310.1639,25.2,310,Neutral
2023-06-01,Stem,Matara,246.75,314.25,0,7.2,6.25,5.5,0.0,350,3342,28.19,74.32,301.2612,12.0,308,Neutral
2023-07-01,Stem,Matara,243.8,339.14,0,7.25,6.3,5.3,0.0,117,14419,27.94,47.41,319.2903,6.3,306,Neutral
2023-08-01,Stem,Matara,257.0,370.53,0,7.25,6.3,5.1,0.0,117,15519,28.48,55.7,321.5764,4.0,341,Neutral
2023-09-01,Stem,Matara,246.5,367.82,0,7.2,6.25,5.0,0.0,88,22814,27.73,236.09,322.7693,1.3,351,Neutral
2023-10-01,Stem,Matara,277.32,376.94,0,7.15,6.2,4.9,0.0,88,34250,27.03,469.81,324.7303,1.5,356,Neutral
2023-11-01,Stem,Matara,257.75,368.32,0,7.2,6.3,5.0,1475.0,58,28911,26.85,455.51,328.25,3.4,329,Neutral
2023-12-01,Stem,Matara,281.25,385.61,1,7.25,6.4,5.2,2655.0,58,17431,26.68,459.58,326.7423,4.0,358,Neutral
2024-01-01,Stem,Matara,299.4,388.63,1,8.0,8.2,7.5,1770.0,159,7935,25.99,235.9,321.1706,6.4,363,Neutral
2024-02-01,Stem,Matara,334.75,402.86,1,8.2,8.4,7.8,0.0,159,8951,26.66,22.05,312.5801,5.9,363,Neutral
2024-03-01,Stem,Matara,316.75,402.32,0,8.5,8.7,8.0,0.0,127,9100,27.49,33.44,305.665,0.9,363,Neutral
2024-04-01,Stem,Matara,340.6,432.57,0,8.8,9.0,8.2,0.0,106,4585,29.42,74.5,299.4232,1.5,333,Neutral
2024-05-01,Stem,Matara,340.5,419.89,0,9.0,9.2,8.5,0.0,85,0,29.04,206.28,299.6923,0.9,317,Neutral
2024-06-01,Stem,Matara,319.5,419.54,0,9.1,9.3,8.6,0.0,85,2608,28.29,65.28,303.8121,1.7,317,Neutral
2024-07-01,Stem,Matara,281.5,384.29,0,9.2,9.4,8.7,0.0,63,11274,28.37,48.99,303.7559,2.4,317,Neutral
2024-08-01,Stem,Matara,300.5,387.79,0,9.3,9.5,8.8,0.0,63,12137,27.99,129.56,300.6683,0.5,283,Neutral
2024-09-01,Stem,Matara,313.75,380.21,0,9.4,9.6,8.9,0.0,53,17839,28.35,54.81,301.1505,-0.5,283,Neutral
2024-10-01,Stem,Matara,287.25,377.97,0,9.5,9.7,9.0,0.0,53,26782,27.5,196.51,293.7851,-0.8,283,Neutral
2024-11-01,Stem,Matara,265.25,364.32,0,9.55,9.75,9.05,1700.0,53,22602,26.99,398.77,292.0092,-2.1,286,Neutral
2024-12-01,Stem,Matara,293.4,362.02,1,9.6,9.8,9.1,3060.0,53,13626,26.47,159.13,291.6805,-1.7,286,Neutral
2025-01-01,Stem,Matara,309.0,352.35,1,9.65,9.85,9.15,2040.0,298,10774,25.59,241.85,296.1796,-4.0,286,Neutral
2025-02-01,Stem,Matara,288.5,350.79,1,9.7,9.9,9.2,0.0,893,12151,26.03,79.51,296.8034,-3.9,286,Neutral
2025-03-01,Stem,Matara,278.0,339.44,0,9.75,9.95,9.25,0.0,1488,12352,27.17,171.93,295.909,-1.9,286,Neutral
2025-04-01,Stem,Matara,281.25,329.47,0,9.8,10.0,9.3,0.0,1488,6224,27.94,226.62,298.5312,-0.8,286,Neutral
2025-05-01,Stem,Matara,293.0,327.52,0,9.85,10.05,9.35,0.0,893,0,28.2,166.88,299.4142,0.6,274,Neutral
2025-06-01,Stem,Matara,287.0,315.82,0,9.9,10.1,9.4,0.0,357,3540,27.79,57.82,299.9014,0.3,274,Neutral
2025-07-01,Stem,Matara,304.8,310.73,0,9.95,10.15,9.45,0.0,119,15308,27.72,35.02,301.1217,0.7,289,Neutral
2025-08-01,Stem,Matara,286.75,297.07,0,10.0,10.2,9.5,0.0,119,16476,27.54,58.37,301.4891,1.5,289,Neutral
2025-09-01,Stem,Matara,296.8,300.55,0,10.05,10.25,9.55,0.0,89,24213,27.58,137.1,302.1955,1.5,283,Neutral
2025-10-01,Stem,Matara,311.25,312.86,0,10.1,10.3,9.6,0.0,89,36350,27.2,273.23,302.9987,1.9,277,Neutral
2020-01-01,Clove,Monaragala,877.0,942.22,1,3.9,4.5,4.9,2013.2,156,10724,25.96,45.68,181.4036,5.7,104,Neutral
2020-02-01,Clove,Monaragala,935.25,946.73,1,3.85,4.45,4.85,0.0,467,12088,26.19,23.63,181.5628,6.2,104,Neutral
2020-03-01,Clove,Monaragala,887.5,898.65,0,3.8,4.4,4.8,0.0,727,12289,27.61,21.74,185.0567,5.4,104,Neutral
2020-04-01,Clove,Monaragala,875.0,829.24,0,3.7,4.3,4.75,0.0,571,6192,28.87,108.92,193.0854,5.2,104,Neutral
2020-05-01,Clove,Monaragala,893.75,843.36,0,3.65,4.25,4.75,0.0,260,0,28.68,196.94,187.865,4.0,104,Neutral
2020-06-01,Clove,Monaragala,850.0,834.59,0,3.6,4.2,4.7,0.0,130,3522,28.17,91.65,185.9545,3.9,104,Neutral
2020-07-01,Clove,Monaragala,856.25,845.52,0,3.65,4.25,4.8,0.0,52,15224,27.34,117.14,185.8487,4.2,104,Neutral
2020-08-01,Clove,Monaragala,855.0,874.26,0,3.7,4.3,4.85,0.0,52,16389,27.67,66.31,184.8939,4.1,104,Neutral
2020-09-01,Clove,Monaragala,906.25,875.16,0,3.7,4.35,4.9,0.0,39,24089,27.18,180.47,185.0317,4.0,104,Neutral
2020-10-01,Clove,Monaragala,875.0,856.56,0,3.75,4.4,4.95,0.0,39,36211,27.46,83.98,184.4379,4.0,104,Neutral
2020-11-01,Clove,Monaragala,856.25,836.01,0,3.8,4.45,5.0,1426.5,52,30523,26.84,317.73,184.4379,4.1,104,Neutral
2020-12-01,Clove,Monaragala,828.75,813.3,1,3.85,4.5,5.05,2567.7,52,18439,25.98,358.93,187.1822,4.2,104,Neutral
2021-01-01,Clove,Monaragala,812.5,787.1,1,4.2,4.8,6.0,1711.8,324,10128,25.61,268.48,190.4918,3.0,104,Neutral
2021-02-01,Clove,Monaragala,813.67,794.91,1,4.3,4.9,6.2,0.0,972,11400,25.75,49.15,194.0665,3.0,104,Neutral
2021-03-01,Clove,Monaragala,888.2,892.96,0,4.45,5.05,6.5,0.0,1620,11595,26.69,106.3,196.9825,4.1,104,Neutral
2021-04-01,Clove,Monaragala,841.67,958.49,0,4.6,5.2,6.8,0.0,1620,5839,27.96,113.87,197.423,3.9,104,Neutral
2021-05-01,Clove,Monaragala,883.33,957.13,0,4.75,5.35,7.1,0.0,972,0,28.04,206.22,199.5847,4.5,111,Neutral
2021-06-01,Clove,Monaragala,1135.0,1273.15,0,4.9,5.5,7.4,0.0,389,3321,27.71,101.55,199.8161,5.2,111,Neutral
2021-07-01,Clove,Monaragala,1050.0,1266.36,0,5.1,5.7,7.8,0.0,130,14357,27.55,122.53,199.9778,5.7,111,Neutral
2021-08-01,Clove,Monaragala,1016.67,1271.54,0,5.0,5.65,7.7,0.0,130,15453,27.3,105.46,200.4965,6.0,111,Neutral
2021-09-01,Clove,Monaragala,1012.5,1288.55,0,5.05,5.75,7.9,0.0,97,22716,27.48,147.68,201.9858,5.7,111,Neutral
2021-10-01,Clove,Monaragala,1008.33,1305.55,0,5.15,5.85,8.1,0.0,97,34103,27.01,333.6,201.0899,7.6,111,Neutral
2021-11-01,Clove,Monaragala,1112.5,1362.5,0,5.2,5.9,8.2,1430.5,65,28786,26.33,511.31,201.8582,9.9,111,Neutral
2021-12-01,Clove,Monaragala,1387.5,1461.61,1,5.25,6.0,8.3,2574.9,65,17361,26.09,135.18,201.399,12.1,121,Neutral
2022-01-01,Clove,Monaragala,1350.0,1557.73,1,5.8,5.7,9.0,1716.6,140,10224,25.83,116.96,201.4647,14.2,121,Neutral
2022-02-01,Clove,Monaragala,1475.0,1671.57,1,5.9,5.8,9.2,0.0,419,11529,25.77,144.37,201.7362,15.1,176,Neutral
2022-03-01,Clove,Monaragala,1650.0,1803.05,0,6.0,5.9,9.4,0.0,651,11726,27.12,73.2,255.8081,18.7,176,Neutral
2022-04-01,Clove,Monaragala,2075.0,2067.73,0,6.1,6.0,9.5,0.0,512,5901,27.71,297.63,319.4404,29.8,289,Neutral
2022-05-01,Clove,Monaragala,2225.0,2432.97,0,6.15,6.05,9.6,0.0,233,0,27.89,139.23,358.939,39.1,289,Neutral
2022-06-01,Clove,Monaragala,2158.33,2423.98,0,5.9,5.8,9.2,0.0,116,3358,27.37,70.76,360.2428,54.6,430,Neutral
2022-07-01,Clove,Monaragala,2350.0,2476.32,0,6.0,5.9,9.3,0.0,47,14489,27.28,128.65,360.8724,60.8,430,Neutral
2022-08-01,Clove,Monaragala,2475.0,2564.11,0,6.05,5.95,9.4,0.0,47,15596,26.94,140.71,360.9983,64.3,430,Neutral
2022-09-01,Clove,Monaragala,2454.0,2519.22,0,6.1,6.0,9.5,0.0,35,22927,27.15,66.45,362.3826,69.8,415,Neutral
2022-10-01,Clove,Monaragala,2311.0,2387.41,0,6.2,6.1,9.65,0.0,35,34420,26.89,282.23,363.1484,66.0,430,Neutral
2022-11-01,Clove,Monaragala,2086.6,2199.31,0,6.25,6.15,9.75,1474.8,47,29054,26.03,266.7,363.394,66.0,420,Neutral
2022-12-01,Clove,Monaragala,2200.0,2118.36,1,6.3,6.2,9.8,2654.6,47,17487,25.64,299.07,363.1652,57.2,420,Neutral
2023-01-01,Clove,Monaragala,2104.0,2278.09,1,6.9,6.0,6.0,1769.7,292,10174,24.9,117.48,362.4228,51.7,405,Neutral
2023-02-01,Clove,Monaragala,2370.5,2438.13,1,7.0,6.1,6.2,0.0,876,11472,25.42,149.15,361.9766,50.6,405,Neutral
2023-03-01,Clove,Monaragala,1895.75,2206.47,0,7.1,6.15,6.3,0.0,1460,11668,27.01,95.15,329.4709,50.3,325,Neutral
2023-04-01,Clove,Monaragala,2144.33,2206.92,0,7.15,6.2,6.1,0.0,1460,5871,28.27,134.72,321.4244,35.3,310,Neutral
2023-05-01,Clove,Monaragala,2009.8,2190.19,0,7.2,6.25,5.8,0.0,876,0,28.01,189.54,310.1639,25.2,310,Neutral
2023-06-01,Clove,Monaragala,2229.0,2273.47,0,7.2,6.25,5.5,0.0,350,3342,28.19,74.32,301.2612,12.0,308,Neutral
2023-07-01,Clove,Monaragala,2252.2,2493.34,0,7.25,6.3,5.3,0.0,117,14419,27.94,47.41,319.2903,6.3,306,Neutral
2023-08-01,Clove,Monaragala,2533.0,2685.22,0,7.25,6.3,5.1,0.0,117,15519,28.48,55.7,321.5764,4.0,341,Neutral
2023-09-01,Clove,Monaragala,2412.5,2678.97,0,7.2,6.25,5.0,0.0,88,22814,27.73,236.09,322.7693,1.3,351,Neutral
2023-10-01,Clove,Monaragala,2279.0,2741.53,0,7.15,6.2,4.9,0.0,88,34250,27.03,469.81,324.7303,1.5,356,Neutral
2023-11-01,Clove,Monaragala,2285.5,2777.75,0,7.2,6.3,5.0,1475.0,58,28911,26.85,455.51,328.25,3.4,329,Neutral
2023-12-01,Clove,Monaragala,2368.5,2838.46,1,7.25,6.4,5.2,2655.0,58,17431,26.68,459.58,326.7423,4.0,358,Neutral
2024-01-01,Clove,Monaragala,2259.6,2958.86,1,8.0,8.2,7.5,1770.0,159,7935,25.99,235.9,321.1706,6.4,363,Neutral
2024-02-01,Clove,Monaragala,2650.0,3226.11,1,8.2,8.4,7.8,0.0,159,8951,26.66,22.05,312.5801,5.9,363,Neutral
2024-03-01,Clove,Monaragala,3133.25,3403.5,0,8.5,8.7,8.0,0.0,127,9100,27.49,33.44,305.665,0.9,363,Neutral
2024-04-01,Clove,Monaragala,2966.6,3410.18,0,8.8,9.0,8.2,0.0,106,4585,29.42,74.5,299.4232,1.5,333,Neutral
2024-05-01,Clove,Monaragala,2666.5,3390.09,0,9.0,9.2,8.5,0.0,85,0,29.04,206.28,299.6923,0.9,317,Neutral
2024-06-01,Clove,Monaragala,2752.0,3210.44,0,9.1,9.3,8.6,0.0,85,2608,28.29,65.28,303.8121,1.7,317,Neutral
2024-07-01,Clove,Monaragala,2466.5,2749.67,0,9.2,9.4,8.7,0.0,63,11274,28.37,48.99,303.7559,2.4,317,Neutral
2024-08-01,Clove,Monaragala,2294.0,2511.34,0,9.3,9.5,8.8,0.0,63,12137,27.99,129.56,300.6683,0.5,307,Neutral
2024-09-01,Clove,Monaragala,2327.25,2489.88,0,9.4,9.6,8.9,0.0,53,17839,28.35,54.81,301.1505,-0.5,283,Neutral
2024-10-01,Clove,Monaragala,2226.75,2490.36,0,9.5,9.7,9.0,0.0,53,26782,27.5,196.51,293.7851,-0.8,283,Neutral
2024-11-01,Clove,Monaragala,2383.0,2511.93,0,9.55,9.75,9.05,1700.0,53,22602,26.99,398.77,292.0092,-2.1,286,Neutral
2024-12-01,Clove,Monaragala,2373.8,2499.74,1,9.6,9.8,9.1,3060.0,53,13626,26.47,159.13,291.6805,-1.7,286,Neutral
2025-01-01,Clove,Monaragala,2551.75,2432.7,1,9.65,9.85,9.15,2040.0,298,10774,25.59,241.85,296.1796,-4.0,286,Neutral
2025-02-01,Clove,Monaragala,2364.5,2338.51,1,9.7,9.9,9.2,0.0,893,12151,26.03,79.51,296.8034,-3.9,286,Neutral
2025-03-01,Clove,Monaragala,2283.0,2309.02,0,9.75,9.95,9.25,0.0,1488,12352,27.17,171.93,295.909,-1.9,286,Neutral
2025-04-01,Clove,Monaragala,2351.5,2346.18,0,9.8,10.0,9.3,0.0,1488,6224,27.94,226.62,298.5312,-0.8,286,Neutral
2025-05-01,Clove,Monaragala,2464.25,2324.9,0,9.85,10.05,9.35,0.0,893,0,28.2,166.88,299.4142,0.6,274,Neutral
2025-06-01,Clove,Monaragala,2185.25,2205.11,0,9.9,10.1,9.4,0.0,357,3540,27.79,57.82,299.9014,0.3,274,Neutral
2025-07-01,Clove,Monaragala,2148.2,2199.63,0,9.95,10.15,9.45,0.0,119,15308,27.72,35.02,301.1217,0.7,289,Neutral
2025-08-01,Clove,Monaragala,2162.5,2197.0,0,10.0,10.2,9.5,0.0,119,16476,27.54,58.37,301.4891,1.5,289,Neutral
2025-09-01,Clove,Monaragala,2153.2,2177.0,0,10.05,10.25,9.55,0.0,89,24213,27.58,137.1,302.1955,1.5,283,Neutral
2025-10-01,Clove,Monaragala,2216.5,2206.11,0,10.1,10.3,9.6,0.0,89,36350,27.2,273.23,302.9987,1.9,277,Neutral
2020-01-01,Clove,Nuwaraeliya,949.5,942.22,1,3.9,4.5,4.9,2013.2,156,10724,25.96,45.68,181.4036,5.7,104,Neutral
2020-02-01,Clove,Nuwaraeliya,938.75,946.73,1,3.85,4.45,4.85,0.0,467,12088,26.19,23.63,181.5628,6.2,104,Neutral
2020-03-01,Clove,Nuwaraeliya,900.0,898.65,0,3.8,4.4,4.8,0.0,727,12289,27.61,21.74,185.0567,5.4,104,Neutral
2020-04-01,Clove,Nuwaraeliya,700.0,829.24,0,3.7,4.3,4.75,0.0,571,6192,28.87,108.92,193.0854,5.2,104,Neutral
2020-05-01,Clove,Nuwaraeliya,784.25,843.36,0,3.65,4.25,4.75,0.0,260,0,28.68,196.94,187.865,4.0,104,Neutral
2020-06-01,Clove,Nuwaraeliya,738.8,834.59,0,3.6,4.2,4.7,0.0,130,3522,28.17,91.65,185.9545,3.9,104,Neutral
2020-07-01,Clove,Nuwaraeliya,801.75,845.52,0,3.65,4.25,4.8,0.0,52,15224,27.34,117.14,185.8487,4.2,104,Neutral
2020-08-01,Clove,Nuwaraeliya,859.4,874.26,0,3.7,4.3,4.85,0.0,52,16389,27.67,66.31,184.8939,4.1,104,Neutral
2020-09-01,Clove,Nuwaraeliya,883.75,875.16,0,3.7,4.35,4.9,0.0,39,24089,27.18,180.47,185.0317,4.0,104,Neutral
2020-10-01,Clove,Nuwaraeliya,800.25,856.56,0,3.75,4.4,4.95,0.0,39,36211,27.46,83.98,184.4379,4.0,104,Neutral
2020-11-01,Clove,Nuwaraeliya,805.5,836.01,0,3.8,4.45,5.0,1426.5,52,30523,26.84,317.73,184.4379,4.1,104,Neutral
2020-12-01,Clove,Nuwaraeliya,810.5,813.3,1,3.85,4.5,5.05,2567.7,52,18439,25.98,358.93,187.1822,4.2,104,Neutral
2021-01-01,Clove,Nuwaraeliya,800.75,787.1,1,4.2,4.8,6.0,1711.8,324,10128,25.61,268.48,190.4918,3.0,104,Neutral
2021-02-01,Clove,Nuwaraeliya,791.25,794.91,1,4.3,4.9,6.2,0.0,972,11400,25.75,49.15,194.0665,3.0,104,Neutral
2021-03-01,Clove,Nuwaraeliya,916.2,892.96,0,4.45,5.05,6.5,0.0,1620,11595,26.69,106.3,196.9825,4.1,104,Neutral
2021-04-01,Clove,Nuwaraeliya,983.67,958.49,0,4.6,5.2,6.8,0.0,1620,5839,27.96,113.87,197.423,3.9,104,Neutral
2021-05-01,Clove,Nuwaraeliya,999.0,957.13,0,4.75,5.35,7.1,0.0,972,0,28.04,206.22,199.5847,4.5,111,Neutral
2021-06-01,Clove,Nuwaraeliya,1290.0,1273.15,0,4.9,5.5,7.4,0.0,389,3321,27.71,101.55,199.8161,5.2,111,Neutral
2021-07-01,Clove,Nuwaraeliya,1356.67,1266.36,0,5.1,5.7,7.8,0.0,130,14357,27.55,122.53,199.9778,5.7,111,Neutral
2021-08-01,Clove,Nuwaraeliya,1347.5,1271.54,0,5.0,5.65,7.7,0.0,130,15453,27.3,105.46,200.4965,6.0,111,Neutral
2021-09-01,Clove,Nuwaraeliya,1386.25,1288.55,0,5.05,5.75,7.9,0.0,97,22716,27.48,147.68,201.9858,5.7,111,Neutral
2021-10-01,Clove,Nuwaraeliya,1425.0,1305.55,0,5.15,5.85,8.1,0.0,97,34103,27.01,333.6,201.0899,7.6,111,Neutral
2021-11-01,Clove,Nuwaraeliya,1483.75,1362.5,0,5.2,5.9,8.2,1430.5,65,28786,26.33,511.31,201.8582,9.9,111,Neutral
2021-12-01,Clove,Nuwaraeliya,1605.0,1461.61,1,5.25,6.0,8.3,2574.9,65,17361,26.09,135.18,201.399,12.1,121,Neutral
2022-01-01,Clove,Nuwaraeliya,1691.25,1557.73,1,5.8,5.7,9.0,1716.6,140,10224,25.83,116.96,201.4647,14.2,121,Neutral
2022-02-01,Clove,Nuwaraeliya,1738.4,1671.57,1,5.9,5.8,9.2,0.0,419,11529,25.77,144.37,201.7362,15.1,176,Neutral
2022-03-01,Clove,Nuwaraeliya,1730.0,1803.05,0,6.0,5.9,9.4,0.0,651,11726,27.12,73.2,255.8081,18.7,176,Neutral
2022-04-01,Clove,Nuwaraeliya,2041.67,2067.73,0,6.1,6.0,9.5,0.0,512,5901,27.71,297.63,319.4404,29.8,289,Neutral
2022-05-01,Clove,Nuwaraeliya,2815.0,2432.97,0,6.15,6.05,9.6,0.0,233,0,27.89,139.23,358.939,39.1,289,Neutral
2022-06-01,Clove,Nuwaraeliya,2696.67,2423.98,0,5.9,5.8,9.2,0.0,116,3358,27.37,70.76,360.2428,54.6,430,Neutral
2022-07-01,Clove,Nuwaraeliya,2745.0,2476.32,0,6.0,5.9,9.3,0.0,47,14489,27.28,128.65,360.8724,60.8,430,Neutral
2022-08-01,Clove,Nuwaraeliya,2567.5,2564.11,0,6.05,5.95,9.4,0.0,47,15596,26.94,140.71,360.9983,64.3,430,Neutral
2022-09-01,Clove,Nuwaraeliya,2512.5,2519.22,0,6.1,6.0,9.5,0.0,35,22927,27.15,66.45,362.3826,69.8,415,Neutral
2022-10-01,Clove,Nuwaraeliya,2323.33,2387.41,0,6.2,6.1,9.65,0.0,35,34420,26.89,282.23,363.1484,66.0,430,Neutral
2022-11-01,Clove,Nuwaraeliya,2140.0,2199.31,0,6.25,6.15,9.75,1474.8,47,29054,26.03,266.7,363.394,66.0,420,Neutral
2022-12-01,Clove,Nuwaraeliya,2137.5,2118.36,1,6.3,6.2,9.8,2654.6,47,17487,25.64,299.07,363.1652,57.2,420,Neutral
2023-01-01,Clove,Nuwaraeliya,2268.0,2278.09,1,6.9,6.0,6.0,1769.7,292,10174,24.9,117.48,362.4228,51.7,405,Neutral
2023-02-01,Clove,Nuwaraeliya,2562.5,2438.13,1,7.0,6.1,6.2,0.0,876,11472,25.42,149.15,361.9766,50.6,405,Neutral
2023-03-01,Clove,Nuwaraeliya,2375.0,2206.47,0,7.1,6.15,6.3,0.0,1460,11668,27.01,95.15,329.4709,50.3,325,Neutral
2023-04-01,Clove,Nuwaraeliya,2370.0,2206.92,0,7.15,6.2,6.1,0.0,1460,5871,28.27,134.72,321.4244,35.3,310,Neutral
2023-05-01,Clove,Nuwaraeliya,2406.4,2190.19,0,7.2,6.25,5.8,0.0,876,0,28.01,189.54,310.1639,25.2,310,Neutral
2023-06-01,Clove,Nuwaraeliya,2577.0,2273.47,0,7.2,6.25,5.5,0.0,350,3342,28.19,74.32,301.2612,12.0,308,Neutral
2023-07-01,Clove,Nuwaraeliya,2803.0,2493.34,0,7.25,6.3,5.3,0.0,117,14419,27.94,47.41,319.2903,6.3,306,Neutral
2023-08-01,Clove,Nuwaraeliya,2853.5,2685.22,0,7.25,6.3,5.1,0.0,117,15519,28.48,55.7,321.5764,4.0,341,Neutral
2023-09-01,Clove,Nuwaraeliya,2782.25,2678.97,0,7.2,6.25,5.0,0.0,88,22814,27.73,236.09,322.7693,1.3,351,Neutral
2023-10-01,Clove,Nuwaraeliya,2850.4,2741.53,0,7.15,6.2,4.9,0.0,88,34250,27.03,469.81,324.7303,1.5,356,Neutral
2023-11-01,Clove,Nuwaraeliya,2854.25,2777.75,0,7.2,6.3,5.0,1475.0,58,28911,26.85,455.51,328.25,3.4,329,Neutral
2023-12-01,Clove,Nuwaraeliya,2883.0,2838.46,1,7.25,6.4,5.2,2655.0,58,17431,26.68,459.58,326.7423,4.0,358,Neutral
2024-01-01,Clove,Nuwaraeliya,3213.2,2958.86,1,8.0,8.2,7.5,1770.0,159,7935,25.99,235.9,321.1706,6.4,363,Neutral
2024-02-01,Clove,Nuwaraeliya,3545.0,3226.11,1,8.2,8.4,7.8,0.0,159,8951,26.66,22.05,312.5801,5.9,363,Neutral
2024-03-01,Clove,Nuwaraeliya,3601.5,3403.5,0,8.5,8.7,8.0,0.0,127,9100,27.49,33.44,305.665,0.9,363,Neutral
2024-04-01,Clove,Nuwaraeliya,3626.6,3410.18,0,8.8,9.0,8.2,0.0,106,4585,29.42,74.5,299.4232,1.5,333,Neutral
2024-05-01,Clove,Nuwaraeliya,3367.5,3390.09,0,9.0,9.2,8.5,0.0,85,0,29.04,206.28,299.6923,0.9,317,Neutral
2024-06-01,Clove,Nuwaraeliya,3255.0,3210.44,0,9.1,9.3,8.6,0.0,85,2608,28.29,65.28,303.8121,1.7,317,Neutral
2024-07-01,Clove,Nuwaraeliya,2667.5,2749.67,0,9.2,9.4,8.7,0.0,63,11274,28.37,48.99,303.7559,2.4,317,Neutral
2024-08-01,Clove,Nuwaraeliya,2292.5,2511.34,0,9.3,9.5,8.8,0.0,63,12137,27.99,129.56,300.6683,0.5,307,Neutral
2024-09-01,Clove,Nuwaraeliya,2292.5,2489.88,0,9.4,9.6,8.9,0.0,53,17839,28.35,54.81,301.1505,-0.5,283,Neutral
2024-10-01,Clove,Nuwaraeliya,2286.25,2490.36,0,9.5,9.7,9.0,0.0,53,26782,27.5,196.51,293.7851,-0.8,283,Neutral
2024-11-01,Clove,Nuwaraeliya,2387.5,2511.93,0,9.55,9.75,9.05,1700.0,53,22602,26.99,398.77,292.0092,-2.1,286,Neutral
2024-12-01,Clove,Nuwaraeliya,2424.0,2499.74,1,9.6,9.8,9.1,3060.0,53,13626,26.47,159.13,291.6805,-1.7,286,Neutral
2025-01-01,Clove,Nuwaraeliya,2298.75,2432.7,1,9.65,9.85,9.15,2040.0,298,10774,25.59,241.85,296.1796,-4.0,286,Neutral
2025-02-01,Clove,Nuwaraeliya,2281.25,2338.51,1,9.7,9.9,9.2,0.0,893,12151,26.03,79.51,296.8034,-3.9,286,Neutral
2025-03-01,Clove,Nuwaraeliya,2317.5,2309.02,0,9.75,9.95,9.25,0.0,1488,12352,27.17,171.93,295.909,-1.9,286,Neutral
2025-04-01,Clove,Nuwaraeliya,2391.25,2346.18,0,9.8,10.0,9.3,0.0,1488,6224,27.94,226.62,298.5312,-0.8,286,Neutral
2025-05-01,Clove,Nuwaraeliya,2292.5,2324.9,0,9.85,10.05,9.35,0.0,893,0,28.2,166.88,299.4142,0.6,274,Neutral
2025-06-01,Clove,Nuwaraeliya,2022.5,2205.11,0,9.9,10.1,9.4,0.0,357,3540,27.79,57.82,299.9014,0.3,274,Neutral
2025-07-01,Clove,Nuwaraeliya,2095.0,2199.63,0,9.95,10.15,9.45,0.0,119,15308,27.72,35.02,301.1217,0.7,289,Neutral
2025-08-01,Clove,Nuwaraeliya,2077.0,2197.0,0,10.0,10.2,9.5,0.0,119,16476,27.54,58.37,301.4891,1.5,289,Neutral
2025-09-01,Clove,Nuwaraeliya,2130.6,2177.0,0,10.05,10.25,9.55,0.0,89,24213,27.58,137.1,302.1955,1.5,283,Neutral
2025-10-01,Clove,Nuwaraeliya,2184.5,2206.11,0,10.1,10.3,9.6,0.0,89,36350,27.2,273.23,302.9987,1.9,277,Neutral
2020-01-01,Stem,Nuwaraeliya,79.33,82.35,1,3.9,4.5,4.9,2013.2,156,10724,25.96,45.68,181.4036,5.7,104,Neutral
2020-02-01,Stem,Nuwaraeliya,96.0,82.72,1,3.85,4.45,4.85,0.0,467,12088,26.19,23.63,181.5628,6.2,104,Neutral
2020-03-01,Stem,Nuwaraeliya,95.0,82.27,0,3.8,4.4,4.8,0.0,727,12289,27.61,21.74,185.0567,5.4,104,Neutral
2020-04-01,Stem,Nuwaraeliya,88.0,86.95,0,3.7,4.3,4.75,0.0,571,6192,28.87,108.92,193.0854,5.2,104,Neutral
2020-05-01,Stem,Nuwaraeliya,90.5,85.75,0,3.65,4.25,4.75,0.0,260,0,28.68,196.94,187.865,4.0,104,Neutral
2020-06-01,Stem,Nuwaraeliya,89.0,82.52,0,3.6,4.2,4.7,0.0,130,3522,28.17,91.65,185.9545,3.9,104,Neutral
2020-07-01,Stem,Nuwaraeliya,88.0,81.22,0,3.65,4.25,4.8,0.0,52,15224,27.34,117.14,185.8487,4.2,104,Neutral
2020-08-01,Stem,Nuwaraeliya,92.6,82.8,0,3.7,4.3,4.85,0.0,52,16389,27.67,66.31,184.8939,4.1,104,Neutral
2020-09-01,Stem,Nuwaraeliya,95.25,83.25,0,3.7,4.35,4.9,0.0,39,24089,27.18,180.47,185.0317,4.0,104,Neutral
2020-10-01,Stem,Nuwaraeliya,92.0,88.68,0,3.75,4.4,4.95,0.0,39,36211,27.46,83.98,184.4379,4.0,104,Neutral
2020-11-01,Stem,Nuwaraeliya,87.5,84.21,0,3.8,4.45,5.0,1426.5,52,30523,26.84,317.73,184.4379,4.1,104,Neutral
2020-12-01,Stem,Nuwaraeliya,90.0,84.33,1,3.85,4.5,5.05,2567.7,52,18439,25.98,358.93,187.1822,4.2,104,Neutral
2021-01-01,Stem,Nuwaraeliya,92.25,82.97,1,4.2,4.8,6.0,1711.8,324,10128,25.61,268.48,190.4918,3.0,104,Neutral
2021-02-01,Stem,Nuwaraeliya,90.67,84.82,1,4.3,4.9,6.2,0.0,972,11400,25.75,49.15,194.0665,3.0,104,Neutral
2021-03-01,Stem,Nuwaraeliya,97.4,89.05,0,4.45,5.05,6.5,0.0,1620,11595,26.69,106.3,196.9825,4.1,104,Neutral
2021-04-01,Stem,Nuwaraeliya,104.33,91.71,0,4.6,5.2,6.8,0.0,1620,5839,27.96,113.87,197.423,3.9,104,Neutral
2021-05-01,Stem,Nuwaraeliya,104.0,90.3,0,4.75,5.35,7.1,0.0,972,0,28.04,206.22,199.5847,4.5,111,Neutral
2021-06-01,Stem,Nuwaraeliya,131.0,117.67,0,4.9,5.5,7.4,0.0,389,3321,27.71,101.55,199.8161,5.2,111,Neutral
2021-07-01,Stem,Nuwaraeliya,129.0,110.27,0,5.1,5.7,7.8,0.0,130,14357,27.55,122.53,199.9778,5.7,111,Neutral
2021-08-01,Stem,Nuwaraeliya,132.0,113.9,0,5.0,5.65,7.7,0.0,130,15453,27.3,105.46,200.4965,6.0,111,Neutral
2021-09-01,Stem,Nuwaraeliya,130.25,120.27,0,5.05,5.75,7.9,0.0,97,22716,27.48,147.68,201.9858,5.7,111,Neutral
2021-10-01,Stem,Nuwaraeliya,128.5,126.63,0,5.15,5.85,8.1,0.0,97,34103,27.01,333.6,201.0899,7.6,111,Neutral
2021-11-01,Stem,Nuwaraeliya,142.5,132.08,0,5.2,5.9,8.2,1430.5,65,28786,26.33,511.31,201.8582,9.9,111,Neutral
2021-12-01,Stem,Nuwaraeliya,161.25,145.0,1,5.25,6.0,8.3,2574.9,65,17361,26.09,135.18,201.399,12.1,121,Neutral
2022-01-01,Stem,Nuwaraeliya,178.75,140.57,1,5.8,5.7,9.0,1716.6,140,10224,25.83,116.96,201.4647,14.2,121,Neutral
2022-02-01,Stem,Nuwaraeliya,187.0,159.68,1,5.9,5.8,9.2,0.0,419,11529,25.77,144.37,201.7362,15.1,176,Neutral
2022-03-01,Stem,Nuwaraeliya,191.25,190.43,0,6.0,5.9,9.4,0.0,651,11726,27.12,73.2,255.8081,18.7,176,Neutral
2022-04-01,Stem,Nuwaraeliya,203.33,244.0,0,6.1,6.0,9.5,0.0,512,5901,27.71,297.63,319.4404,29.8,289,Neutral
2022-05-01,Stem,Nuwaraeliya,305.0,303.68,0,6.15,6.05,9.6,0.0,233,0,27.89,139.23,358.939,39.1,289,Neutral
2022-06-01,Stem,Nuwaraeliya,288.33,277.43,0,5.9,5.8,9.2,0.0,116,3358,27.37,70.76,360.2428,54.6,430,Neutral
2022-07-01,Stem,Nuwaraeliya,252.5,297.0,0,6.0,5.9,9.3,0.0,47,14489,27.28,128.65,360.8724,60.8,430,Neutral
2022-08-01,Stem,Nuwaraeliya,250.0,303.57,0,6.05,5.95,9.4,0.0,47,15596,26.94,140.71,360.9983,64.3,430,Neutral
2022-09-01,Stem,Nuwaraeliya,252.5,286.82,0,6.1,6.0,9.5,0.0,35,22927,27.15,66.45,362.3826,69.8,415,Neutral
2022-10-01,Stem,Nuwaraeliya,283.33,269.19,0,6.2,6.1,9.65,0.0,35,34420,26.89,282.23,363.1484,66.0,430,Neutral
2022-11-01,Stem,Nuwaraeliya,277.0,267.09,0,6.25,6.15,9.75,1474.8,47,29054,26.03,266.7,363.394,66.0,420,Neutral
2022-12-01,Stem,Nuwaraeliya,228.75,258.29,1,6.3,6.2,9.8,2654.6,47,17487,25.64,299.07,363.1652,57.2,420,Neutral
2023-01-01,Stem,Nuwaraeliya,315.0,305.43,1,6.9,6.0,6.0,1769.7,292,10174,24.9,117.48,362.4228,51.7,405,Neutral
2023-02-01,Stem,Nuwaraeliya,407.5,377.18,1,7.0,6.1,6.2,0.0,876,11472,25.42,149.15,361.9766,50.6,405,Neutral
2023-03-01,Stem,Nuwaraeliya,335.0,331.71,0,7.1,6.15,6.3,0.0,1460,11668,27.01,95.15,329.4709,50.3,325,Neutral
2023-04-01,Stem,Nuwaraeliya,365.0,313.19,0,7.15,6.2,6.1,0.0,1460,5871,28.27,134.72,321.4244,35.3,310,Neutral
2023-05-01,Stem,Nuwaraeliya,357.8,321.03,0,7.2,6.25,5.8,0.0,876,0,28.01,189.54,310.1639,25.2,310,Neutral
2023-06-01,Stem,Nuwaraeliya,382.25,314.25,0,7.2,6.25,5.5,0.0,350,3342,28.19,74.32,301.2612,12.0,308,Neutral
2023-07-01,Stem,Nuwaraeliya,394.0,339.14,0,7.25,6.3,5.3,0.0,117,14419,27.94,47.41,319.2903,6.3,306,Neutral
2023-08-01,Stem,Nuwaraeliya,398.0,370.53,0,7.25,6.3,5.1,0.0,117,15519,28.48,55.7,321.5764,4.0,341,Neutral
2023-09-01,Stem,Nuwaraeliya,392.25,367.82,0,7.2,6.25,5.0,0.0,88,22814,27.73,236.09,322.7693,1.3,351,Neutral
2023-10-01,Stem,Nuwaraeliya,361.2,376.94,0,7.15,6.2,4.9,0.0,88,34250,27.03,469.81,324.7303,1.5,356,Neutral
2023-11-01,Stem,Nuwaraeliya,380.75,368.32,0,7.2,6.3,5.0,1475.0,58,28911,26.85,455.51,328.25,3.4,329,Neutral
2023-12-01,Stem,Nuwaraeliya,393.75,385.61,1,7.25,6.4,5.2,2655.0,58,17431,26.68,459.58,326.7423,4.0,358,Neutral
2024-01-01,Stem,Nuwaraeliya,395.4,388.63,1,8.0,8.2,7.5,1770.0,159,7935,25.99,235.9,321.1706,6.4,363,Neutral
2024-02-01,Stem,Nuwaraeliya,398.5,402.86,1,8.2,8.4,7.8,0.0,159,8951,26.66,22.05,312.5801,5.9,363,Neutral
2024-03-01,Stem,Nuwaraeliya,397.25,402.32,0,8.5,8.7,8.0,0.0,127,9100,27.49,33.44,305.665,0.9,363,Neutral
2024-04-01,Stem,Nuwaraeliya,389.0,432.57,0,8.8,9.0,8.2,0.0,106,4585,29.42,74.5,299.4232,1.5,333,Neutral
2024-05-01,Stem,Nuwaraeliya,396.25,419.89,0,9.0,9.2,8.5,0.0,85,0,29.04,206.28,299.6923,0.9,317,Neutral
2024-06-01,Stem,Nuwaraeliya,418.75,419.54,0,9.1,9.3,8.6,0.0,85,2608,28.29,65.28,303.8121,1.7,317,Neutral
2024-07-01,Stem,Nuwaraeliya,385.0,384.29,0,9.2,9.4,8.7,0.0,63,11274,28.37,48.99,303.7559,2.4,317,Neutral
2024-08-01,Stem,Nuwaraeliya,393.75,387.79,0,9.3,9.5,8.8,0.0,63,12137,27.99,129.56,300.6683,0.5,307,Neutral
2024-09-01,Stem,Nuwaraeliya,390.0,380.21,0,9.4,9.6,8.9,0.0,53,17839,28.35,54.81,301.1505,-0.5,283,Neutral
2024-10-01,Stem,Nuwaraeliya,393.75,377.97,0,9.5,9.7,9.0,0.0,53,26782,27.5,196.51,293.7851,-0.8,283,Neutral
2024-11-01,Stem,Nuwaraeliya,346.25,364.32,0,9.55,9.75,9.05,1700.0,53,22602,26.99,398.77,292.0092,-2.1,286,Neutral
2024-12-01,Stem,Nuwaraeliya,327.0,362.02,1,9.6,9.8,9.1,3060.0,53,13626,26.47,159.13,291.6805,-1.7,286,Neutral
2025-01-01,Stem,Nuwaraeliya,301.25,352.35,1,9.65,9.85,9.15,2040.0,298,10774,25.59,241.85,296.1796,-4.0,286,Neutral
2025-02-01,Stem,Nuwaraeliya,270.0,350.79,1,9.7,9.9,9.2,0.0,893,12151,26.03,79.51,296.8034,-3.9,286,Neutral
2025-03-01,Stem,Nuwaraeliya,303.75,339.44,0,9.75,9.95,9.25,0.0,1488,12352,27.17,171.93,295.909,-1.9,286,Neutral
2025-04-01,Stem,Nuwaraeliya,315.0,329.47,0,9.8,10.0,9.3,0.0,1488,6224,27.94,226.62,298.5312,-0.8,286,Neutral
2025-05-01,Stem,Nuwaraeliya,316.25,327.52,0,9.85,10.05,9.35,0.0,893,0,28.2,166.88,299.4142,0.6,274,Neutral
2025-06-01,Stem,Nuwaraeliya,283.25,315.82,0,9.9,10.1,9.4,0.0,357,3540,27.79,57.82,299.9014,0.3,274,Neutral
2025-07-01,Stem,Nuwaraeliya,282.8,310.73,0,9.95,10.15,9.45,0.0,119,15308,27.72,35.02,301.1217,0.7,289,Neutral
2025-08-01,Stem,Nuwaraeliya,255.75,297.07,0,10.0,10.2,9.5,0.0,119,16476,27.54,58.37,301.4891,1.5,289,Neutral
2025-09-01,Stem,Nuwaraeliya,261.0,300.55,0,10.05,10.25,9.55,0.0,89,24213,27.58,137.1,302.1955,1.5,283,Neutral
2025-10-01,Stem,Nuwaraeliya,244.5,312.86,0,10.1,10.3,9.6,0.0,89,36350,27.2,273.23,302.9987,1.9,277,Neutral
2020-01-01,Clove,Ratnapura,903.0,942.22,1,3.9,4.5,4.9,2013.2,156,10724,25.96,45.68,181.4036,5.7,104,Neutral
2020-02-01,Clove,Ratnapura,884.5,946.73,1,3.85,4.45,4.85,0.0,467,12088,26.19,23.63,181.5628,6.2,104,Neutral
2020-03-01,Clove,Ratnapura,862.5,898.65,0,3.8,4.4,4.8,0.0,727,12289,27.61,21.74,185.0567,5.4,104,Neutral
2020-04-01,Clove,Ratnapura,862.5,829.24,0,3.7,4.3,4.75,0.0,571,6192,28.87,108.92,193.0854,5.2,104,Neutral
2020-05-01,Clove,Ratnapura,843.75,843.36,0,3.65,4.25,4.75,0.0,260,0,28.68,196.94,187.865,4.0,104,Neutral
2020-06-01,Clove,Ratnapura,758.4,834.59,0,3.6,4.2,4.7,0.0,130,3522,28.17,91.65,185.9545,3.9,104,Neutral
2020-07-01,Clove,Ratnapura,800.0,845.52,0,3.65,4.25,4.8,0.0,52,15224,27.34,117.14,185.8487,4.2,104,Neutral
2020-08-01,Clove,Ratnapura,862.0,874.26,0,3.7,4.3,4.85,0.0,52,16389,27.67,66.31,184.8939,4.1,104,Neutral
2020-09-01,Clove,Ratnapura,786.0,875.16,0,3.7,4.35,4.9,0.0,39,24089,27.18,180.47,185.0317,4.0,104,Neutral
2020-10-01,Clove,Ratnapura,851.25,856.56,0,3.75,4.4,4.95,0.0,39,36211,27.46,83.98,184.4379,4.0,104,Neutral
2020-11-01,Clove,Ratnapura,902.75,836.01,0,3.8,4.45,5.0,1426.5,52,30523,26.84,317.73,184.4379,4.1,104,Neutral
2020-12-01,Clove,Ratnapura,781.0,813.3,1,3.85,4.5,5.05,2567.7,52,18439,25.98,358.93,187.1822,4.2,104,Neutral
2021-01-01,Clove,Ratnapura,778.0,787.1,1,4.2,4.8,6.0,1711.8,324,10128,25.61,268.48,190.4918,3.0,104,Neutral
2021-02-01,Clove,Ratnapura,775.33,794.91,1,4.3,4.9,6.2,0.0,972,11400,25.75,49.15,194.0665,3.0,104,Neutral
2021-03-01,Clove,Ratnapura,900.4,892.96,0,4.45,5.05,6.5,0.0,1620,11595,26.69,106.3,196.9825,4.1,104,Neutral
2021-04-01,Clove,Ratnapura,973.5,958.49,0,4.6,5.2,6.8,0.0,1620,5839,27.96,113.87,197.423,3.9,104,Neutral
2021-05-01,Clove,Ratnapura,977.33,957.13,0,4.75,5.35,7.1,0.0,972,0,28.04,206.22,199.5847,4.5,111,Neutral
2021-06-01,Clove,Ratnapura,1324.5,1273.15,0,4.9,5.5,7.4,0.0,389,3321,27.71,101.55,199.8161,5.2,111,Neutral
2021-07-01,Clove,Ratnapura,1390.5,1266.36,0,5.1,5.7,7.8,0.0,130,14357,27.55,122.53,199.9778,5.7,111,Neutral
2021-08-01,Clove,Ratnapura,1291.67,1271.54,0,5.0,5.65,7.7,0.0,130,15453,27.3,105.46,200.4965,6.0,111,Neutral
2021-09-01,Clove,Ratnapura,1320.83,1288.55,0,5.05,5.75,7.9,0.0,97,22716,27.48,147.68,201.9858,5.7,111,Neutral
2021-10-01,Clove,Ratnapura,1350.0,1305.55,0,5.15,5.85,8.1,0.0,97,34103,27.01,333.6,201.0899,7.6,111,Neutral
2021-11-01,Clove,Ratnapura,1400.0,1362.5,0,5.2,5.9,8.2,1430.5,65,28786,26.33,511.31,201.8582,9.9,111,Neutral
2021-12-01,Clove,Ratnapura,1438.75,1461.61,1,5.25,6.0,8.3,2574.9,65,17361,26.09,135.18,201.399,12.1,121,Neutral
2022-01-01,Clove,Ratnapura,1597.0,1557.73,1,5.8,5.7,9.0,1716.6,140,10224,25.83,116.96,201.4647,14.2,121,Neutral
2022-02-01,Clove,Ratnapura,1695.6,1671.57,1,5.9,5.8,9.2,0.0,419,11529,25.77,144.37,201.7362,15.1,176,Neutral
2022-03-01,Clove,Ratnapura,1806.0,1803.05,0,6.0,5.9,9.4,0.0,651,11726,27.12,73.2,255.8081,18.7,176,Neutral
2022-04-01,Clove,Ratnapura,2219.0,2067.73,0,6.1,6.0,9.5,0.0,512,5901,27.71,297.63,319.4404,29.8,289,Neutral
2022-05-01,Clove,Ratnapura,2365.5,2432.97,0,6.15,6.05,9.6,0.0,233,0,27.89,139.23,358.939,39.1,289,Neutral
2022-06-01,Clove,Ratnapura,2595.67,2423.98,0,5.9,5.8,9.2,0.0,116,3358,27.37,70.76,360.2428,54.6,430,Neutral
2022-07-01,Clove,Ratnapura,2690.5,2476.32,0,6.0,5.9,9.3,0.0,47,14489,27.28,128.65,360.8724,60.8,430,Neutral
2022-08-01,Clove,Ratnapura,2615.75,2564.11,0,6.05,5.95,9.4,0.0,47,15596,26.94,140.71,360.9983,64.3,430,Neutral
2022-09-01,Clove,Ratnapura,2793.75,2519.22,0,6.1,6.0,9.5,0.0,35,22927,27.15,66.45,362.3826,69.8,415,Neutral
2022-10-01,Clove,Ratnapura,2616.67,2387.41,0,6.2,6.1,9.65,0.0,35,34420,26.89,282.23,363.1484,66.0,430,Neutral
2022-11-01,Clove,Ratnapura,2357.2,2199.31,0,6.25,6.15,9.75,1474.8,47,29054,26.03,266.7,363.394,66.0,420,Neutral
2022-12-01,Clove,Ratnapura,2143.0,2118.36,1,6.3,6.2,9.8,2654.6,47,17487,25.64,299.07,363.1652,57.2,420,Neutral
2023-01-01,Clove,Ratnapura,2330.0,2278.09,1,6.9,6.0,6.0,1769.7,292,10174,24.9,117.48,362.4228,51.7,405,Neutral
2023-02-01,Clove,Ratnapura,2659.0,2438.13,1,7.0,6.1,6.2,0.0,876,11472,25.42,149.15,361.9766,50.6,405,Neutral
2023-03-01,Clove,Ratnapura,2158.25,2206.47,0,7.1,6.15,6.3,0.0,1460,11668,27.01,95.15,329.4709,50.3,325,Neutral
2023-04-01,Clove,Ratnapura,2212.5,2206.92,0,7.15,6.2,6.1,0.0,1460,5871,28.27,134.72,321.4244,35.3,310,Neutral
2023-05-01,Clove,Ratnapura,2125.0,2190.19,0,7.2,6.25,5.8,0.0,876,0,28.01,189.54,310.1639,25.2,310,Neutral
2023-06-01,Clove,Ratnapura,2218.75,2273.47,0,7.2,6.25,5.5,0.0,350,3342,28.19,74.32,301.2612,12.0,308,Neutral
2023-07-01,Clove,Ratnapura,2435.0,2493.34,0,7.25,6.3,5.3,0.0,117,14419,27.94,47.41,319.2903,6.3,306,Neutral
2023-08-01,Clove,Ratnapura,2718.75,2685.22,0,7.25,6.3,5.1,0.0,117,15519,28.48,55.7,321.5764,4.0,341,Neutral
2023-09-01,Clove,Ratnapura,2759.25,2678.97,0,7.2,6.25,5.0,0.0,88,22814,27.73,236.09,322.7693,1.3,351,Neutral
2023-10-01,Clove,Ratnapura,2859.8,2741.53,0,7.15,6.2,4.9,0.0,88,34250,27.03,469.81,324.7303,1.5,356,Neutral
2023-11-01,Clove,Ratnapura,2843.75,2777.75,0,7.2,6.3,5.0,1475.0,58,28911,26.85,455.51,328.25,3.4,329,Neutral
2023-12-01,Clove,Ratnapura,2931.5,2838.46,1,7.25,6.4,5.2,2655.0,58,17431,26.68,459.58,326.7423,4.0,358,Neutral
2024-01-01,Clove,Ratnapura,2954.2,2958.86,1,8.0,8.2,7.5,1770.0,159,7935,25.99,235.9,321.1706,6.4,363,Neutral
2024-02-01,Clove,Ratnapura,3025.0,3226.11,1,8.2,8.4,7.8,0.0,159,8951,26.66,22.05,312.5801,5.9,363,Neutral
2024-03-01,Clove,Ratnapura,3325.0,3403.5,0,8.5,8.7,8.0,0.0,127,9100,27.49,33.44,305.665,0.9,363,Neutral
2024-04-01,Clove,Ratnapura,3494.0,3410.18,0,8.8,9.0,8.2,0.0,106,4585,29.42,74.5,299.4232,1.5,333,Neutral
2024-05-01,Clove,Ratnapura,3400.0,3390.09,0,9.0,9.2,8.5,0.0,85,0,29.04,206.28,299.6923,0.9,317,Neutral
2024-06-01,Clove,Ratnapura,3118.75,3210.44,0,9.1,9.3,8.6,0.0,85,2608,28.29,65.28,303.8121,1.7,317,Neutral
2024-07-01,Clove,Ratnapura,2615.75,2749.67,0,9.2,9.4,8.7,0.0,63,11274,28.37,48.99,303.7559,2.4,317,Neutral
2024-08-01,Clove,Ratnapura,2525.0,2511.34,0,9.3,9.5,8.8,0.0,63,12137,27.99,129.56,300.6683,0.5,307,Neutral
2024-09-01,Clove,Ratnapura,2487.5,2489.88,0,9.4,9.6,8.9,0.0,53,17839,28.35,54.81,301.1505,-0.5,283,Neutral
2024-10-01,Clove,Ratnapura,2500.0,2490.36,0,9.5,9.7,9.0,0.0,53,26782,27.5,196.51,293.7851,-0.8,283,Neutral
2024-11-01,Clove,Ratnapura,2525.0,2511.93,0,9.55,9.75,9.05,1700.0,53,22602,26.99,398.77,292.0092,-2.1,286,Neutral
2024-12-01,Clove,Ratnapura,2525.0,2499.74,1,9.6,9.8,9.1,3060.0,53,13626,26.47,159.13,291.6805,-1.7,286,Neutral
2025-01-01,Clove,Ratnapura,2487.5,2432.7,1,9.65,9.85,9.15,2040.0,298,10774,25.59,241.85,296.1796,-4.0,286,Neutral
2025-02-01,Clove,Ratnapura,2325.0,2338.51,1,9.7,9.9,9.2,0.0,893,12151,26.03,79.51,296.8034,-3.9,286,Neutral
2025-03-01,Clove,Ratnapura,2340.0,2309.02,0,9.75,9.95,9.25,0.0,1488,12352,27.17,171.93,295.909,-1.9,286,Neutral
2025-04-01,Clove,Ratnapura,2413.75,2346.18,0,9.8,10.0,9.3,0.0,1488,6224,27.94,226.62,298.5312,-0.8,286,Neutral
2025-05-01,Clove,Ratnapura,2350.0,2324.9,0,9.85,10.05,9.35,0.0,893,0,28.2,166.88,299.4142,0.6,274,Neutral
2025-06-01,Clove,Ratnapura,2287.5,2205.11,0,9.9,10.1,9.4,0.0,357,3540,27.79,57.82,299.9014,0.3,274,Neutral
2025-07-01,Clove,Ratnapura,2266.0,2199.63,0,9.95,10.15,9.45,0.0,119,15308,27.72,35.02,301.1217,0.7,289,Neutral
2025-08-01,Clove,Ratnapura,2275.0,2197.0,0,10.0,10.2,9.5,0.0,119,16476,27.54,58.37,301.4891,1.5,289,Neutral
2025-09-01,Clove,Ratnapura,2150.0,2177.0,0,10.05,10.25,9.55,0.0,89,24213,27.58,137.1,302.1955,1.5,283,Neutral
2025-10-01,Clove,Ratnapura,2200.0,2206.11,0,10.1,10.3,9.6,0.0,89,36350,27.2,273.23,302.9987,1.9,277,Neutral
