Date,Grade,Region,Regional_Price,Seasonal_Impact,Temperature,Rainfall,Exchange_Rate,Inflation_Rate,Fuel_Price,Vietnam_Harvest_Flag,Is_Active_Region,National_Price
2020-01-01,gr1,badulla,609.0,1,25.160225,110.8,181.4036,5.7,104,0,1,581.81
2020-01-01,white,badulla,779.0,1,25.160225,110.8,181.4036,5.7,104,0,1,862.35
2020-01-01,gr1,colombo,631.3333333333334,1,30.64013,18.800001,181.4036,5.7,104,0,1,581.81
2020-01-01,gr1,galle,518.75,1,30.265484,45.3,181.4036,5.7,104,0,1,581.81
2020-01-01,gr1,gampaha,575.0,1,32.767258,20.9,181.4036,5.7,104,0,1,581.81
2020-01-01,gr1,hambantota,554.5,1,30.615934,23.900002,181.4036,5.7,104,0,1,581.81
2020-01-01,gr1,kalutara,555.0,1,30.246387,26.500002,181.4036,5.7,104,0,1,581.81
2020-01-01,gr1,kandy,603.5,1,28.454937,7.4000006,181.4036,5.7,104,0,1,581.81
2020-01-01,white,kandy,912.5,1,28.454937,7.4000006,181.4036,5.7,104,0,1,862.35
2020-01-01,gr1,kegalle,595.5,1,32.149452,11.0,181.4036,5.7,104,0,1,581.81
2020-01-01,white,kegalle,968.75,1,32.149452,11.0,181.4036,5.7,104,0,1,862.35
2020-01-01,gr1,kurunegala,619.5,1,31.393095,11.0,181.4036,5.7,104,0,1,581.81
2020-01-01,gr1,matale,606.75,1,29.612776,10.0,181.4036,5.7,104,0,1,581.81
2020-01-01,white,matale,861.0,1,29.612776,10.0,181.4036,5.7,104,0,1,862.35
2020-01-01,gr1,matara,567.5,1,29.135195,8.8,181.4036,5.7,104,0,1,581.81
2020-01-01,gr1,monaragala,579.75,1,29.059225,41.8,181.4036,5.7,104,0,1,581.81
2020-01-01,white,monaragala,790.5,1,29.059225,41.8,181.4036,5.7,104,0,1,862.35
2020-01-01,gr1,nuwaraeliya,570.0,1,20.404142,18.1,181.4036,5.7,104,0,1,581.81
2020-01-01,gr1,ratnapura,559.25,1,30.479452,37.600002,181.4036,5.7,104,0,1,581.81
2020-02-01,gr1,badulla,563.75,1,25.33631,142.9,181.5628,6.2,104,1,1,533.38
2020-02-01,white,badulla,791.5,1,25.33631,142.9,181.5628,6.2,104,1,1,827.45
2020-02-01,gr1,colombo,517.25,1,32.187794,24.3,181.5628,6.2,104,1,1,533.38
2020-02-01,gr1,galle,525.0,1,31.290344,67.3,181.5628,6.2,104,1,1,533.38
2020-02-01,gr1,gampaha,517.0,1,34.60569,25.0,181.5628,6.2,104,1,1,533.38
2020-02-01,gr1,hambantota,542.75,1,31.196415,77.6,181.5628,6.2,104,1,1,533.38
2020-02-01,gr1,kalutara,517.5,1,30.820414,37.600002,181.5628,6.2,104,1,1,533.38
2020-02-01,gr1,kandy,531.0,1,30.08714,12.200001,181.5628,6.2,104,1,1,533.38
2020-02-01,white,kandy,849.75,1,30.08714,12.200001,181.5628,6.2,104,1,1,827.45
2020-02-01,gr1,kegalle,509.75,1,34.63438,9.9,181.5628,6.2,104,1,1,533.38
2020-02-01,white,kegalle,893.75,1,34.63438,9.9,181.5628,6.2,104,1,1,827.45
2020-02-01,gr1,kurunegala,545.5,1,33.205997,8.7,181.5628,6.2,104,1,1,533.38
2020-02-01,gr1,matale,538.0,1,31.059103,11.700001,181.5628,6.2,104,1,1,533.38
2020-02-01,white,matale,832.25,1,31.059103,11.700001,181.5628,6.2,104,1,1,827.45
2020-02-01,gr1,matara,550.0,1,29.479965,30.300001,181.5628,6.2,104,1,1,533.38
2020-02-01,gr1,monaragala,544.0,1,30.181862,40.500004,181.5628,6.2,104,1,1,533.38
2020-02-01,white,monaragala,770.0,1,30.181862,40.500004,181.5628,6.2,104,1,1,827.45
2020-02-01,gr1,nuwaraeliya,531.5,1,21.228672,48.800003,181.5628,6.2,104,1,1,533.38
2020-02-01,gr1,ratnapura,534.25,1,32.54024,70.0,181.5628,6.2,104,1,1,533.38
2020-03-01,gr1,badulla,545.5,1,28.02474,37.7,185.0567,5.4,104,1,1,531.11
2020-03-01,white,badulla,777.0,1,28.02474,37.7,185.0567,5.4,104,1,1,814.8
2020-03-01,gr1,colombo,513.0,1,31.538517,48.4,185.0567,5.4,104,1,1,531.11
2020-03-01,gr1,galle,522.5,1,31.931614,55.300003,185.0567,5.4,104,1,1,531.11
2020-03-01,gr1,gampaha,545.5,1,32.909195,76.4,185.0567,5.4,104,1,1,531.11
2020-03-01,gr1,hambantota,513.5,1,31.665936,13.4,185.0567,5.4,104,1,1,531.11
2020-03-01,gr1,kalutara,534.0,1,31.501226,60.0,185.0567,5.4,104,1,1,531.11
2020-03-01,gr1,kandy,541.0,1,32.780743,12.799999,185.0567,5.4,104,1,1,531.11
2020-03-01,white,kandy,857.5,1,32.780743,12.799999,185.0567,5.4,104,1,1,814.8
2020-03-01,gr1,kegalle,513.0,1,35.15429,49.7,185.0567,5.4,104,1,1,531.11
2020-03-01,white,kegalle,812.5,1,35.15429,49.7,185.0567,5.4,104,1,1,814.8
2020-03-01,gr1,kurunegala,537.5,1,35.485027,31.4,185.0567,5.4,104,1,1,531.11
2020-03-01,gr1,matale,553.0,1,33.39503,29.199999,185.0567,5.4,104,1,1,531.11
2020-03-01,white,matale,847.0,1,33.39503,29.199999,185.0567,5.4,104,1,1,814.8
2020-03-01,gr1,matara,540.0,1,29.144873,15.200001,185.0567,5.4,104,1,1,531.11
2020-03-01,gr1,monaragala,548.5,1,32.87535,22.0,185.0567,5.4,104,1,1,531.11
2020-03-01,white,monaragala,780.0,1,32.87535,22.0,185.0567,5.4,104,1,1,814.8
2020-03-01,gr1,nuwaraeliya,516.0,1,23.11221,22.8,185.0567,5.4,104,1,1,531.11
2020-03-01,gr1,ratnapura,512.5,1,33.248806,66.5,185.0567,5.4,104,1,1,531.11
2020-04-01,gr1,badulla,508.5,0,28.456999,127.4,193.0854,5.2,104,1,1,509.68
2020-04-01,white,badulla,850.0,0,28.456999,127.4,193.0854,5.2,104,1,1,767.3
2020-04-01,gr1,galle,497.5,0,30.539999,197.9,193.0854,5.2,104,1,1,509.68
2020-04-01,gr1,hambantota,495.0,0,31.515667,73.6,193.0854,5.2,104,1,1,509.68
2020-04-01,gr1,kandy,540.5,0,31.386333,119.7,193.0854,5.2,104,1,1,509.68
2020-04-01,white,kandy,825.0,0,31.386333,119.7,193.0854,5.2,104,1,1,767.3
2020-04-01,gr1,kegalle,508.0,0,32.391335,261.19998,193.0854,5.2,104,1,1,509.68
2020-04-01,white,kegalle,775.0,0,32.391335,261.19998,193.0854,5.2,104,1,1,767.3
2020-04-01,gr1,kurunegala,554.5,0,33.79433,232.2,193.0854,5.2,104,1,1,509.68
2020-04-01,gr1,matale,524.5,0,32.131,184.00002,193.0854,5.2,104,1,1,509.68
2020-04-01,white,matale,728.5,0,32.131,184.00002,193.0854,5.2,104,1,1,767.3
2020-04-01,gr1,matara,525.0,0,29.254333,89.4,193.0854,5.2,104,1,1,509.68
2020-04-01,gr1,monaragala,488.0,0,32.810997,198.3,193.0854,5.2,104,1,1,509.68
2020-04-01,white,monaragala,658.0,0,32.810997,198.3,193.0854,5.2,104,1,1,767.3
2020-04-01,gr1,nuwaraeliya,495.0,0,21.911833,191.5,193.0854,5.2,104,1,1,509.68
2020-04-01,gr1,ratnapura,470.0,0,31.841333,283.7,193.0854,5.2,104,1,1,509.68
2020-05-01,gr1,badulla,526.25,0,28.86829,142.40001,187.865,4.0,104,0,1,517.18
2020-05-01,white,badulla,777.75,0,28.86829,142.40001,187.865,4.0,104,0,1,800.9
2020-05-01,gr1,galle,502.5,0,29.338064,350.9,187.865,4.0,104,0,1,517.18
2020-05-01,gr1,hambantota,505.75,0,31.359486,68.200005,187.865,4.0,104,0,1,517.18
2020-05-01,gr1,kalutara,522.6666666666666,0,29.66413,311.6,187.865,4.0,104,0,1,517.18
2020-05-01,gr1,kandy,528.5,0,28.654936,230.1,187.865,4.0,104,0,1,517.18
2020-05-01,white,kandy,859.5,0,28.654936,230.1,187.865,4.0,104,0,1,800.9
2020-05-01,gr1,kegalle,508.0,0,29.852676,278.1,187.865,4.0,104,0,1,517.18
2020-05-01,white,kegalle,775.0,0,29.852676,278.1,187.865,4.0,104,0,1,800.9
2020-05-01,gr1,kurunegala,543.75,0,30.609226,206.7,187.865,4.0,104,0,1,517.18
2020-05-01,gr1,matale,514.75,0,28.980516,250.40001,187.865,4.0,104,0,1,517.18
2020-05-01,white,matale,807.5,0,28.980516,250.40001,187.865,4.0,104,0,1,800.9
2020-05-01,gr1,matara,535.0,0,28.81584,211.0,187.865,4.0,104,0,1,517.18
2020-05-01,gr1,monaragala,526.75,0,32.480194,99.3,187.865,4.0,104,0,1,517.18
2020-05-01,white,monaragala,784.75,0,32.480194,99.3,187.865,4.0,104,0,1,800.9
2020-05-01,gr1,nuwaraeliya,520.5,0,20.270273,287.3,187.865,4.0,104,0,1,517.18
2020-05-01,gr1,ratnapura,471.75,0,29.802034,406.0,187.865,4.0,104,0,1,517.18
2020-06-01,gr1,badulla,492.0,1,30.223665,62.1,185.9545,3.9,104,0,1,498.81
2020-06-01,white,badulla,760.0,1,30.223665,62.1,185.9545,3.9,104,0,1,783.08
2020-06-01,gr1,colombo,486.4,1,29.174002,260.4,185.9545,3.9,104,0,1,498.81
2020-06-01,gr1,galle,486.0,1,28.961666,231.40001,185.9545,3.9,104,0,1,498.81
2020-06-01,gr1,gampaha,510.6,1,29.711666,284.1,185.9545,3.9,104,0,1,498.81
2020-06-01,gr1,hambantota,498.6,1,32.387333,27.2,185.9545,3.9,104,0,1,498.81
2020-06-01,gr1,kalutara,500.0,1,29.211334,248.70001,185.9545,3.9,104,0,1,498.81
2020-06-01,gr1,kandy,498.0,1,28.296333,89.8,185.9545,3.9,104,0,1,498.81
2020-06-01,white,kandy,843.6,1,28.296333,89.8,185.9545,3.9,104,0,1,783.08
2020-06-01,gr1,kegalle,493.6,1,28.864666,223.0,185.9545,3.9,104,0,1,498.81
2020-06-01,white,kegalle,759.8,1,28.864666,223.0,185.9545,3.9,104,0,1,783.08
2020-06-01,gr1,kurunegala,520.6,1,29.804333,166.5,185.9545,3.9,104,0,1,498.81
2020-06-01,gr1,matale,501.2,1,28.044334,148.3,185.9545,3.9,104,0,1,498.81
2020-06-01,white,matale,780.8,1,28.044334,148.3,185.9545,3.9,104,0,1,783.08
2020-06-01,gr1,matara,520.0,1,28.487667,114.899994,185.9545,3.9,104,0,1,498.81
2020-06-01,gr1,monaragala,496.6,1,35.427666,40.5,185.9545,3.9,104,0,1,498.81
2020-06-01,white,monaragala,771.2,1,35.427666,40.5,185.9545,3.9,104,0,1,783.08
2020-06-01,gr1,nuwaraeliya,498.8,1,18.7885,110.2,185.9545,3.9,104,0,1,498.81
2020-06-01,gr1,ratnapura,481.0,1,29.358,354.9,185.9545,3.9,104,0,1,498.81
2020-07-01,gr1,badulla,489.75,1,29.095709,156.8,185.8487,4.2,104,0,1,495.04
2020-07-01,white,badulla,769.75,1,29.095709,156.8,185.8487,4.2,104,0,1,801.7
2020-07-01,gr1,colombo,481.0,1,28.635292,256.1,185.8487,4.2,104,0,1,495.04
2020-07-01,gr1,galle,481.25,1,28.420322,302.3,185.8487,4.2,104,0,1,495.04
2020-07-01,gr1,gampaha,504.75,1,29.083385,275.6,185.8487,4.2,104,0,1,495.04
2020-07-01,gr1,hambantota,483.75,1,31.046581,92.5,185.8487,4.2,104,0,1,495.04
2020-07-01,gr1,kalutara,500.0,1,28.717354,261.6,185.8487,4.2,104,0,1,495.04
2020-07-01,gr1,kandy,492.75,1,27.806547,140.8,185.8487,4.2,104,0,1,495.04
2020-07-01,white,kandy,839.0,1,27.806547,140.8,185.8487,4.2,104,0,1,801.7
2020-07-01,gr1,kegalle,493.5,1,28.391386,239.4,185.8487,4.2,104,0,1,495.04
2020-07-01,white,kegalle,816.5,1,28.391386,239.4,185.8487,4.2,104,0,1,801.7
2020-07-01,gr1,kurunegala,510.0,1,29.21568,177.7,185.8487,4.2,104,0,1,495.04
2020-07-01,gr1,matale,511.25,1,27.549871,172.1,185.8487,4.2,104,0,1,495.04
2020-07-01,white,matale,799.25,1,27.549871,172.1,185.8487,4.2,104,0,1,801.7
2020-07-01,gr1,matara,502.5,1,27.828743,234.89998,185.8487,4.2,104,0,1,495.04
2020-07-01,gr1,monaragala,502.0,1,33.36406,98.6,185.8487,4.2,104,0,1,495.04
2020-07-01,white,monaragala,784.0,1,33.36406,98.6,185.8487,4.2,104,0,1,801.7
2020-07-01,gr1,nuwaraeliya,493.75,1,18.578337,172.3,185.8487,4.2,104,0,1,495.04
2020-07-01,gr1,ratnapura,484.25,1,28.876226,428.2,185.8487,4.2,104,0,1,495.04
2020-08-01,gr1,badulla,540.8,1,30.424742,67.7,184.8939,4.1,104,0,1,546.41
2020-08-01,white,badulla,798.0,1,30.424742,67.7,184.8939,4.1,104,0,1,819.84
2020-08-01,gr1,colombo,527.25,1,28.636904,222.6,184.8939,4.1,104,0,1,546.41
2020-08-01,gr1,galle,548.75,1,28.523548,207.20001,184.8939,4.1,104,0,1,546.41
2020-08-01,gr1,gampaha,563.8,1,29.17371,220.6,184.8939,4.1,104,0,1,546.41
2020-08-01,gr1,hambantota,555.4,1,31.374,48.1,184.8939,4.1,104,0,1,546.41
2020-08-01,gr1,kalutara,512.0,1,28.796387,176.40001,184.8939,4.1,104,0,1,546.41
2020-08-01,gr1,kandy,544.6,1,27.496872,159.20001,184.8939,4.1,104,0,1,546.41
2020-08-01,white,kandy,843.0,1,27.496872,159.20001,184.8939,4.1,104,0,1,819.84
2020-08-01,gr1,kegalle,548.8,1,28.852676,270.6,184.8939,4.1,104,0,1,546.41
2020-08-01,white,kegalle,835.0,1,28.852676,270.6,184.8939,4.1,104,0,1,819.84
2020-08-01,gr1,kurunegala,563.2,1,29.68342,176.1,184.8939,4.1,104,0,1,546.41
2020-08-01,gr1,matale,546.6,1,27.75471,187.6,184.8939,4.1,104,0,1,546.41
2020-08-01,white,matale,833.8,1,27.75471,187.6,184.8939,4.1,104,0,1,819.84
2020-08-01,gr1,matara,560.0,1,27.846485,98.4,184.8939,4.1,104,0,1,546.41
2020-08-01,gr1,monaragala,556.0,1,35.556,28.300001,184.8939,4.1,104,0,1,546.41
2020-08-01,white,monaragala,789.4,1,35.556,28.300001,184.8939,4.1,104,0,1,819.84
2020-08-01,gr1,nuwaraeliya,530.0,1,18.812208,231.5,184.8939,4.1,104,0,1,546.41
2020-08-01,gr1,ratnapura,552.6,1,29.208485,331.8,184.8939,4.1,104,0,1,546.41
2020-09-01,gr1,badulla,566.25,0,28.428667,158.2,185.0317,4.0,104,0,1,577.39
2020-09-01,white,badulla,793.5,0,28.428667,158.2,185.0317,4.0,104,0,1,808.15
2020-09-01,gr1,colombo,550.0,0,27.980669,368.3,185.0317,4.0,104,0,1,577.39
2020-09-01,gr1,galle,582.5,0,28.013332,333.0,185.0317,4.0,104,0,1,577.39
2020-09-01,gr1,gampaha,587.0,0,28.355,419.7,185.0317,4.0,104,0,1,577.39
2020-09-01,gr1,hambantota,575.5,0,30.722334,60.0,185.0317,4.0,104,0,1,577.39
2020-09-01,gr1,kalutara,560.5,0,28.078,329.6,185.0317,4.0,104,0,1,577.39
2020-09-01,gr1,kandy,579.75,0,26.298,189.40001,185.0317,4.0,104,0,1,577.39
2020-09-01,white,kandy,828.25,0,26.298,189.40001,185.0317,4.0,104,0,1,808.15
2020-09-01,gr1,kegalle,590.5,0,27.473,408.19998,185.0317,4.0,104,0,1,577.39
2020-09-01,white,kegalle,750.0,0,27.473,408.19998,185.0317,4.0,104,0,1,808.15
2020-09-01,gr1,kurunegala,583.0,0,28.140999,314.3,185.0317,4.0,104,0,1,577.39
2020-09-01,gr1,matale,575.0,0,26.609335,297.5,185.0317,4.0,104,0,1,577.39
2020-09-01,white,matale,872.0,0,26.609335,297.5,185.0317,4.0,104,0,1,808.15
2020-09-01,gr1,matara,600.0,0,27.446001,211.4,185.0317,4.0,104,0,1,577.39
2020-09-01,gr1,monaragala,593.25,0,34.065998,85.3,185.0317,4.0,104,0,1,577.39
2020-09-01,white,monaragala,797.0,0,34.065998,85.3,185.0317,4.0,104,0,1,808.15
2020-09-01,gr1,nuwaraeliya,555.5,0,17.606833,318.6,185.0317,4.0,104,0,1,577.39
2020-09-01,gr1,ratnapura,584.75,0,28.063,492.19998,185.0317,4.0,104,0,1,577.39
2020-10-01,gr1,badulla,554.0,0,30.30861,35.8,184.4379,4.0,104,0,1,562.98
2020-10-01,white,badulla,773.5,0,30.30861,35.8,184.4379,4.0,104,0,1,794.0
2020-10-01,gr1,colombo,545.5,0,28.659485,109.0,184.4379,4.0,104,0,1,562.98
2020-10-01,gr1,galle,540.0,0,28.596128,136.4,184.4379,4.0,104,0,1,562.98
2020-10-01,gr1,gampaha,625.0,0,29.275322,117.799995,184.4379,4.0,104,0,1,562.98
2020-10-01,gr1,hambantota,550.0,0,32.34013,31.9,184.4379,4.0,104,0,1,562.98
2020-10-01,gr1,kalutara,575.75,0,28.839937,113.1,184.4379,4.0,104,0,1,562.98
2020-10-01,gr1,kandy,559.25,0,27.196873,112.8,184.4379,4.0,104,0,1,562.98
2020-10-01,white,kandy,809.0,0,27.196873,112.8,184.4379,4.0,104,0,1,794.0
2020-10-01,gr1,kegalle,570.75,0,28.480097,188.8,184.4379,4.0,104,0,1,562.98
2020-10-01,white,kegalle,800.0,0,28.480097,188.8,184.4379,4.0,104,0,1,794.0
2020-10-01,gr1,kurunegala,583.0,0,29.186646,125.100006,184.4379,4.0,104,0,1,562.98
2020-10-01,gr1,matale,556.25,0,27.398258,155.90001,184.4379,4.0,104,0,1,562.98
2020-10-01,white,matale,815.0,0,27.398258,155.90001,184.4379,4.0,104,0,1,794.0
2020-10-01,gr1,matara,572.5,0,27.959389,84.49999,184.4379,4.0,104,0,1,562.98
2020-10-01,gr1,monaragala,570.75,0,36.13503,139.1,184.4379,4.0,104,0,1,562.98
2020-10-01,white,monaragala,772.5,0,36.13503,139.1,184.4379,4.0,104,0,1,794.0
2020-10-01,gr1,nuwaraeliya,541.0,0,18.700918,195.0,184.4379,4.0,104,0,1,562.98
2020-10-01,gr1,ratnapura,538.0,0,28.953646,231.1,184.4379,4.0,104,0,1,562.98
2020-11-01,gr1,badulla,554.5,1,26.043667,298.3,184.4379,4.1,104,0,1,551.45
2020-11-01,white,badulla,752.25,1,26.043667,298.3,184.4379,4.1,104,0,1,774.8
2020-11-01,gr1,galle,517.5,1,28.953333,533.2,184.4379,4.1,104,0,1,551.45
2020-11-01,gr1,hambantota,551.25,1,30.070667,196.50002,184.4379,4.1,104,0,1,551.45
2020-11-01,gr1,kalutara,555.0,1,29.491333,256.80002,184.4379,4.1,104,0,1,551.45
2020-11-01,gr1,kandy,557.0,1,27.513,210.1,184.4379,4.1,104,0,1,551.45
2020-11-01,white,kandy,796.5,1,27.513,210.1,184.4379,4.1,104,0,1,774.8
2020-11-01,gr1,kegalle,549.5,1,29.104668,264.8,184.4379,4.1,104,0,1,551.45
2020-11-01,white,kegalle,787.5,1,29.104668,264.8,184.4379,4.1,104,0,1,774.8
2020-11-01,gr1,kurunegala,567.6666666666666,1,29.794334,205.5,184.4379,4.1,104,0,1,551.45
2020-11-01,gr1,matale,552.5,1,28.137667,281.7,184.4379,4.1,104,0,1,551.45
2020-11-01,white,matale,761.5,1,28.137667,281.7,184.4379,4.1,104,0,1,774.8
2020-11-01,gr1,matara,547.5,1,28.237667,202.3,184.4379,4.1,104,0,1,551.45
2020-11-01,gr1,monaragala,574.25,1,29.767668,370.1,184.4379,4.1,104,0,1,551.45
2020-11-01,white,monaragala,776.25,1,29.767668,370.1,184.4379,4.1,104,0,1,774.8
2020-11-01,gr1,nuwaraeliya,531.0,1,19.451834,261.19998,184.4379,4.1,104,0,1,551.45
2020-11-01,gr1,ratnapura,559.75,1,29.486334,403.89996,184.4379,4.1,104,0,1,551.45
2020-12-01,gr1,badulla,558.0,1,25.019903,584.6,187.1822,4.2,104,0,1,543.59
2020-12-01,white,badulla,775.8,1,25.019903,584.6,187.1822,4.2,104,0,1,801.36
2020-12-01,gr1,colombo,516.5,1,28.72884,155.8,187.1822,4.2,104,0,1,543.59
2020-12-01,gr1,galle,511.0,1,28.76387,221.1,187.1822,4.2,104,0,1,543.59
2020-12-01,gr1,gampaha,533.5,1,29.39629,182.7,187.1822,4.2,104,0,1,543.59
2020-12-01,gr1,hambantota,520.0,1,29.843357,110.2,187.1822,4.2,104,0,1,543.59
2020-12-01,gr1,kalutara,529.0,1,29.018969,208.20001,187.1822,4.2,104,0,1,543.59
2020-12-01,gr1,kandy,571.6,1,26.587194,251.90001,187.1822,4.2,104,0,1,543.59
2020-12-01,white,kandy,817.8,1,26.587194,251.90001,187.1822,4.2,104,0,1,801.36
2020-12-01,gr1,kegalle,558.6,1,28.42687,210.70001,187.1822,4.2,104,0,1,543.59
2020-12-01,white,kegalle,827.0,1,28.42687,210.70001,187.1822,4.2,104,0,1,801.36
2020-12-01,gr1,kurunegala,562.8,1,28.651161,337.4,187.1822,4.2,104,0,1,543.59
2020-12-01,gr1,matale,562.4,1,27.216002,383.2,187.1822,4.2,104,0,1,543.59
2020-12-01,white,matale,800.2,1,27.216002,383.2,187.1822,4.2,104,0,1,801.36
2020-12-01,gr1,matara,535.0,1,27.89326,110.9,187.1822,4.2,104,0,1,543.59
2020-12-01,gr1,monaragala,570.8,1,28.935034,310.2,187.1822,4.2,104,0,1,543.59
2020-12-01,white,monaragala,786.0,1,28.935034,310.2,187.1822,4.2,104,0,1,801.36
2020-12-01,gr1,nuwaraeliya,541.25,1,18.970274,224.8,187.1822,4.2,104,0,1,543.59
2020-12-01,gr1,ratnapura,539.8,1,28.903645,188.7,187.1822,4.2,104,0,1,543.59
2021-01-01,gr1,badulla,551.25,1,24.389257,467.5,190.4918,3.0,104,0,1,522.04
2021-01-01,white,badulla,752.75,1,24.389257,467.5,190.4918,3.0,104,0,1,783.1
2021-01-01,gr1,colombo,474.75,1,28.888515,280.1,190.4918,3.0,104,0,1,522.04
2021-01-01,gr1,galle,462.5,1,28.394516,278.8,190.4918,3.0,104,0,1,522.04
2021-01-01,gr1,gampaha,507.5,1,29.788225,211.8,190.4918,3.0,104,0,1,522.04
2021-01-01,gr1,hambantota,523.75,1,28.936903,177.3,190.4918,3.0,104,0,1,522.04
2021-01-01,gr1,kalutara,494.25,1,28.873806,239.5,190.4918,3.0,104,0,1,522.04
2021-01-01,gr1,kandy,556.25,1,26.575905,145.70001,190.4918,3.0,104,0,1,522.04
2021-01-01,white,kandy,798.0,1,26.575905,145.70001,190.4918,3.0,104,0,1,783.1
2021-01-01,gr1,kegalle,534.5,1,28.744614,288.6,190.4918,3.0,104,0,1,522.04
2021-01-01,white,kegalle,818.75,1,28.744614,288.6,190.4918,3.0,104,0,1,783.1
2021-01-01,gr1,kurunegala,528.5,1,29.04955,169.7,190.4918,3.0,104,0,1,522.04
2021-01-01,gr1,matale,563.0,1,27.528904,209.2,190.4918,3.0,104,0,1,522.04
2021-01-01,white,matale,775.25,1,27.528904,209.2,190.4918,3.0,104,0,1,783.1
2021-01-01,gr1,matara,502.5,1,27.49326,176.3,190.4918,3.0,104,0,1,522.04
2021-01-01,gr1,monaragala,563.25,1,27.875355,367.5,190.4918,3.0,104,0,1,522.04
2021-01-01,white,monaragala,770.75,1,27.875355,367.5,190.4918,3.0,104,0,1,783.1
2021-01-01,gr1,nuwaraeliya,523.0,1,19.115435,320.19998,190.4918,3.0,104,0,1,522.04
2021-01-01,gr1,ratnapura,523.5,1,28.911709,270.40002,190.4918,3.0,104,0,1,522.04
2021-02-01,gr1,badulla,549.5,1,25.121286,121.299995,194.0665,3.3,104,1,1,511.54
2021-02-01,white,badulla,781.0,1,25.121286,121.299995,194.0665,3.3,104,1,1,792.25
2021-02-01,gr1,colombo,473.5,1,30.48293,20.5,194.0665,3.3,104,1,1,511.54
2021-02-01,gr1,galle,500.0,1,29.051428,83.799995,194.0665,3.3,104,1,1,511.54
2021-02-01,gr1,gampaha,502.75,1,32.124287,15.3,194.0665,3.3,104,1,1,511.54
2021-02-01,gr1,hambantota,506.75,1,30.95436,22.5,194.0665,3.3,104,1,1,511.54
2021-02-01,gr1,kalutara,477.25,1,30.521214,32.8,194.0665,3.3,104,1,1,511.54
2021-02-01,gr1,kandy,532.25,1,28.632643,15.2,194.0665,3.3,104,1,1,511.54
2021-02-01,white,kandy,802.25,1,28.632643,15.2,194.0665,3.3,104,1,1,792.25
2021-02-01,gr1,kegalle,520.5,1,32.362644,17.4,194.0665,3.3,104,1,1,511.54
2021-02-01,white,kegalle,775.0,1,32.362644,17.4,194.0665,3.3,104,1,1,792.25
2021-02-01,gr1,kurunegala,493.5,1,31.420284,11.1,194.0665,3.3,104,1,1,511.54
2021-02-01,gr1,matale,543.0,1,29.557072,17.6,194.0665,3.3,104,1,1,511.54
2021-02-01,white,matale,820.25,1,29.557072,17.6,194.0665,3.3,104,1,1,792.25
2021-02-01,gr1,matara,510.0,1,28.234213,28.0,194.0665,3.3,104,1,1,511.54
2021-02-01,gr1,monaragala,539.5,1,29.380999,52.0,194.0665,3.3,104,1,1,511.54
2021-02-01,white,monaragala,782.75,1,29.380999,52.0,194.0665,3.3,104,1,1,792.25
2021-02-01,gr1,nuwaraeliya,506.25,1,20.173498,39.300003,194.0665,3.3,104,1,1,511.54
2021-02-01,gr1,ratnapura,506.75,1,30.448,62.5,194.0665,3.3,104,1,1,511.54
2021-03-01,gr1,badulla,628.6,1,26.466677,169.50002,196.9825,4.1,104,1,1,608.51
2021-03-01,white,badulla,806.8,1,26.466677,169.50002,196.9825,4.1,104,1,1,845.88
2021-03-01,gr1,colombo,562.75,1,30.01755,202.2,196.9825,4.1,104,1,1,608.51
2021-03-01,gr1,galle,596.0,1,30.089676,170.6,196.9825,4.1,104,1,1,608.51
2021-03-01,gr1,gampaha,629.2,1,31.686613,225.90001,196.9825,4.1,104,1,1,608.51
2021-03-01,gr1,hambantota,598.0,1,30.82884,116.3,196.9825,4.1,104,1,1,608.51
2021-03-01,gr1,kalutara,549.6,1,30.115742,224.5,196.9825,4.1,104,1,1,608.51
2021-03-01,gr1,kandy,622.8,1,29.661386,87.8,196.9825,4.1,104,1,1,608.51
2021-03-01,white,kandy,859.8,1,29.661386,87.8,196.9825,4.1,104,1,1,845.88
2021-03-01,gr1,kegalle,623.8,1,32.678486,176.6,196.9825,4.1,104,1,1,608.51
2021-03-01,white,kegalle,812.0,1,32.678486,176.6,196.9825,4.1,104,1,1,845.88
2021-03-01,gr1,kurunegala,612.6,1,33.291485,87.5,196.9825,4.1,104,1,1,608.51
2021-03-01,gr1,matale,634.6,1,31.461163,80.5,196.9825,4.1,104,1,1,608.51
2021-03-01,white,matale,908.2,1,31.461163,80.5,196.9825,4.1,104,1,1,845.88
2021-03-01,gr1,matara,616.0,1,28.675518,94.4,196.9825,4.1,104,1,1,608.51
2021-03-01,gr1,monaragala,636.4,1,30.180193,140.5,196.9825,4.1,104,1,1,608.51
2021-03-01,white,monaragala,842.6,1,30.180193,140.5,196.9825,4.1,104,1,1,845.88
2021-03-01,gr1,nuwaraeliya,592.8,1,20.3235,92.4,196.9825,4.1,104,1,1,608.51
2021-03-01,gr1,ratnapura,616.0,1,30.129452,267.1,196.9825,4.1,104,1,1,608.51
2021-04-01,gr1,badulla,711.6666666666666,0,27.782,231.40001,197.423,3.9,104,1,1,684.43
2021-04-01,white,badulla,917.3333333333334,0,27.782,231.40001,197.423,3.9,104,1,1,921.8
2021-04-01,gr1,colombo,646.3333333333334,0,30.049002,105.0,197.423,3.9,104,1,1,684.43
2021-04-01,gr1,galle,658.3333333333334,0,29.638332,78.299995,197.423,3.9,104,1,1,684.43
2021-04-01,gr1,gampaha,673.0,0,31.025,93.299995,197.423,3.9,104,1,1,684.43
2021-04-01,gr1,hambantota,681.0,0,31.787333,48.0,197.423,3.9,104,1,1,684.43
2021-04-01,gr1,kalutara,658.3333333333334,0,29.973,97.9,197.423,3.9,104,1,1,684.43
2021-04-01,gr1,kandy,700.3333333333334,0,29.809668,227.90001,197.423,3.9,104,1,1,684.43
2021-04-01,white,kandy,937.6666666666666,0,29.809668,227.90001,197.423,3.9,104,1,1,921.8
2021-04-01,gr1,kegalle,683.0,0,31.059666,192.3,197.423,3.9,104,1,1,684.43
2021-04-01,white,kegalle,841.3333333333334,0,31.059666,192.3,197.423,3.9,104,1,1,921.8
2021-04-01,gr1,kurunegala,676.6666666666666,0,31.967665,300.5,197.423,3.9,104,1,1,684.43
2021-04-01,gr1,matale,707.3333333333334,0,30.026001,448.8,197.423,3.9,104,1,1,684.43
2021-04-01,white,matale,986.0,0,30.026001,448.8,197.423,3.9,104,1,1,921.8
2021-04-01,gr1,matara,710.0,0,28.849335,96.0,197.423,3.9,104,1,1,684.43
2021-04-01,gr1,monaragala,714.6666666666666,0,32.096,147.6,197.423,3.9,104,1,1,684.43
2021-04-01,white,monaragala,926.6666666666666,0,32.096,147.6,197.423,3.9,104,1,1,921.8
2021-04-01,gr1,nuwaraeliya,656.3333333333334,0,20.685167,260.4,197.423,3.9,104,1,1,684.43
2021-04-01,gr1,ratnapura,705.0,0,30.303001,177.2,197.423,3.9,104,1,1,684.43
2021-05-01,gr1,badulla,687.6666666666666,0,28.06829,188.9,199.5847,4.5,111,0,1,666.1
2021-05-01,white,badulla,908.3333333333334,0,28.06829,188.9,199.5847,4.5,111,0,1,921.0
2021-05-01,gr1,colombo,617.6666666666666,0,29.403032,423.0,199.5847,4.5,111,0,1,666.1
2021-05-01,gr1,galle,633.3333333333334,0,29.426773,326.9,199.5847,4.5,111,0,1,666.1
2021-05-01,gr1,gampaha,669.3333333333334,0,29.94629,445.5,199.5847,4.5,111,0,1,666.1
2021-05-01,gr1,hambantota,673.3333333333334,0,31.661097,89.299995,199.5847,4.5,111,0,1,666.1
2021-05-01,gr1,kalutara,665.0,0,29.612514,393.5,199.5847,4.5,111,0,1,666.1
2021-05-01,gr1,kandy,686.0,0,27.716227,299.4,199.5847,4.5,111,0,1,666.1
2021-05-01,white,kandy,965.6666666666666,0,27.716227,299.4,199.5847,4.5,111,0,1,921.0
2021-05-01,gr1,kegalle,680.0,0,29.141386,457.4,199.5847,4.5,111,0,1,666.1
2021-05-01,white,kegalle,850.0,0,29.141386,457.4,199.5847,4.5,111,0,1,921.0
2021-05-01,gr1,kurunegala,664.0,0,29.726969,469.0,199.5847,4.5,111,0,1,666.1
2021-05-01,gr1,matara,666.6666666666666,0,28.752935,223.00002,199.5847,4.5,111,0,1,666.1
2021-05-01,gr1,monaragala,699.0,0,31.676966,179.5,199.5847,4.5,111,0,1,666.1
2021-05-01,white,monaragala,960.0,0,31.676966,179.5,199.5847,4.5,111,0,1,921.0
2021-05-01,gr1,nuwaraeliya,651.0,0,19.481564,527.5,199.5847,4.5,111,0,1,666.1
2021-05-01,gr1,ratnapura,666.3333333333334,0,29.724613,602.8,199.5847,4.5,111,0,1,666.1
2021-06-01,gr1,badulla,761.0,1,28.493666,163.0,199.8161,5.2,111,0,1,755.35
2021-06-01,white,badulla,987.5,1,28.493666,163.0,199.8161,5.2,111,0,1,1027.9
2021-06-01,gr1,colombo,695.0,1,28.617334,263.7,199.8161,5.2,111,0,1,755.35
2021-06-01,gr1,galle,735.0,1,28.56,256.1,199.8161,5.2,111,0,1,755.35
2021-06-01,gr1,gampaha,737.5,1,29.06,258.0,199.8161,5.2,111,0,1,755.35
2021-06-01,gr1,hambantota,787.0,1,32.11067,35.6,199.8161,5.2,111,0,1,755.35
2021-06-01,gr1,kalutara,722.5,1,28.686335,255.7,199.8161,5.2,111,0,1,755.35
2021-06-01,gr1,kandy,784.5,1,27.011333,140.5,199.8161,5.2,111,0,1,755.35
2021-06-01,white,kandy,1029.0,1,27.011333,140.5,199.8161,5.2,111,0,1,1027.9
2021-06-01,gr1,kegalle,775.0,1,28.106333,232.5,199.8161,5.2,111,0,1,755.35
2021-06-01,white,kegalle,1000.0,1,28.106333,232.5,199.8161,5.2,111,0,1,1027.9
2021-06-01,gr1,matale,786.0,1,27.291002,176.90001,199.8161,5.2,111,0,1,755.35
2021-06-01,white,matale,1090.0,1,27.291002,176.90001,199.8161,5.2,111,0,1,1027.9
2021-06-01,gr1,matara,755.0,1,28.111,161.40001,199.8161,5.2,111,0,1,755.35
2021-06-01,gr1,monaragala,783.0,1,34.499332,45.6,199.8161,5.2,111,0,1,755.35
2021-06-01,white,monaragala,1033.0,1,34.499332,45.6,199.8161,5.2,111,0,1,1027.9
2021-06-01,gr1,nuwaraeliya,730.0,1,18.755165,245.79999,199.8161,5.2,111,0,1,755.35
2021-06-01,gr1,ratnapura,768.0,1,28.783,378.5,199.8161,5.2,111,0,1,755.35
2021-07-01,gr1,badulla,751.75,1,28.653772,106.2,199.9778,5.7,111,0,1,749.55
2021-07-01,white,badulla,981.25,1,28.653772,106.2,199.9778,5.7,111,0,1,1036.75
2021-07-01,gr1,colombo,738.25,1,28.549807,264.0,199.9778,5.7,111,0,1,749.55
2021-07-01,gr1,galle,723.75,1,28.454191,343.4,199.9778,5.7,111,0,1,749.55
2021-07-01,gr1,gampaha,748.0,1,29.044678,269.1,199.9778,5.7,111,0,1,749.55
2021-07-01,gr1,hambantota,765.0,1,31.991743,35.800003,199.9778,5.7,111,0,1,749.55
2021-07-01,gr1,kalutara,745.0,1,28.670582,268.7,199.9778,5.7,111,0,1,749.55
2021-07-01,gr1,kandy,770.0,1,27.050098,135.6,199.9778,5.7,111,0,1,749.55
2021-07-01,white,kandy,1053.0,1,27.050098,135.6,199.9778,5.7,111,0,1,1036.75
2021-07-01,gr1,kegalle,755.0,1,28.457516,265.4,199.9778,5.7,111,0,1,749.55
2021-07-01,white,kegalle,962.5,1,28.457516,265.4,199.9778,5.7,111,0,1,1036.75
2021-07-01,gr1,kurunegala,747.6666666666666,1,29.186646,201.0,199.9778,5.7,111,0,1,749.55
2021-07-01,gr1,matale,769.5,1,27.403097,200.59999,199.9778,5.7,111,0,1,749.55
2021-07-01,white,matale,1120.5,1,27.403097,200.59999,199.9778,5.7,111,0,1,1036.75
2021-07-01,gr1,matara,752.5,1,27.830357,172.7,199.9778,5.7,111,0,1,749.55
2021-07-01,gr1,monaragala,766.0,1,35.3689,67.5,199.9778,5.7,111,0,1,749.55
2021-07-01,white,monaragala,1066.5,1,35.3689,67.5,199.9778,5.7,111,0,1,1036.75
2021-07-01,gr1,nuwaraeliya,733.3333333333334,1,18.260597,286.0,199.9778,5.7,111,0,1,749.55
2021-07-01,gr1,ratnapura,728.0,1,28.921389,400.30002,199.9778,5.7,111,0,1,749.55
2021-08-01,gr1,badulla,754.3333333333334,1,28.531193,193.4,200.4965,6.0,111,0,1,732.83
2021-08-01,white,badulla,983.3333333333334,1,28.531193,193.4,200.4965,6.0,111,0,1,1059.53
2021-08-01,gr1,colombo,715.3333333333334,1,28.217548,280.5,200.4965,6.0,111,0,1,732.83
2021-08-01,gr1,galle,706.6666666666666,1,28.06387,297.40002,200.4965,6.0,111,0,1,732.83
2021-08-01,gr1,gampaha,736.6666666666666,1,28.599514,267.2,200.4965,6.0,111,0,1,732.83
2021-08-01,gr1,hambantota,713.3333333333334,1,31.467548,54.1,200.4965,6.0,111,0,1,732.83
2021-08-01,gr1,kalutara,718.3333333333334,1,28.277033,256.8,200.4965,6.0,111,0,1,732.83
2021-08-01,gr1,kandy,737.3333333333334,1,26.595259,138.4,200.4965,6.0,111,0,1,732.83
2021-08-01,white,kandy,1070.3333333333333,1,26.595259,138.4,200.4965,6.0,111,0,1,1059.53
2021-08-01,gr1,kegalle,738.3333333333334,1,27.77042,294.1,200.4965,6.0,111,0,1,732.83
2021-08-01,white,kegalle,966.6666666666666,1,27.77042,294.1,200.4965,6.0,111,0,1,1059.53
2021-08-01,gr1,kurunegala,755.6666666666666,1,28.593096,203.40001,200.4965,6.0,111,0,1,732.83
2021-08-01,gr1,matale,758.6666666666666,1,26.864388,189.0,200.4965,6.0,111,0,1,732.83
2021-08-01,white,matale,1160.6666666666667,1,26.864388,189.0,200.4965,6.0,111,0,1,1059.53
2021-08-01,gr1,matara,731.6666666666666,1,27.480354,166.09999,200.4965,6.0,111,0,1,732.83
2021-08-01,gr1,monaragala,746.3333333333334,1,34.938255,93.1,200.4965,6.0,111,0,1,732.83
2021-08-01,white,monaragala,1116.6666666666667,1,34.938255,93.1,200.4965,6.0,111,0,1,1059.53
2021-08-01,gr1,nuwaraeliya,725.0,1,18.055758,199.79999,200.4965,6.0,111,0,1,732.83
2021-08-01,gr1,ratnapura,722.0,1,28.413324,501.80002,200.4965,6.0,111,0,1,732.83
2021-10-01,gr1,badulla,854.25,0,27.713451,261.7,201.0899,7.6,111,0,1,837.68
2021-10-01,white,badulla,1115.5,0,27.713451,261.7,201.0899,7.6,111,0,1,1185.78
2021-10-01,gr1,colombo,787.0,0,28.482065,337.5,201.0899,7.6,111,0,1,837.68
2021-10-01,gr1,galle,831.6666666666666,0,28.478386,284.40002,201.0899,7.6,111,0,1,837.68
2021-10-01,gr1,gampaha,841.25,0,29.133387,378.0,201.0899,7.6,111,0,1,837.68
2021-10-01,gr1,hambantota,842.5,0,30.693356,130.0,201.0899,7.6,111,0,1,837.68
2021-10-01,gr1,kalutara,805.0,0,28.694773,284.2,201.0899,7.6,111,0,1,837.68
2021-10-01,gr1,kandy,848.25,0,27.138807,238.5,201.0899,7.6,111,0,1,837.68
2021-10-01,white,kandy,1181.0,0,27.138807,238.5,201.0899,7.6,111,0,1,1185.78
2021-10-01,gr1,kegalle,863.3333333333334,0,28.396227,419.19998,201.0899,7.6,111,0,1,837.68
2021-10-01,white,kegalle,1166.6666666666667,0,28.396227,419.19998,201.0899,7.6,111,0,1,1185.78
2021-10-01,gr1,kurunegala,839.6666666666666,0,29.188257,373.0,201.0899,7.6,111,0,1,837.68
2021-10-01,gr1,matale,871.75,0,27.622452,385.9,201.0899,7.6,111,0,1,837.68
2021-10-01,white,matale,1212.5,0,27.622452,385.9,201.0899,7.6,111,0,1,1185.78
2021-10-01,gr1,matara,852.5,0,27.94971,183.3,201.0899,7.6,111,0,1,837.68
2021-10-01,gr1,monaragala,847.5,0,32.333416,198.1,201.0899,7.6,111,0,1,837.68
2021-10-01,white,monaragala,1253.25,0,32.333416,198.1,201.0899,7.6,111,0,1,1185.78
2021-10-01,gr1,nuwaraeliya,801.6666666666666,0,18.970274,301.8,201.0899,7.6,111,0,1,837.68
2021-10-01,gr1,ratnapura,841.25,0,28.889128,406.2,201.0899,7.6,111,0,1,837.68
2021-11-01,gr1,badulla,1009.6,1,25.883665,365.19998,201.8582,9.9,111,0,1,998.1
2021-11-01,white,badulla,1232.2,1,25.883665,365.19998,201.8582,9.9,111,0,1,1244.32
2021-11-01,gr1,colombo,938.6,1,27.935667,533.9,201.8582,9.9,111,0,1,998.1
2021-11-01,gr1,galle,997.0,1,28.07,420.10004,201.8582,9.9,111,0,1,998.1
2021-11-01,gr1,gampaha,1007.0,1,28.496666,549.4,201.8582,9.9,111,0,1,998.1
2021-11-01,gr1,hambantota,1015.8,1,29.817333,223.40001,201.8582,9.9,111,0,1,998.1
2021-11-01,gr1,kalutara,948.0,1,28.216333,473.2,201.8582,9.9,111,0,1,998.1
2021-11-01,gr1,kandy,994.8,1,25.859669,290.5,201.8582,9.9,111,0,1,998.1
2021-11-01,white,kandy,1179.4,1,25.859669,290.5,201.8582,9.9,111,0,1,1244.32
2021-11-01,gr1,kegalle,1009.6,1,27.418,543.2,201.8582,9.9,111,0,1,998.1
2021-11-01,white,kegalle,1170.0,1,27.418,543.2,201.8582,9.9,111,0,1,1244.32
2021-11-01,gr1,kurunegala,994.0,1,28.162666,394.2,201.8582,9.9,111,0,1,998.1
2021-11-01,gr1,matale,1025.4,1,26.589333,374.8,201.8582,9.9,111,0,1,998.1
2021-11-01,white,matale,1336.8,1,26.589333,374.8,201.8582,9.9,111,0,1,1244.32
2021-11-01,gr1,matara,1018.0,1,27.834333,302.1,201.8582,9.9,111,0,1,998.1
2021-11-01,gr1,monaragala,1024.6,1,29.171,381.3,201.8582,9.9,111,0,1,998.1
2021-11-01,white,monaragala,1303.2,1,29.171,381.3,201.8582,9.9,111,0,1,1244.32
2021-11-01,gr1,nuwaraeliya,980.0,1,18.2335,297.1,201.8582,9.9,111,0,1,998.1
2021-11-01,gr1,ratnapura,1011.0,1,28.031334,538.0,201.8582,9.9,111,0,1,998.1
2021-12-01,gr1,badulla,1139.5,1,24.919903,185.2,201.399,12.1,121,0,1,1117.54
2021-12-01,white,badulla,1289.25,1,24.919903,185.2,201.399,12.1,121,0,1,1424.98
2021-12-01,gr1,colombo,1031.5,1,29.882067,102.0,201.399,12.1,121,0,1,1117.54
2021-12-01,gr1,galle,1103.75,1,28.896128,122.3,201.399,12.1,121,0,1,1117.54
2021-12-01,gr1,gampaha,1096.25,1,31.180162,101.1,201.399,12.1,121,0,1,1117.54
2021-12-01,gr1,hambantota,1163.0,1,29.730453,125.700005,201.399,12.1,121,0,1,1117.54
2021-12-01,gr1,kalutara,1038.75,1,29.346386,83.100006,201.399,12.1,121,0,1,1117.54
2021-12-01,gr1,kandy,1096.75,1,27.158161,44.7,201.399,12.1,121,0,1,1117.54
2021-12-01,white,kandy,1430.5,1,27.158161,44.7,201.399,12.1,121,0,1,1424.98
2021-12-01,gr1,kegalle,1147.75,1,30.138163,86.799995,201.399,12.1,121,0,1,1117.54
2021-12-01,white,kegalle,1366.6666666666667,1,30.138163,86.799995,201.399,12.1,121,0,1,1424.98
2021-12-01,gr1,kurunegala,1106.5,1,30.10116,56.2,201.399,12.1,121,0,1,1117.54
2021-12-01,gr1,matale,1151.0,1,28.377293,53.2,201.399,12.1,121,0,1,1117.54
2021-12-01,white,matale,1607.0,1,28.377293,53.2,201.399,12.1,121,0,1,1424.98
2021-12-01,gr1,matara,1145.0,1,28.357775,135.2,201.399,12.1,121,0,1,1117.54
2021-12-01,gr1,monaragala,1162.0,1,28.964064,120.4,201.399,12.1,121,0,1,1117.54
2021-12-01,white,monaragala,1431.5,1,28.964064,120.4,201.399,12.1,121,0,1,1424.98
2021-12-01,gr1,nuwaraeliya,1108.75,1,19.46221,61.600002,201.399,12.1,121,0,1,1117.54
2021-12-01,gr1,ratnapura,1155.0,1,29.45526,184.8,201.399,12.1,121,0,1,1117.54
2022-01-01,gr1,badulla,1165.5,1,24.674742,148.90001,201.4647,14.2,121,0,1,1142.21
2022-01-01,white,badulla,1412.5,1,24.674742,148.90001,201.4647,14.2,121,0,1,1533.23
2022-01-01,gr1,colombo,1046.75,1,30.790129,71.200005,201.4647,14.2,121,0,1,1142.21
2022-01-01,gr1,galle,1116.25,1,28.817095,89.700005,201.4647,14.2,121,0,1,1142.21
2022-01-01,gr1,gampaha,1115.0,1,32.265648,65.0,201.4647,14.2,121,0,1,1142.21
2022-01-01,gr1,hambantota,1173.0,1,30.49013,43.1,201.4647,14.2,121,0,1,1142.21
2022-01-01,gr1,kalutara,1070.0,1,29.991549,76.0,201.4647,14.2,121,0,1,1142.21
2022-01-01,gr1,kandy,1153.0,1,28.50171,32.7,201.4647,14.2,121,0,1,1142.21
2022-01-01,white,kandy,1509.25,1,28.50171,32.7,201.4647,14.2,121,0,1,1533.23
2022-01-01,gr1,kegalle,1159.5,1,31.522032,37.7,201.4647,14.2,121,0,1,1142.21
2022-01-01,white,kegalle,1475.0,1,31.522032,37.7,201.4647,14.2,121,0,1,1533.23
2022-01-01,gr1,kurunegala,1111.5,1,31.193096,21.4,201.4647,14.2,121,0,1,1142.21
2022-01-01,gr1,matale,1196.0,1,29.37084,19.0,201.4647,14.2,121,0,1,1142.21
2022-01-01,white,matale,1722.75,1,29.37084,19.0,201.4647,14.2,121,0,1,1533.23
2022-01-01,gr1,matara,1157.5,1,27.848097,71.200005,201.4647,14.2,121,0,1,1142.21
2022-01-01,gr1,monaragala,1201.0,1,29.115677,88.0,201.4647,14.2,121,0,1,1142.21
2022-01-01,white,monaragala,1546.6666666666667,1,29.115677,88.0,201.4647,14.2,121,0,1,1533.23
2022-01-01,gr1,nuwaraeliya,1147.5,1,19.471886,61.899998,201.4647,14.2,121,0,1,1142.21
2022-01-01,gr1,ratnapura,1178.5,1,30.40042,75.6,201.4647,14.2,121,0,1,1142.21
2022-02-01,gr1,badulla,1174.0,1,25.180212,112.100006,201.7362,15.1,176,1,1,1160.14
2022-02-01,white,badulla,1426.75,1,25.180212,112.100006,201.7362,15.1,176,1,1,1580.47
2022-02-01,gr1,colombo,1113.0,1,31.45793,51.199997,201.7362,15.1,176,1,1,1160.14
2022-02-01,gr1,galle,1175.0,1,29.6675,109.7,201.7362,15.1,176,1,1,1160.14
2022-02-01,gr1,gampaha,1156.25,1,32.979645,47.7,201.7362,15.1,176,1,1,1160.14
2022-02-01,gr1,hambantota,1168.75,1,31.509716,44.0,201.7362,15.1,176,1,1,1160.14
2022-02-01,gr1,kalutara,1132.0,1,30.460499,73.4,201.7362,15.1,176,1,1,1160.14
2022-02-01,gr1,kandy,1172.25,1,29.623714,56.2,201.7362,15.1,176,1,1,1160.14
2022-02-01,white,kandy,1504.0,1,29.623714,56.2,201.7362,15.1,176,1,1,1580.47
2022-02-01,gr1,kegalle,1145.5,1,31.850143,83.8,201.7362,15.1,176,1,1,1160.14
2022-02-01,white,kegalle,1547.75,1,31.850143,83.8,201.7362,15.1,176,1,1,1580.47
2022-02-01,gr1,kurunegala,1170.0,1,31.720285,61.8,201.7362,15.1,176,1,1,1160.14
2022-02-01,gr1,matale,1196.5,1,29.617786,74.7,201.7362,15.1,176,1,1,1160.14
2022-02-01,white,matale,1790.5,1,29.617786,74.7,201.7362,15.1,176,1,1,1580.47
2022-02-01,gr1,matara,1215.0,1,28.414572,35.3,201.7362,15.1,176,1,1,1160.14
2022-02-01,gr1,monaragala,1158.6666666666667,1,30.43457,55.1,201.7362,15.1,176,1,1,1160.14
2022-02-01,white,monaragala,1633.3333333333333,1,30.43457,55.1,201.7362,15.1,176,1,1,1580.47
2022-02-01,gr1,nuwaraeliya,1108.75,1,20.466356,49.100002,201.7362,15.1,176,1,1,1160.14
2022-02-01,gr1,ratnapura,1156.25,1,31.498,75.1,201.7362,15.1,176,1,1,1160.14
2022-03-01,gr1,badulla,1481.75,1,27.208612,65.0,255.8081,18.7,176,1,1,1460.57
2022-03-01,white,badulla,1695.75,1,27.208612,65.0,255.8081,18.7,176,1,1,1839.45
2022-03-01,gr1,colombo,1397.0,1,30.924002,54.5,255.8081,18.7,176,1,1,1460.57
2022-03-01,gr1,galle,1478.75,1,29.749353,105.9,255.8081,18.7,176,1,1,1460.57
2022-03-01,gr1,gampaha,1447.5,1,31.946291,57.699997,255.8081,18.7,176,1,1,1460.57
2022-03-01,gr1,hambantota,1479.25,1,31.291742,70.9,255.8081,18.7,176,1,1,1460.57
2022-03-01,gr1,kalutara,1381.0,1,30.335096,87.5,255.8081,18.7,176,1,1,1460.57
2022-03-01,gr1,kandy,1431.25,1,30.525904,48.5,255.8081,18.7,176,1,1,1460.57
2022-03-01,white,kandy,1819.5,1,30.525904,48.5,255.8081,18.7,176,1,1,1839.45
2022-03-01,gr1,kegalle,1462.25,1,32.218807,62.9,255.8081,18.7,176,1,1,1460.57
2022-03-01,white,kegalle,1758.25,1,32.218807,62.9,255.8081,18.7,176,1,1,1839.45
2022-03-01,gr1,kurunegala,1437.25,1,32.71084,52.699997,255.8081,18.7,176,1,1,1460.57
2022-03-01,gr1,matale,1511.0,1,30.819225,54.5,255.8081,18.7,176,1,1,1460.57
2022-03-01,white,matale,2048.75,1,30.819225,54.5,255.8081,18.7,176,1,1,1839.45
2022-03-01,gr1,matara,1537.5,1,28.806162,68.1,255.8081,18.7,176,1,1,1460.57
2022-03-01,gr1,monaragala,1487.5,1,31.85761,98.7,255.8081,18.7,176,1,1,1460.57
2022-03-01,white,monaragala,1875.0,1,31.85761,98.7,255.8081,18.7,176,1,1,1839.45
2022-03-01,gr1,nuwaraeliya,1427.5,1,21.192854,49.4,255.8081,18.7,176,1,1,1460.57
2022-03-01,gr1,ratnapura,1488.5,1,31.418161,91.700005,255.8081,18.7,176,1,1,1460.57
2022-04-01,gr1,badulla,1742.3333333333333,0,27.380333,250.8,319.4404,29.8,289,1,1,1744.73
2022-04-01,white,badulla,1955.3333333333333,0,27.380333,250.8,319.4404,29.8,289,1,1,2214.2
2022-04-01,gr1,colombo,1658.6666666666667,0,29.747335,220.7,319.4404,29.8,289,1,1,1744.73
2022-04-01,gr1,galle,1775.0,0,29.531666,184.5,319.4404,29.8,289,1,1,1744.73
2022-04-01,gr1,gampaha,1736.6666666666667,0,30.608334,289.0,319.4404,29.8,289,1,1,1744.73
2022-04-01,gr1,hambantota,1813.3333333333333,0,30.857334,82.6,319.4404,29.8,289,1,1,1744.73
2022-04-01,gr1,kalutara,1576.6666666666667,0,29.758,228.0,319.4404,29.8,289,1,1,1744.73
2022-04-01,gr1,kandy,1694.0,0,28.791332,231.40001,319.4404,29.8,289,1,1,1744.73
2022-04-01,white,kandy,2129.0,0,28.791332,231.40001,319.4404,29.8,289,1,1,2214.2
2022-04-01,gr1,kegalle,1780.3333333333333,0,30.586334,230.4,319.4404,29.8,289,1,1,1744.73
2022-04-01,white,kegalle,2166.6666666666665,0,30.586334,230.4,319.4404,29.8,289,1,1,2214.2
2022-04-01,gr1,kurunegala,1733.0,0,31.499332,230.0,319.4404,29.8,289,1,1,1744.73
2022-04-01,gr1,matale,1907.0,0,29.669334,240.1,319.4404,29.8,289,1,1,1744.73
2022-04-01,white,matale,2650.0,0,29.669334,240.1,319.4404,29.8,289,1,1,2214.2
2022-04-01,gr1,matara,1793.3333333333333,0,28.694334,122.9,319.4404,29.8,289,1,1,1744.73
2022-04-01,gr1,monaragala,1770.0,0,31.579334,205.7,319.4404,29.8,289,1,1,1744.73
2022-04-01,white,monaragala,2170.0,0,31.579334,205.7,319.4404,29.8,289,1,1,2214.2
2022-04-01,gr1,nuwaraeliya,1623.3333333333333,0,20.4085,164.90001,319.4404,29.8,289,1,1,1744.73
2022-04-01,gr1,ratnapura,1822.5,0,30.036335,335.1,319.4404,29.8,289,1,1,1744.73
2022-05-01,gr1,badulla,1848.75,0,28.992483,143.0,358.939,39.1,289,0,1,1845.21
2022-05-01,white,badulla,2137.5,0,28.992483,143.0,358.939,39.1,289,0,1,2429.95
2022-05-01,gr1,colombo,1841.0,0,28.84658,614.30005,358.939,39.1,289,0,1,1845.21
2022-05-01,gr1,galle,1820.0,0,28.81871,530.3,358.939,39.1,289,0,1,1845.21
2022-05-01,gr1,gampaha,1897.5,0,29.243063,525.9,358.939,39.1,289,0,1,1845.21
2022-05-01,gr1,hambantota,1800.0,0,30.783678,121.3,358.939,39.1,289,0,1,1845.21
2022-05-01,gr1,kalutara,1742.5,0,28.883484,606.10004,358.939,39.1,289,0,1,1845.21
2022-05-01,gr1,kandy,1806.5,0,27.324291,191.70001,358.939,39.1,289,0,1,1845.21
2022-05-01,white,kandy,2396.5,0,27.324291,191.70001,358.939,39.1,289,0,1,2429.95
2022-05-01,gr1,kegalle,1874.75,0,28.32687,358.1,358.939,39.1,289,0,1,1845.21
2022-05-01,white,kegalle,2320.75,0,28.32687,358.1,358.939,39.1,289,0,1,2429.95
2022-05-01,gr1,kurunegala,1895.75,0,29.273743,224.7,358.939,39.1,289,0,1,1845.21
2022-05-01,gr1,matale,1860.5,0,27.695032,206.5,358.939,39.1,289,0,1,1845.21
2022-05-01,white,matale,2674.25,0,27.695032,206.5,358.939,39.1,289,0,1,2429.95
2022-05-01,gr1,matara,1969.0,0,28.191647,310.3,358.939,39.1,289,0,1,1845.21
2022-05-01,gr1,monaragala,1826.5,0,33.09148,66.0,358.939,39.1,289,0,1,1845.21
2022-05-01,white,monaragala,2620.75,0,33.09148,66.0,358.939,39.1,289,0,1,2429.95
2022-05-01,gr1,nuwaraeliya,1803.75,0,18.518661,371.4,358.939,39.1,289,0,1,1845.21
2022-05-01,gr1,ratnapura,1846.5,0,28.613323,775.0,358.939,39.1,289,0,1,1845.21
2022-06-01,gr1,badulla,1848.75,1,28.45033,152.5,360.2428,54.6,430,0,1,1843.43
2022-06-01,white,badulla,2137.5,1,28.45033,152.5,360.2428,54.6,430,0,1,2429.95
2022-06-01,gr1,colombo,1841.0,1,28.452333,253.5,360.2428,54.6,430,0,1,1843.43
2022-06-01,gr1,galle,1820.0,1,28.351665,259.1,360.2428,54.6,430,0,1,1843.43
2022-06-01,gr1,gampaha,1897.5,1,29.008333,216.09999,360.2428,54.6,430,0,1,1843.43
2022-06-01,gr1,hambantota,1800.0,1,30.675667,42.5,360.2428,54.6,430,0,1,1843.43
2022-06-01,gr1,kalutara,1742.5,1,28.433,297.7,360.2428,54.6,430,0,1,1843.43
2022-06-01,gr1,kandy,1806.5,1,27.471334,70.4,360.2428,54.6,430,0,1,1843.43
2022-06-01,white,kandy,2396.5,1,27.471334,70.4,360.2428,54.6,430,0,1,2429.95
2022-06-01,gr1,kegalle,1874.75,1,28.391333,140.6,360.2428,54.6,430,0,1,1843.43
2022-06-01,white,kegalle,2320.75,1,28.391333,140.6,360.2428,54.6,430,0,1,2429.95
2022-06-01,gr1,kurunegala,1895.75,1,29.347666,103.2,360.2428,54.6,430,0,1,1843.43
2022-06-01,gr1,matale,1860.5,1,27.654333,108.1,360.2428,54.6,430,0,1,1843.43
2022-06-01,white,matale,2674.25,1,27.654333,108.1,360.2428,54.6,430,0,1,2429.95
2022-06-01,gr1,matara,1944.0,1,27.796,117.59999,360.2428,54.6,430,0,1,1843.43
2022-06-01,gr1,monaragala,1826.5,1,34.00433,66.4,360.2428,54.6,430,0,1,1843.43
2022-06-01,white,monaragala,2620.75,1,34.00433,66.4,360.2428,54.6,430,0,1,2429.95
2022-06-01,gr1,nuwaraeliya,1803.75,1,18.301832,137.3,360.2428,54.6,430,0,1,1843.43
2022-06-01,gr1,ratnapura,1846.5,1,28.598,301.1,360.2428,54.6,430,0,1,1843.43
2022-07-01,gr1,badulla,1777.25,1,28.623127,126.7,360.8724,60.8,430,0,1,1805.43
2022-07-01,white,badulla,2270.75,1,28.623127,126.7,360.8724,60.8,430,0,1,2553.2
2022-07-01,gr1,colombo,1734.5,1,28.380451,183.7,360.8724,60.8,430,0,1,1805.43
2022-07-01,gr1,galle,1772.5,1,28.31871,213.8,360.8724,60.8,430,0,1,1805.43
2022-07-01,gr1,gampaha,1820.0,1,29.139837,162.3,360.8724,60.8,430,0,1,1805.43
2022-07-01,gr1,hambantota,1785.0,1,31.825613,114.8,360.8724,60.8,430,0,1,1805.43
2022-07-01,gr1,kalutara,1802.5,1,28.523806,185.7,360.8724,60.8,430,0,1,1805.43
2022-07-01,gr1,kandy,1803.75,1,27.12429,159.4,360.8724,60.8,430,0,1,1805.43
2022-07-01,white,kandy,2502.0,1,27.12429,159.4,360.8724,60.8,430,0,1,2553.2
2022-07-01,gr1,kegalle,1803.75,1,28.654291,197.90001,360.8724,60.8,430,0,1,1805.43
2022-07-01,white,kegalle,2399.75,1,28.654291,197.90001,360.8724,60.8,430,0,1,2553.2
2022-07-01,gr1,kurunegala,1845.75,1,29.814066,172.3,360.8724,60.8,430,0,1,1805.43
2022-07-01,gr1,matale,1871.25,1,27.862776,168.8,360.8724,60.8,430,0,1,1805.43
2022-07-01,white,matale,2938.5,1,27.862776,168.8,360.8724,60.8,430,0,1,2553.2
2022-07-01,gr1,matara,1790.0,1,27.694872,99.40001,360.8724,60.8,430,0,1,1805.43
2022-07-01,gr1,monaragala,1821.5,1,34.041485,155.5,360.8724,60.8,430,0,1,1805.43
2022-07-01,white,monaragala,2655.0,1,34.041485,155.5,360.8724,60.8,430,0,1,2553.2
2022-07-01,gr1,nuwaraeliya,1825.0,1,18.041243,334.1,360.8724,60.8,430,0,1,1805.43
2022-07-01,gr1,ratnapura,1823.25,1,28.860098,326.6,360.8724,60.8,430,0,1,1805.43
2022-08-01,gr1,badulla,1799.6,1,28.503775,145.40001,360.9983,64.3,430,0,1,1801.86
2022-08-01,white,badulla,2375.0,1,28.503775,145.40001,360.9983,64.3,430,0,1,2616.13
2022-08-01,gr1,colombo,1705.2,1,27.959484,314.3,360.9983,64.3,430,0,1,1801.86
2022-08-01,gr1,galle,1795.0,1,27.931614,264.2,360.9983,64.3,430,0,1,1801.86
2022-08-01,gr1,gampaha,1830.0,1,28.501127,278.7,360.9983,64.3,430,0,1,1801.86
2022-08-01,gr1,hambantota,1774.0,1,31.088516,61.3,360.9983,64.3,430,0,1,1801.86
2022-08-01,gr1,kalutara,1754.0,1,28.13671,304.30002,360.9983,64.3,430,0,1,1801.86
2022-08-01,gr1,kandy,1821.8,1,26.52429,206.7,360.9983,64.3,430,0,1,1801.86
2022-08-01,white,kandy,2496.4,1,26.52429,206.7,360.9983,64.3,430,0,1,2616.13
2022-08-01,gr1,kegalle,1816.4,1,28.018806,328.2,360.9983,64.3,430,0,1,1801.86
2022-08-01,white,kegalle,2458.25,1,28.018806,328.2,360.9983,64.3,430,0,1,2616.13
2022-08-01,gr1,kurunegala,1850.0,1,28.976969,219.1,360.9983,64.3,430,0,1,1801.86
2022-08-01,gr1,matale,1851.2,1,27.177292,261.4,360.9983,64.3,430,0,1,1801.86
2022-08-01,white,matale,2961.0,1,27.177292,261.4,360.9983,64.3,430,0,1,2616.13
2022-08-01,gr1,matara,1827.4,1,27.078743,130.1,360.9983,64.3,430,0,1,1801.86
2022-08-01,gr1,monaragala,1822.2,1,32.583416,134.5,360.9983,64.3,430,0,1,1801.86
2022-08-01,white,monaragala,2790.0,1,32.583416,134.5,360.9983,64.3,430,0,1,2616.13
2022-08-01,gr1,nuwaraeliya,1790.0,1,17.783178,381.5,360.9983,64.3,430,0,1,1801.86
2022-08-01,gr1,ratnapura,1789.2,1,28.324614,376.1,360.9983,64.3,430,0,1,1801.86
2022-09-01,gr1,badulla,1787.25,0,28.873665,130.5,362.3826,69.8,415,0,1,1767.02
2022-09-01,white,badulla,2516.25,0,28.873665,130.5,362.3826,69.8,415,0,1,2671.0
2022-09-01,gr1,colombo,1697.0,0,28.285667,178.4,362.3826,69.8,415,0,1,1767.02
2022-09-01,gr1,galle,1763.75,0,28.135,183.8,362.3826,69.8,415,0,1,1767.02
2022-09-01,gr1,gampaha,1792.5,0,28.906668,164.5,362.3826,69.8,415,0,1,1767.02
2022-09-01,gr1,hambantota,1785.5,0,31.115667,33.8,362.3826,69.8,415,0,1,1767.02
2022-09-01,gr1,kalutara,1675.0,0,28.404667,176.2,362.3826,69.8,415,0,1,1767.02
2022-09-01,gr1,kandy,1756.25,0,27.196333,84.2,362.3826,69.8,415,0,1,1767.02
2022-09-01,white,kandy,2635.25,0,27.196333,84.2,362.3826,69.8,415,0,1,2671.0
2022-09-01,gr1,kegalle,1737.25,0,28.656334,115.90001,362.3826,69.8,415,0,1,1767.02
2022-09-01,white,kegalle,2475.0,0,28.656334,115.90001,362.3826,69.8,415,0,1,2671.0
2022-09-01,gr1,kurunegala,1779.0,0,29.689333,81.0,362.3826,69.8,415,0,1,1767.02
2022-09-01,gr1,matale,1809.5,0,27.679333,103.2,362.3826,69.8,415,0,1,1767.02
2022-09-01,white,matale,2937.75,0,27.679333,103.2,362.3826,69.8,415,0,1,2671.0
2022-09-01,gr1,matara,1781.5,0,27.466,110.50001,362.3826,69.8,415,0,1,1767.02
2022-09-01,gr1,monaragala,1805.0,0,33.992664,47.3,362.3826,69.8,415,0,1,1767.02
2022-09-01,white,monaragala,2790.75,0,33.992664,47.3,362.3826,69.8,415,0,1,2671.0
2022-09-01,gr1,nuwaraeliya,1762.5,0,18.7435,158.6,362.3826,69.8,415,0,1,1767.02
2022-09-01,gr1,ratnapura,1806.25,0,28.759668,232.0,362.3826,69.8,415,0,1,1767.02
2022-10-01,gr1,badulla,1778.5,0,27.061838,304.3,363.1484,66.0,430,0,1,1808.95
2022-10-01,white,badulla,2641.75,0,27.061838,304.3,363.1484,66.0,430,0,1,2737.7
2022-10-01,gr1,colombo,1728.5,0,27.841743,431.3,363.1484,66.0,430,0,1,1808.95
2022-10-01,gr1,galle,1795.0,0,27.850967,368.6,363.1484,66.0,430,0,1,1808.95
2022-10-01,gr1,gampaha,1816.25,0,28.56887,422.2,363.1484,66.0,430,0,1,1808.95
2022-10-01,gr1,hambantota,1841.5,0,31.228838,105.1,363.1484,66.0,430,0,1,1808.95
2022-10-01,gr1,kalutara,1735.0,0,28.115742,428.7,363.1484,66.0,430,0,1,1808.95
2022-10-01,gr1,kandy,1822.25,0,26.36784,293.1,363.1484,66.0,430,0,1,1808.95
2022-10-01,white,kandy,2702.25,0,26.36784,293.1,363.1484,66.0,430,0,1,2737.7
2022-10-01,gr1,kegalle,1770.5,0,27.791388,499.09998,363.1484,66.0,430,0,1,1808.95
2022-10-01,white,kegalle,2558.25,0,27.791388,499.09998,363.1484,66.0,430,0,1,2737.7
2022-10-01,gr1,kurunegala,1879.25,0,28.764065,377.7,363.1484,66.0,430,0,1,1808.95
2022-10-01,gr1,matale,1863.5,0,27.062777,342.59998,363.1484,66.0,430,0,1,1808.95
2022-10-01,white,matale,2902.25,0,27.062777,342.59998,363.1484,66.0,430,0,1,2737.7
2022-10-01,gr1,matara,1836.0,0,27.440031,179.6,363.1484,66.0,430,0,1,1808.95
2022-10-01,gr1,monaragala,1836.5,0,31.456,309.1,363.1484,66.0,430,0,1,1808.95
2022-10-01,white,monaragala,2884.0,0,31.456,309.1,363.1484,66.0,430,0,1,2737.7
2022-10-01,gr1,nuwaraeliya,1782.5,0,18.326725,359.2,363.1484,66.0,430,0,1,1808.95
2022-10-01,gr1,ratnapura,1840.0,0,28.019775,517.2,363.1484,66.0,430,0,1,1808.95
2022-11-01,gr1,badulla,1816.8,1,25.490332,228.20001,363.394,61.0,420,0,1,1745.04
2022-11-01,white,badulla,2600.2,1,25.490332,228.20001,363.394,61.0,420,0,1,2702.04
2022-11-01,gr1,colombo,1687.8,1,28.719,231.3,363.394,61.0,420,0,1,1745.04
2022-11-01,gr1,galle,1601.0,1,28.668333,192.5,363.394,61.0,420,0,1,1745.04
2022-11-01,gr1,gampaha,1736.0,1,29.698334,245.0,363.394,61.0,420,0,1,1745.04
2022-11-01,gr1,hambantota,1763.4,1,30.024,215.1,363.394,61.0,420,0,1,1745.04
2022-11-01,gr1,kalutara,1726.0,1,28.942999,198.90001,363.394,61.0,420,0,1,1745.04
2022-11-01,gr1,kandy,1812.2,1,26.608,154.1,363.394,61.0,420,0,1,1745.04
2022-11-01,white,kandy,2648.6,1,26.608,154.1,363.394,61.0,420,0,1,2702.04
2022-11-01,gr1,kegalle,1723.0,1,28.748,265.3,363.394,61.0,420,0,1,1745.04
2022-11-01,white,kegalle,2435.0,1,28.748,265.3,363.394,61.0,420,0,1,2702.04
2022-11-01,gr1,kurunegala,1823.2,1,29.431,266.8,363.394,61.0,420,0,1,1745.04
2022-11-01,gr1,matale,1838.2,1,27.812666,244.9,363.394,61.0,420,0,1,1745.04
2022-11-01,white,matale,2980.8,1,27.812666,244.9,363.394,61.0,420,0,1,2702.04
2022-11-01,gr1,matara,1597.2,1,28.061,164.6,363.394,61.0,420,0,1,1745.04
2022-11-01,gr1,monaragala,1803.8,1,29.404333,258.2,363.394,61.0,420,0,1,1745.04
2022-11-01,white,monaragala,2845.6,1,29.404333,258.2,363.394,61.0,420,0,1,2702.04
2022-11-01,gr1,nuwaraeliya,1786.0,1,18.936832,140.8,363.394,61.0,420,0,1,1745.04
2022-11-01,gr1,ratnapura,1716.0,1,29.032999,269.6,363.394,61.0,420,0,1,1745.04
2022-12-01,gr1,badulla,1781.25,1,24.448935,234.8,363.1652,57.2,420,0,1,1640.54
2022-12-01,white,badulla,2612.0,1,24.448935,234.8,363.1652,57.2,420,0,1,2721.37
2022-12-01,gr1,colombo,1469.25,1,28.69013,195.90001,363.1652,57.2,420,0,1,1640.54
2022-12-01,gr1,galle,1531.25,1,28.178387,207.50002,363.1652,57.2,420,0,1,1640.54
2022-12-01,gr1,gampaha,1592.5,1,29.380161,164.79999,363.1652,57.2,420,0,1,1640.54
2022-12-01,gr1,hambantota,1758.25,1,29.314323,193.5,363.1652,57.2,420,0,1,1640.54
2022-12-01,gr1,kalutara,1450.0,1,28.79155,145.1,363.1652,57.2,420,0,1,1640.54
2022-12-01,gr1,kandy,1711.0,1,26.133968,190.5,363.1652,57.2,420,0,1,1640.54
2022-12-01,white,kandy,2641.75,1,26.133968,190.5,363.1652,57.2,420,0,1,2721.37
2022-12-01,gr1,kegalle,1508.0,1,28.160742,227.6,363.1652,57.2,420,0,1,1640.54
2022-12-01,white,kegalle,2555.333333333333,1,28.160742,227.6,363.1652,57.2,420,0,1,2721.37
2022-12-01,gr1,kurunegala,1550.0,1,28.456,222.7,363.1652,57.2,420,0,1,1640.54
2022-12-01,gr1,matale,1782.5,1,26.756325,216.5,363.1652,57.2,420,0,1,1640.54
2022-12-01,white,matale,2930.25,1,26.756325,216.5,363.1652,57.2,420,0,1,2721.37
2022-12-01,gr1,matara,1549.0,1,27.423903,187.7,363.1652,57.2,420,0,1,1640.54
2022-12-01,gr1,monaragala,1804.0,1,28.368902,208.20001,363.1652,57.2,420,0,1,1640.54
2022-12-01,white,monaragala,2867.5,1,28.368902,208.20001,363.1652,57.2,420,0,1,2721.37
2022-12-01,gr1,nuwaraeliya,1772.5,1,18.133177,153.7,363.1652,57.2,420,0,1,1640.54
2022-12-01,gr1,ratnapura,1708.0,1,28.656872,202.0,363.1652,57.2,420,0,1,1640.54
2023-01-01,gr1,badulla,1798.6,1,23.703773,201.0,362.4228,51.7,405,0,1,1678.93
2023-01-01,white,badulla,2594.6,1,23.703773,201.0,362.4228,51.7,405,0,1,2690.48
2023-01-01,gr1,colombo,1500.2,1,29.58529,89.0,362.4228,51.7,405,0,1,1678.93
2023-01-01,gr1,galle,1622.0,1,27.97516,127.1,362.4228,51.7,405,0,1,1678.93
2023-01-01,gr1,gampaha,1631.6,1,30.293064,116.5,362.4228,51.7,405,0,1,1678.93
2023-01-01,gr1,hambantota,1757.2,1,30.288517,78.9,362.4228,51.7,405,0,1,1678.93
2023-01-01,gr1,kalutara,1534.0,1,29.148,82.6,362.4228,51.7,405,0,1,1678.93
2023-01-01,gr1,kandy,1718.8,1,26.459774,44.4,362.4228,51.7,405,0,1,1678.93
2023-01-01,white,kandy,2811.4,1,26.459774,44.4,362.4228,51.7,405,0,1,2690.48
2023-01-01,gr1,kegalle,1635.2,1,29.012354,92.8,362.4228,51.7,405,0,1,1678.93
2023-01-01,white,kegalle,2379.2,1,29.012354,92.8,362.4228,51.7,405,0,1,2690.48
2023-01-01,gr1,kurunegala,1586.4,1,29.007614,70.4,362.4228,51.7,405,0,1,1678.93
2023-01-01,gr1,matale,1811.6,1,27.230516,61.5,362.4228,51.7,405,0,1,1678.93
2023-01-01,white,matale,2789.2,1,27.230516,61.5,362.4228,51.7,405,0,1,2690.48
2023-01-01,gr1,matara,1629.0,1,27.586807,72.1,362.4228,51.7,405,0,1,1678.93
2023-01-01,gr1,monaragala,1814.0,1,28.252773,89.6,362.4228,51.7,405,0,1,1678.93
2023-01-01,white,monaragala,2878.0,1,28.252773,89.6,362.4228,51.7,405,0,1,2690.48
2023-01-01,gr1,nuwaraeliya,1724.0,1,18.878338,72.200005,362.4228,51.7,405,0,1,1678.93
2023-01-01,gr1,ratnapura,1742.4,1,29.037518,134.5,362.4228,51.7,405,0,1,1678.93
2023-02-01,gr1,badulla,1798.6,1,24.653427,198.90001,361.9766,50.6,405,1,1,1678.93
2023-02-01,white,badulla,2594.6,1,24.653427,198.90001,361.9766,50.6,405,1,1,2690.48
2023-02-01,gr1,colombo,1500.2,1,29.815073,68.9,361.9766,50.6,405,1,1,1678.93
2023-02-01,gr1,galle,1622.0,1,29.160357,164.9,361.9766,50.6,405,1,1,1678.93
2023-02-01,gr1,gampaha,1631.6,1,31.233215,101.5,361.9766,50.6,405,1,1,1678.93
2023-02-01,gr1,hambantota,1757.2,1,30.85793,81.0,361.9766,50.6,405,1,1,1678.93
2023-02-01,gr1,kalutara,1534.0,1,29.2605,82.4,361.9766,50.6,405,1,1,1678.93
2023-02-01,gr1,kandy,1718.8,1,27.627287,46.9,361.9766,50.6,405,1,1,1678.93
2023-02-01,white,kandy,2811.4,1,27.627287,46.9,361.9766,50.6,405,1,1,2690.48
2023-02-01,gr1,kegalle,1635.2,1,30.394787,70.8,361.9766,50.6,405,1,1,1678.93
2023-02-01,white,kegalle,2379.2,1,30.394787,70.8,361.9766,50.6,405,1,1,2690.48
2023-02-01,gr1,kurunegala,1586.4,1,30.607786,86.3,361.9766,50.6,405,1,1,1678.93
2023-02-01,gr1,matale,1811.6,1,28.77493,85.0,361.9766,50.6,405,1,1,1678.93
2023-02-01,white,matale,2789.2,1,28.77493,85.0,361.9766,50.6,405,1,1,2690.48
2023-02-01,gr1,matara,1629.0,1,28.228857,95.9,361.9766,50.6,405,1,1,1678.93
2023-02-01,gr1,monaragala,1814.0,1,28.548857,134.20001,361.9766,50.6,405,1,1,1678.93
2023-02-01,white,monaragala,2878.0,1,28.548857,134.20001,361.9766,50.6,405,1,1,2690.48
2023-02-01,gr1,nuwaraeliya,1724.0,1,19.543142,86.8,361.9766,50.6,405,1,1,1678.93
2023-02-01,gr1,ratnapura,1742.4,1,29.698,162.20001,361.9766,50.6,405,1,1,1678.93
2023-03-01,gr1,badulla,1745.75,1,26.476355,118.3,329.4709,50.3,325,1,1,1668.46
2023-03-01,white,badulla,2574.75,1,26.476355,118.3,329.4709,50.3,325,1,1,2734.6
2023-03-01,gr1,colombo,1540.75,1,30.244968,137.0,329.4709,50.3,325,1,1,1668.46
2023-03-01,gr1,galle,1623.75,1,29.61871,140.3,329.4709,50.3,325,1,1,1668.46
2023-03-01,gr1,gampaha,1635.0,1,31.53016,179.0,329.4709,50.3,325,1,1,1668.46
2023-03-01,gr1,hambantota,1695.75,1,31.00626,88.899994,329.4709,50.3,325,1,1,1668.46
2023-03-01,gr1,kalutara,1577.5,1,30.094774,138.1,329.4709,50.3,325,1,1,1668.46
2023-03-01,gr1,kandy,1663.0,1,30.150097,49.6,329.4709,50.3,325,1,1,1668.46
2023-03-01,white,kandy,2898.5,1,30.150097,49.6,329.4709,50.3,325,1,1,2734.6
2023-03-01,gr1,kegalle,1691.25,1,32.08816,110.6,329.4709,50.3,325,1,1,1668.46
2023-03-01,white,kegalle,2500.0,1,32.08816,110.6,329.4709,50.3,325,1,1,2734.6
2023-03-01,gr1,kurunegala,1669.25,1,32.918903,116.4,329.4709,50.3,325,1,1,1668.46
2023-03-01,gr1,matale,1774.75,1,31.12084,84.700005,329.4709,50.3,325,1,1,1668.46
2023-03-01,white,matale,2869.75,1,31.12084,84.700005,329.4709,50.3,325,1,1,2734.6
2023-03-01,gr1,matara,1630.75,1,28.548098,111.6,329.4709,50.3,325,1,1,1668.46
2023-03-01,gr1,monaragala,1781.0,1,30.202774,128.9,329.4709,50.3,325,1,1,1668.46
2023-03-01,white,monaragala,2830.0,1,30.202774,128.9,329.4709,50.3,325,1,1,2734.6
2023-03-01,gr1,nuwaraeliya,1660.0,1,20.19124,90.9,329.4709,50.3,325,1,1,1668.46
2023-03-01,gr1,ratnapura,1670.0,1,31.224613,95.8,329.4709,50.3,325,1,1,1668.46
2023-04-01,gr1,badulla,1460.25,0,27.932,138.2,321.4244,35.3,310,1,1,1409.21
2023-04-01,white,badulla,2460.25,0,27.932,138.2,321.4244,35.3,310,1,1,2284.55
2023-04-01,gr1,colombo,1356.5,0,31.079,164.7,321.4244,35.3,310,1,1,1409.21
2023-04-01,gr1,galle,1393.75,0,30.054998,150.4,321.4244,35.3,310,1,1,1409.21
2023-04-01,gr1,gampaha,1432.5,0,31.81,208.4,321.4244,35.3,310,1,1,1409.21
2023-04-01,gr1,hambantota,1391.5,0,31.507334,105.5,321.4244,35.3,310,1,1,1409.21
2023-04-01,gr1,kalutara,1380.0,0,30.768,172.4,321.4244,35.3,310,1,1,1409.21
2023-04-01,gr1,kandy,1401.75,0,31.099667,145.1,321.4244,35.3,310,1,1,1409.21
2023-04-01,white,kandy,2017.25,0,31.099667,145.1,321.4244,35.3,310,1,1,2284.55
2023-04-01,gr1,kegalle,1412.25,0,32.62633,131.7,321.4244,35.3,310,1,1,1409.21
2023-04-01,white,kegalle,2025.0,0,32.62633,131.7,321.4244,35.3,310,1,1,2284.55
2023-04-01,gr1,kurunegala,1462.25,0,33.652664,176.7,321.4244,35.3,310,1,1,1409.21
2023-04-01,gr1,matale,1426.25,0,31.977667,209.2,321.4244,35.3,310,1,1,1409.21
2023-04-01,white,matale,2493.75,0,31.977667,209.2,321.4244,35.3,310,1,1,2284.55
2023-04-01,gr1,matara,1424.5,0,28.997667,108.2,321.4244,35.3,310,1,1,1409.21
2023-04-01,gr1,monaragala,1428.25,0,32.161,162.7,321.4244,35.3,310,1,1,1409.21
2023-04-01,white,monaragala,2426.5,0,32.161,162.7,321.4244,35.3,310,1,1,2284.55
2023-04-01,gr1,nuwaraeliya,1387.5,0,21.353498,141.7,321.4244,35.3,310,1,1,1409.21
2023-04-01,gr1,ratnapura,1371.75,0,32.329666,193.5,321.4244,35.3,310,1,1,1409.21
2023-05-01,gr1,badulla,1468.2,0,28.916677,103.0,310.1639,25.2,310,0,1,1414.43
2023-05-01,white,badulla,2199.8,0,28.916677,103.0,310.1639,25.2,310,0,1,2312.32
2023-05-01,gr1,colombo,1365.4,0,29.741743,221.4,310.1639,25.2,310,0,1,1414.43
2023-05-01,gr1,galle,1364.0,0,29.30903,205.9,310.1639,25.2,310,0,1,1414.43
2023-05-01,gr1,gampaha,1438.0,0,30.310806,210.8,310.1639,25.2,310,0,1,1414.43
2023-05-01,gr1,hambantota,1362.8,0,31.454645,67.6,310.1639,25.2,310,0,1,1414.43
2023-05-01,gr1,kalutara,1350.0,0,29.62542,234.2,310.1639,25.2,310,0,1,1414.43
2023-05-01,gr1,kandy,1440.6,0,28.825905,88.3,310.1639,25.2,310,0,1,1414.43
2023-05-01,white,kandy,2324.0,0,28.825905,88.3,310.1639,25.2,310,0,1,2312.32
2023-05-01,gr1,kegalle,1447.6,0,30.015581,170.7,310.1639,25.2,310,0,1,1414.43
2023-05-01,white,kegalle,2156.4,0,30.015581,170.7,310.1639,25.2,310,0,1,2312.32
2023-05-01,gr1,kurunegala,1463.4,0,30.925354,155.5,310.1639,25.2,310,0,1,1414.43
2023-05-01,gr1,matale,1442.2,0,29.346645,142.4,310.1639,25.2,310,0,1,1414.43
2023-05-01,white,matale,2562.6,0,29.346645,142.4,310.1639,25.2,310,0,1,2312.32
2023-05-01,gr1,matara,1382.8,0,28.810999,119.5,310.1639,25.2,310,0,1,1414.43
2023-05-01,gr1,monaragala,1432.4,0,32.588257,126.4,310.1639,25.2,310,0,1,1414.43
2023-05-01,white,monaragala,2318.8,0,32.588257,126.4,310.1639,25.2,310,0,1,2312.32
2023-05-01,gr1,nuwaraeliya,1449.2,0,20.533178,99.299995,310.1639,25.2,310,0,1,1414.43
2023-05-01,gr1,ratnapura,1395.4,0,29.75042,302.5,310.1639,25.2,310,0,1,1414.43
2023-06-01,gr1,badulla,1398.0,1,30.012,155.40001,301.2612,12.0,308,0,1,1332.7
2023-06-01,white,badulla,2034.5,1,30.012,155.40001,301.2612,12.0,308,0,1,2146.8
2023-06-01,gr1,colombo,1263.5,1,29.120667,378.30002,301.2612,12.0,308,0,1,1332.7
2023-06-01,gr1,galle,1273.75,1,28.883333,280.2,301.2612,12.0,308,0,1,1332.7
2023-06-01,gr1,gampaha,1363.3333333333333,1,29.579998,326.4,301.2612,12.0,308,0,1,1332.7
2023-06-01,gr1,hambantota,1300.0,1,32.52233,15.2,301.2612,12.0,308,0,1,1332.7
2023-06-01,gr1,kalutara,1216.25,1,29.084665,348.0,301.2612,12.0,308,0,1,1332.7
2023-06-01,gr1,kandy,1362.5,1,28.839666,73.5,301.2612,12.0,308,0,1,1332.7
2023-06-01,white,kandy,2276.5,1,28.839666,73.5,301.2612,12.0,308,0,1,2146.8
2023-06-01,gr1,kegalle,1358.0,1,29.306334,163.3,301.2612,12.0,308,0,1,1332.7
2023-06-01,white,kegalle,2104.0,1,29.306334,163.3,301.2612,12.0,308,0,1,2146.8
2023-06-01,gr1,kurunegala,1358.5,1,30.332666,102.4,301.2612,12.0,308,0,1,1332.7
2023-06-01,gr1,matale,1365.75,1,28.861,81.6,301.2612,12.0,308,0,1,1332.7
2023-06-01,white,matale,2255.25,1,28.861,81.6,301.2612,12.0,308,0,1,2146.8
2023-06-01,gr1,matara,1301.0,1,28.419334,99.5,301.2612,12.0,308,0,1,1332.7
2023-06-01,gr1,monaragala,1408.5,1,36.141,40.4,301.2612,12.0,308,0,1,1332.7
2023-06-01,white,monaragala,2063.75,1,36.141,40.4,301.2612,12.0,308,0,1,2146.8
2023-06-01,gr1,nuwaraeliya,1389.0,1,19.350166,98.2,301.2612,12.0,308,0,1,1332.7
2023-06-01,gr1,ratnapura,1299.75,1,28.996334,388.5,301.2612,12.0,308,0,1,1332.7
2023-07-01,gr1,badulla,1453.6,1,30.219902,84.7,319.2903,6.3,306,0,1,1460.24
2023-07-01,white,badulla,2116.4,1,30.219902,84.7,319.2903,6.3,306,0,1,2238.64
2023-07-01,gr1,colombo,1360.6,1,28.76271,244.5,319.2903,6.3,306,0,1,1460.24
2023-07-01,gr1,galle,1397.0,1,28.80903,265.4,319.2903,6.3,306,0,1,1460.24
2023-07-01,gr1,gampaha,1472.0,1,29.301128,247.1,319.2903,6.3,306,0,1,1460.24
2023-07-01,gr1,hambantota,1426.4,1,31.703032,50.199997,319.2903,6.3,306,0,1,1460.24
2023-07-01,gr1,kalutara,1356.0,1,28.846386,216.6,319.2903,6.3,306,0,1,1460.24
2023-07-01,gr1,kandy,1483.2,1,27.713001,135.90001,319.2903,6.3,306,0,1,1460.24
2023-07-01,white,kandy,2412.6,1,27.713001,135.90001,319.2903,6.3,306,0,1,2238.64
2023-07-01,gr1,kegalle,1466.2,1,28.789774,241.59999,319.2903,6.3,306,0,1,1460.24
2023-07-01,white,kegalle,2154.0,1,28.789774,241.59999,319.2903,6.3,306,0,1,2238.64
2023-07-01,gr1,kurunegala,1446.8,1,29.76084,158.8,319.2903,6.3,306,0,1,1460.24
2023-07-01,gr1,matale,1552.8,1,28.062777,150.0,319.2903,6.3,306,0,1,1460.24
2023-07-01,white,matale,2329.2,1,28.062777,150.0,319.2903,6.3,306,0,1,2238.64
2023-07-01,gr1,matara,1469.4,1,27.915838,161.30002,319.2903,6.3,306,0,1,1460.24
2023-07-01,gr1,monaragala,1567.2,1,35.65761,56.2,319.2903,6.3,306,0,1,1460.24
2023-07-01,white,monaragala,2181.0,1,35.65761,56.2,319.2903,6.3,306,0,1,2238.64
2023-07-01,gr1,nuwaraeliya,1490.2,1,18.14608,210.3,319.2903,6.3,306,0,1,1460.24
2023-07-01,gr1,ratnapura,1502.0,1,29.011711,363.30002,319.2903,6.3,306,0,1,1460.24
2023-08-01,gr1,badulla,1917.0,1,31.592484,119.5,321.5764,4.0,341,0,1,1915.91
2023-08-01,white,badulla,2323.25,1,31.592484,119.5,321.5764,4.0,341,0,1,2480.15
2023-08-01,gr1,colombo,1781.75,1,29.04497,170.0,321.5764,4.0,341,0,1,1915.91
2023-08-01,gr1,galle,1897.5,1,29.155806,210.3,321.5764,4.0,341,0,1,1915.91
2023-08-01,gr1,gampaha,1866.75,1,29.77855,138.2,321.5764,4.0,341,0,1,1915.91
2023-08-01,gr1,hambantota,1981.25,1,32.16271,31.100002,321.5764,4.0,341,0,1,1915.91
2023-08-01,gr1,kalutara,1802.5,1,29.267355,187.8,321.5764,4.0,341,0,1,1915.91
2023-08-01,gr1,kandy,1942.25,1,30.69042,33.7,321.5764,4.0,341,0,1,1915.91
2023-08-01,white,kandy,2641.75,1,30.69042,33.7,321.5764,4.0,341,0,1,2480.15
2023-08-01,gr1,kegalle,1899.5,1,30.938162,50.4,321.5764,4.0,341,0,1,1915.91
2023-08-01,white,kegalle,2370.75,1,30.938162,50.4,321.5764,4.0,341,0,1,2480.15
2023-08-01,gr1,kurunegala,1979.0,1,32.414066,40.2,321.5764,4.0,341,0,1,1915.91
2023-08-01,gr1,matale,1971.75,1,30.72568,53.9,321.5764,4.0,341,0,1,1915.91
2023-08-01,white,matale,2675.0,1,30.72568,53.9,321.5764,4.0,341,0,1,2480.15
2023-08-01,gr1,matara,1927.0,1,28.35455,125.1,321.5764,4.0,341,0,1,1915.91
2023-08-01,gr1,monaragala,1981.0,1,37.39632,28.1,321.5764,4.0,341,0,1,1915.91
2023-08-01,white,monaragala,2390.0,1,37.39632,28.1,321.5764,4.0,341,0,1,2480.15
2023-08-01,gr1,nuwaraeliya,1905.5,1,20.199305,102.0,321.5764,4.0,341,0,1,1915.91
2023-08-01,gr1,ratnapura,1970.0,1,30.010096,221.5,321.5764,4.0,341,0,1,1915.91
2023-09-01,gr1,badulla,1936.5,0,28.125332,213.0,322.7693,1.3,351,0,1,1925.25
2023-09-01,white,badulla,2333.0,0,28.125332,213.0,322.7693,1.3,351,0,1,2501.9
2023-09-01,gr1,colombo,1815.75,0,28.280668,561.5,322.7693,1.3,351,0,1,1925.25
2023-09-01,gr1,galle,1912.5,0,28.353333,623.4,322.7693,1.3,351,0,1,1925.25
2023-09-01,gr1,gampaha,1887.5,0,28.631666,553.10004,322.7693,1.3,351,0,1,1925.25
2023-09-01,gr1,hambantota,1965.25,0,29.607334,172.8,322.7693,1.3,351,0,1,1925.25
2023-09-01,gr1,kalutara,1852.5,0,28.488,573.0,322.7693,1.3,351,0,1,1925.25
2023-09-01,gr1,kandy,1947.0,0,27.736334,120.2,322.7693,1.3,351,0,1,1925.25
2023-09-01,white,kandy,2616.75,0,27.736334,120.2,322.7693,1.3,351,0,1,2501.9
2023-09-01,gr1,kegalle,1966.25,0,28.059666,329.30002,322.7693,1.3,351,0,1,1925.25
2023-09-01,white,kegalle,2520.5,0,28.059666,329.30002,322.7693,1.3,351,0,1,2501.9
2023-09-01,gr1,kurunegala,1916.5,0,28.949333,196.0,322.7693,1.3,351,0,1,1925.25
2023-09-01,gr1,matale,1969.0,0,27.764334,206.8,322.7693,1.3,351,0,1,1925.25
2023-09-01,white,matale,2656.75,0,27.764334,206.8,322.7693,1.3,351,0,1,2501.9
2023-09-01,gr1,matara,1938.25,0,28.116001,449.4,322.7693,1.3,351,0,1,1925.25
2023-09-01,gr1,monaragala,1988.0,0,32.327663,98.7,322.7693,1.3,351,0,1,1925.25
2023-09-01,white,monaragala,2382.5,0,32.327663,98.7,322.7693,1.3,351,0,1,2501.9
2023-09-01,gr1,nuwaraeliya,1914.5,0,18.773499,264.9,322.7693,1.3,351,0,1,1925.25
2023-09-01,gr1,ratnapura,1944.0,0,28.536335,719.9,322.7693,1.3,351,0,1,1925.25
2023-10-01,gr1,badulla,1800.0,0,26.700548,386.30002,324.7303,1.5,356,0,1,1935.31
2023-10-01,white,badulla,2247.0,0,26.700548,386.30002,324.7303,1.5,356,0,1,2487.84
2023-10-01,gr1,colombo,1865.2,0,28.51271,544.0,324.7303,1.5,356,0,1,1935.31
2023-10-01,gr1,galle,1915.0,0,28.255806,471.1,324.7303,1.5,356,0,1,1935.31
2023-10-01,gr1,gampaha,1909.0,0,29.455969,598.1,324.7303,1.5,356,0,1,1935.31
2023-10-01,gr1,hambantota,1968.6,0,28.60787,314.19998,324.7303,1.5,356,0,1,1935.31
2023-10-01,gr1,kalutara,1907.0,0,28.693161,610.3,324.7303,1.5,356,0,1,1935.31
2023-10-01,gr1,kandy,1944.2,0,27.450096,342.6,324.7303,1.5,356,0,1,1935.31
2023-10-01,white,kandy,2638.4,0,27.450096,342.6,324.7303,1.5,356,0,1,2487.84
2023-10-01,gr1,kegalle,1973.4,0,28.789776,413.7,324.7303,1.5,356,0,1,1935.31
2023-10-01,white,kegalle,2579.6,0,28.789776,413.7,324.7303,1.5,356,0,1,2487.84
2023-10-01,gr1,kurunegala,1946.6,0,29.754387,381.6,324.7303,1.5,356,0,1,1935.31
2023-10-01,gr1,matale,2004.4,0,28.253098,387.6,324.7303,1.5,356,0,1,1935.31
2023-10-01,white,matale,2669.2,0,28.253098,387.6,324.7303,1.5,356,0,1,2487.84
2023-10-01,gr1,matara,1953.6,0,27.635195,377.30002,324.7303,1.5,356,0,1,1935.31
2023-10-01,gr1,monaragala,2039.6,0,29.896322,377.9,324.7303,1.5,356,0,1,1935.31
2023-10-01,white,monaragala,2305.0,0,29.896322,377.9,324.7303,1.5,356,0,1,2487.84
2023-10-01,gr1,nuwaraeliya,1909.0,0,19.363823,489.4,324.7303,1.5,356,0,1,1935.31
2023-10-01,gr1,ratnapura,1958.8,0,28.887516,704.3,324.7303,1.5,356,0,1,1935.31
2023-11-01,gr1,badulla,1961.25,1,26.187,480.0,328.25,3.4,329,0,1,1933.73
2023-11-01,white,badulla,2258.25,1,26.187,480.0,328.25,3.4,329,0,1,2500.8
2023-11-01,gr1,colombo,1922.0,1,28.902334,496.9,328.25,3.4,329,0,1,1933.73
2023-11-01,gr1,galle,1916.25,1,28.946665,472.7,328.25,3.4,329,0,1,1933.73
2023-11-01,gr1,gampaha,1906.25,1,29.953333,521.6,328.25,3.4,329,0,1,1933.73
2023-11-01,gr1,hambantota,1920.75,1,28.715668,325.1,328.25,3.4,329,0,1,1933.73
2023-11-01,gr1,kalutara,1925.0,1,29.138,569.7,328.25,3.4,329,0,1,1933.73
2023-11-01,gr1,kandy,1956.25,1,27.454668,569.1,328.25,3.4,329,0,1,1933.73
2023-11-01,white,kandy,2633.5,1,27.454668,569.1,328.25,3.4,329,0,1,2500.8
2023-11-01,gr1,kegalle,1942.25,1,29.178001,611.5,328.25,3.4,329,0,1,1933.73
2023-11-01,white,kegalle,2612.25,1,29.178001,611.5,328.25,3.4,329,0,1,2500.8
2023-11-01,gr1,kurunegala,1947.75,1,29.886,565.7,328.25,3.4,329,0,1,1933.73
2023-11-01,gr1,matale,1971.25,1,28.517668,640.9,328.25,3.4,329,0,1,1933.73
2023-11-01,white,matale,2656.25,1,28.517668,640.9,328.25,3.4,329,0,1,2500.8
2023-11-01,gr1,matara,1907.75,1,27.939333,381.6,328.25,3.4,329,0,1,1933.73
2023-11-01,gr1,monaragala,1970.0,1,29.261,554.2,328.25,3.4,329,0,1,1933.73
2023-11-01,white,monaragala,2343.75,1,29.261,554.2,328.25,3.4,329,0,1,2500.8
2023-11-01,gr1,nuwaraeliya,1906.5,1,19.821833,572.2,328.25,3.4,329,0,1,1933.73
2023-11-01,gr1,ratnapura,1919.0,1,29.326334,663.7,328.25,3.4,329,0,1,1933.73
2023-12-01,gr1,badulla,1915.5,1,25.426353,415.0,326.7423,4.0,358,0,1,1888.79
2023-12-01,white,badulla,2270.75,1,25.426353,415.0,326.7423,4.0,358,0,1,2462.4
2023-12-01,gr1,colombo,1837.75,1,29.543356,401.9,326.7423,4.0,358,0,1,1888.79
2023-12-01,gr1,galle,1781.25,1,29.150967,405.80002,326.7423,4.0,358,0,1,1888.79
2023-12-01,gr1,gampaha,1898.75,1,30.283386,377.69998,326.7423,4.0,358,0,1,1888.79
2023-12-01,gr1,hambantota,1888.25,1,28.893356,267.4,326.7423,4.0,358,0,1,1888.79
2023-12-01,gr1,kalutara,1821.25,1,29.23671,331.4,326.7423,4.0,358,0,1,1888.79
2023-12-01,gr1,kandy,1960.5,1,27.208162,212.0,326.7423,4.0,358,0,1,1888.79
2023-12-01,white,kandy,2585.5,1,27.208162,212.0,326.7423,4.0,358,0,1,2462.4
2023-12-01,gr1,kegalle,1950.0,1,29.305902,361.4,326.7423,4.0,358,0,1,1888.79
2023-12-01,white,kegalle,2504.0,1,29.305902,361.4,326.7423,4.0,358,0,1,2462.4
2023-12-01,gr1,kurunegala,1921.0,1,29.659227,279.9,326.7423,4.0,358,0,1,1888.79
2023-12-01,gr1,matale,1982.5,1,28.299871,275.4,326.7423,4.0,358,0,1,1888.79
2023-12-01,white,matale,2536.75,1,28.299871,275.4,326.7423,4.0,358,0,1,2462.4
2023-12-01,gr1,matara,1797.5,1,28.361002,351.9,326.7423,4.0,358,0,1,1888.79
2023-12-01,gr1,monaragala,1962.0,1,28.373741,378.0,326.7423,4.0,358,0,1,1888.79
2023-12-01,white,monaragala,2415.0,1,28.373741,378.0,326.7423,4.0,358,0,1,2462.4
2023-12-01,gr1,nuwaraeliya,1849.5,1,19.376724,320.6,326.7423,4.0,358,0,1,1888.79
2023-12-01,gr1,ratnapura,1877.25,1,29.30042,451.69998,326.7423,4.0,358,0,1,1888.79
2024-01-01,gr1,badulla,1936.2,1,25.171515,237.1,321.1706,6.4,363,0,1,1891.64
2024-01-01,white,badulla,2316.4,1,25.171515,237.1,321.1706,6.4,363,0,1,2486.52
2024-01-01,gr1,colombo,1800.2,1,30.21271,131.40001,321.1706,6.4,363,0,1,1891.64
2024-01-01,gr1,galle,1800.0,1,29.794514,196.40001,321.1706,6.4,363,0,1,1891.64
2024-01-01,gr1,gampaha,1884.0,1,31.06242,154.7,321.1706,6.4,363,0,1,1891.64
2024-01-01,gr1,hambantota,1961.6,1,29.754646,177.8,321.1706,6.4,363,0,1,1891.64
2024-01-01,gr1,kalutara,1737.0,1,29.894773,145.2,321.1706,6.4,363,0,1,1891.64
2024-01-01,gr1,kandy,1945.0,1,27.666225,112.0,321.1706,6.4,363,0,1,1891.64
2024-01-01,white,kandy,2560.0,1,27.666225,112.0,321.1706,6.4,363,0,1,2486.52
2024-01-01,gr1,kegalle,1886.2,1,29.997839,157.1,321.1706,6.4,363,0,1,1891.64
2024-01-01,white,kegalle,2526.4,1,29.997839,157.1,321.1706,6.4,363,0,1,2486.52
2024-01-01,gr1,kurunegala,1886.8,1,30.26084,128.5,321.1706,6.4,363,0,1,1891.64
2024-01-01,gr1,matale,1980.4,1,28.627293,153.59999,321.1706,6.4,363,0,1,1891.64
2024-01-01,white,matale,2585.8,1,28.627293,153.59999,321.1706,6.4,363,0,1,2486.52
2024-01-01,gr1,matara,1854.8,1,28.706161,95.899994,321.1706,6.4,363,0,1,1891.64
2024-01-01,gr1,monaragala,1990.4,1,28.746323,210.2,321.1706,6.4,363,0,1,1891.64
2024-01-01,white,monaragala,2444.0,1,28.746323,210.2,321.1706,6.4,363,0,1,2486.52
2024-01-01,gr1,nuwaraeliya,1874.2,1,19.965435,147.1,321.1706,6.4,363,0,1,1891.64
2024-01-01,gr1,ratnapura,1946.2,1,29.943968,157.6,321.1706,6.4,363,0,1,1891.64
2024-02-01,gr1,badulla,1846.75,1,26.419067,101.8,312.5801,5.9,363,1,1,1809.61
2024-02-01,white,badulla,2266.75,1,26.419067,101.8,312.5801,5.9,363,1,1,2405.6
2024-02-01,gr1,colombo,1756.5,1,32.46193,35.3,312.5801,5.9,363,1,1,1809.61
2024-02-01,gr1,galle,1725.0,1,32.366207,76.2,312.5801,5.9,363,1,1,1809.61
2024-02-01,gr1,gampaha,1770.0,1,34.3919,21.2,312.5801,5.9,363,1,1,1809.61
2024-02-01,gr1,hambantota,1762.0,1,31.76193,28.7,312.5801,5.9,363,1,1,1809.61
2024-02-01,gr1,kalutara,1716.25,1,31.694553,32.4,312.5801,5.9,363,1,1,1809.61
2024-02-01,gr1,kandy,1855.25,1,30.018173,9.200001,312.5801,5.9,363,1,1,1809.61
2024-02-01,white,kandy,2510.25,1,30.018173,9.200001,312.5801,5.9,363,1,1,2405.6
2024-02-01,gr1,kegalle,1829.0,1,33.199898,17.8,312.5801,5.9,363,1,1,1809.61
2024-02-01,white,kegalle,2312.5,1,33.199898,17.8,312.5801,5.9,363,1,1,2405.6
2024-02-01,gr1,kurunegala,1841.5,1,33.56634,12.3,312.5801,5.9,363,1,1,1809.61
2024-02-01,gr1,matale,1929.25,1,31.48669,12.400001,312.5801,5.9,363,1,1,1809.61
2024-02-01,white,matale,2564.25,1,31.48669,12.400001,312.5801,5.9,363,1,1,2405.6
2024-02-01,gr1,matara,1758.0,1,30.221346,21.4,312.5801,5.9,363,1,1,1809.61
2024-02-01,gr1,monaragala,1951.5,1,30.873241,26.6,312.5801,5.9,363,1,1,1809.61
2024-02-01,white,monaragala,2374.25,1,30.873241,26.6,312.5801,5.9,363,1,1,2405.6
2024-02-01,gr1,nuwaraeliya,1740.5,1,20.818327,25.800001,312.5801,5.9,363,1,1,1809.61
2024-02-01,gr1,ratnapura,1853.0,1,32.0799,43.0,312.5801,5.9,363,1,1,1809.61
2024-03-01,gr1,badulla,1755.0,1,28.73603,78.3,305.665,0.9,363,1,1,1704.27
2024-03-01,white,badulla,2199.75,1,28.73603,78.3,305.665,0.9,363,1,1,2379.93
2024-03-01,gr1,colombo,1653.25,1,31.903032,81.6,305.665,0.9,363,1,1,1704.27
2024-03-01,gr1,galle,1610.0,1,32.149357,122.1,305.665,0.9,363,1,1,1704.27
2024-03-01,gr1,gampaha,1722.5,1,33.85597,88.5,305.665,0.9,363,1,1,1704.27
2024-03-01,gr1,hambantota,1637.5,1,31.961098,83.9,305.665,0.9,363,1,1,1704.27
2024-03-01,gr1,kalutara,1660.0,1,32.03187,58.100002,305.665,0.9,363,1,1,1704.27
2024-03-01,gr1,kandy,1757.75,1,32.632355,43.2,305.665,0.9,363,1,1,1704.27
2024-03-01,white,kandy,2447.25,1,32.632355,43.2,305.665,0.9,363,1,1,2379.93
2024-03-01,gr1,kegalle,1737.25,1,35.37687,81.600006,305.665,0.9,363,1,1,1704.27
2024-03-01,white,kegalle,2416.5,1,35.37687,81.600006,305.665,0.9,363,1,1,2379.93
2024-03-01,gr1,kurunegala,1808.0,1,35.95277,57.5,305.665,0.9,363,1,1,1704.27
2024-03-01,gr1,matale,1837.25,1,33.93858,39.2,305.665,0.9,363,1,1,1704.27
2024-03-01,white,matale,2524.5,1,33.93858,39.2,305.665,0.9,363,1,1,2379.93
2024-03-01,gr1,matara,1601.0,1,29.552935,68.5,305.665,0.9,363,1,1,1704.27
2024-03-01,gr1,monaragala,1764.0,1,33.393093,83.0,305.665,0.9,363,1,1,1704.27
2024-03-01,white,monaragala,2311.6666666666665,1,33.393093,83.0,305.665,0.9,363,1,1,2379.93
2024-03-01,gr1,nuwaraeliya,1705.5,1,22.647694,43.600002,305.665,0.9,363,1,1,1704.27
2024-03-01,gr1,ratnapura,1610.75,1,33.903645,115.6,305.665,0.9,363,1,1,1704.27
2024-04-01,gr1,badulla,1688.2,0,29.925331,110.100006,299.4232,1.5,333,1,1,1566.09
2024-04-01,white,badulla,2210.0,0,29.925331,110.100006,299.4232,1.5,333,1,1,2255.68
2024-04-01,gr1,colombo,1552.8,0,31.930666,178.8,299.4232,1.5,333,1,1,1566.09
2024-04-01,gr1,galle,1455.0,0,31.38,213.5,299.4232,1.5,333,1,1,1566.09
2024-04-01,gr1,gampaha,1555.2,0,33.211666,232.5,299.4232,1.5,333,1,1,1566.09
2024-04-01,gr1,hambantota,1443.2,0,31.420666,103.5,299.4232,1.5,333,1,1,1566.09
2024-04-01,gr1,kalutara,1430.0,0,31.783,183.8,299.4232,1.5,333,1,1,1566.09
2024-04-01,gr1,kandy,1673.4,0,33.504665,71.6,299.4232,1.5,333,1,1,1566.09
2024-04-01,white,kandy,2389.8,0,33.504665,71.6,299.4232,1.5,333,1,1,2255.68
2024-04-01,gr1,kegalle,1493.2,0,34.476334,165.9,299.4232,1.5,333,1,1,1566.09
2024-04-01,white,kegalle,2266.8,0,34.476334,165.9,299.4232,1.5,333,1,1,2255.68
2024-04-01,gr1,kurunegala,1673.2,0,35.10433,127.2,299.4232,1.5,333,1,1,1566.09
2024-04-01,gr1,matale,1672.0,0,33.916,128.59999,299.4232,1.5,333,1,1,1566.09
2024-04-01,white,matale,2315.8,0,33.916,128.59999,299.4232,1.5,333,1,1,2255.68
2024-04-01,gr1,matara,1432.2,0,29.854334,94.3,299.4232,1.5,333,1,1,1566.09
2024-04-01,gr1,monaragala,1720.0,0,33.766,146.6,299.4232,1.5,333,1,1,1566.09
2024-04-01,white,monaragala,2096.0,0,33.766,146.6,299.4232,1.5,333,1,1,2255.68
2024-04-01,gr1,nuwaraeliya,1566.2,0,23.030165,81.1,299.4232,1.5,333,1,1,1566.09
2024-04-01,gr1,ratnapura,1570.6666666666667,0,33.254665,216.5,299.4232,1.5,333,1,1,1566.09
2024-05-01,gr1,badulla,1655.0,0,30.034418,208.1,299.6923,0.9,317,0,1,1576.39
2024-05-01,white,badulla,2149.75,0,30.034418,208.1,299.6923,0.9,317,0,1,2283.35
2024-05-01,gr1,colombo,1441.0,0,30.25142,695.0,299.6923,0.9,317,0,1,1576.39
2024-05-01,gr1,galle,1606.25,0,29.792902,645.0,299.6923,0.9,317,0,1,1576.39
2024-05-01,gr1,gampaha,1482.75,0,30.667257,666.4,299.6923,0.9,317,0,1,1576.39
2024-05-01,gr1,hambantota,1577.75,0,30.699808,220.8,299.6923,0.9,317,0,1,1576.39
2024-05-01,gr1,kalutara,1483.75,0,30.16413,654.9,299.6923,0.9,317,0,1,1576.39
2024-05-01,gr1,kandy,1580.75,0,29.222677,377.3,299.6923,0.9,317,0,1,1576.39
2024-05-01,white,kandy,2423.0,0,29.222677,377.3,299.6923,0.9,317,0,1,2283.35
2024-05-01,gr1,kegalle,1533.0,0,30.328484,578.80005,299.6923,0.9,317,0,1,1576.39
2024-05-01,white,kegalle,2383.25,0,30.328484,578.80005,299.6923,0.9,317,0,1,2283.35
2024-05-01,gr1,kurunegala,1537.25,0,31.078579,439.6,299.6923,0.9,317,0,1,1576.39
2024-05-01,gr1,matale,1652.0,0,29.53213,450.4,299.6923,0.9,317,0,1,1576.39
2024-05-01,white,matale,2353.25,0,29.53213,450.4,299.6923,0.9,317,0,1,2283.35
2024-05-01,gr1,matara,1602.0,0,29.193258,413.80002,299.6923,0.9,317,0,1,1576.39
2024-05-01,gr1,monaragala,1730.0,0,32.87858,206.3,299.6923,0.9,317,0,1,1576.39
2024-05-01,white,monaragala,2107.5,0,32.87858,206.3,299.6923,0.9,317,0,1,2283.35
2024-05-01,gr1,nuwaraeliya,1620.0,0,20.713821,551.10004,299.6923,0.9,317,0,1,1576.39
2024-05-01,gr1,ratnapura,1568.0,0,30.19558,811.1,299.6923,0.9,317,0,1,1576.39
2024-06-01,gr1,badulla,1623.0,0,32.87858,206.3,299.6923,0.9,317,0,1,1738.09
2024-06-01,white,badulla,2191.75,0,32.87858,206.3,299.6923,0.9,317,0,1,2308.5
2024-06-01,gr1,colombo,1682.5,0,32.87858,206.3,299.6923,0.9,317,0,1,1738.09
2024-06-01,gr1,galle,1775.0,0,32.87858,206.3,299.6923,0.9,317,0,1,1738.09
2024-06-01,gr1,gampaha,1728.0,0,32.87858,206.3,299.6923,0.9,317,0,1,1738.09
2024-06-01,gr1,hambantota,1803.75,0,32.87858,206.3,299.6923,0.9,317,0,1,1738.09
2024-06-01,gr1,kalutara,1736.25,0,32.87858,206.3,299.6923,0.9,317,0,1,1738.09
2024-06-01,gr1,kandy,1696.0,0,32.87858,206.3,299.6923,0.9,317,0,1,1738.09
2024-06-01,gr2,kandy,1450.0,0,32.87858,206.3,299.6923,0.9,317,0,1,1450.0
2024-06-01,white,kandy,2460.25,0,32.87858,206.3,299.6923,0.9,317,0,1,2308.5
2024-06-01,gr1,kegalle,1762.25,0,32.87858,206.3,299.6923,0.9,317,0,1,1738.09
2024-06-01,white,kegalle,2254.0,0,32.87858,206.3,299.6923,0.9,317,0,1,2308.5
2024-06-01,gr1,kurunegala,1662.5,0,32.87858,206.3,299.6923,0.9,317,0,1,1738.09
2024-06-01,gr1,matale,1808.25,0,32.87858,206.3,299.6923,0.9,317,0,1,1738.09
2024-06-01,white,matale,2492.75,0,32.87858,206.3,299.6923,0.9,317,0,1,2308.5
2024-06-01,gr1,matara,1832.5,0,32.87858,206.3,299.6923,0.9,317,0,1,1738.09
2024-06-01,gr1,monaragala,1786.25,0,32.87858,206.3,299.6923,0.9,317,0,1,1738.09
2024-06-01,white,monaragala,2143.75,0,32.87858,206.3,299.6923,0.9,317,0,1,2308.5
2024-06-01,gr1,nuwaraeliya,1655.0,0,32.87858,206.3,299.6923,0.9,317,0,1,1738.09
2024-06-01,gr1,ratnapura,1782.0,0,32.87858,206.3,299.6923,0.9,317,0,1,1738.09
2024-07-01,gr1,badulla,1672.75,0,32.87858,206.3,299.6923,0.9,317,0,1,1747.95
2024-07-01,white,badulla,2181.0,0,32.87858,206.3,299.6923,0.9,317,0,1,2346.7
2024-07-01,gr1,colombo,1671.0,0,32.87858,206.3,299.6923,0.9,317,0,1,1747.95
2024-07-01,gr1,galle,1768.75,0,32.87858,206.3,299.6923,0.9,317,0,1,1747.95
2024-07-01,gr1,gampaha,1766.0,0,32.87858,206.3,299.6923,0.9,317,0,1,1747.95
2024-07-01,gr1,hambantota,1775.0,0,32.87858,206.3,299.6923,0.9,317,0,1,1747.95
2024-07-01,gr1,kalutara,1708.75,0,32.87858,206.3,299.6923,0.9,317,0,1,1747.95
2024-07-01,gr1,kandy,1747.25,0,32.87858,206.3,299.6923,0.9,317,0,1,1747.95
2024-07-01,gr2,kandy,1525.0,0,32.87858,206.3,299.6923,0.9,317,0,1,1525.0
2024-07-01,white,kandy,2389.5,0,32.87858,206.3,299.6923,0.9,317,0,1,2346.7
2024-07-01,gr1,kegalle,1783.25,0,32.87858,206.3,299.6923,0.9,317,0,1,1747.95
2024-07-01,white,kegalle,2370.75,0,32.87858,206.3,299.6923,0.9,317,0,1,2346.7
2024-07-01,gr1,kurunegala,1726.25,0,32.87858,206.3,299.6923,0.9,317,0,1,1747.95
2024-07-01,gr1,matale,1775.5,0,32.87858,206.3,299.6923,0.9,317,0,1,1747.95
2024-07-01,white,matale,2497.25,0,32.87858,206.3,299.6923,0.9,317,0,1,2346.7
2024-07-01,gr1,matara,1797.5,0,32.87858,206.3,299.6923,0.9,317,0,1,1747.95
2024-07-01,gr1,monaragala,1812.5,0,32.87858,206.3,299.6923,0.9,317,0,1,1747.95
2024-07-01,white,monaragala,2295.0,0,32.87858,206.3,299.6923,0.9,317,0,1,2346.7
2024-07-01,gr1,nuwaraeliya,1708.75,0,32.87858,206.3,299.6923,0.9,317,0,1,1747.95
2024-07-01,gr1,ratnapura,1758.0,0,32.87858,206.3,299.6923,0.9,317,0,1,1747.95
2024-08-01,gr1,badulla,1747.5,0,32.87858,206.3,299.6923,0.9,317,0,1,1738.93
2024-08-01,white,badulla,2150.0,0,32.87858,206.3,299.6923,0.9,317,0,1,2310.5
2024-08-01,gr1,colombo,1628.5,0,32.87858,206.3,299.6923,0.9,317,0,1,1738.93
2024-08-01,gr1,galle,1766.25,0,32.87858,206.3,299.6923,0.9,317,0,1,1738.93
2024-08-01,gr1,gampaha,1689.5,0,32.87858,206.3,299.6923,0.9,317,0,1,1738.93
2024-08-01,gr1,hambantota,1787.5,0,32.87858,206.3,299.6923,0.9,317,0,1,1738.93
2024-08-01,gr1,kalutara,1710.0,0,32.87858,206.3,299.6923,0.9,317,0,1,1738.93
2024-08-01,gr1,kandy,1749.0,0,32.87858,206.3,299.6923,0.9,317,0,1,1738.93
2024-08-01,gr2,kandy,1633.33,0,32.87858,206.3,299.6923,0.9,317,0,1,1662.42
2024-08-01,white,kandy,2324.75,0,32.87858,206.3,299.6923,0.9,317,0,1,2310.5
2024-08-01,gr1,kegalle,1783.0,0,32.87858,206.3,299.6923,0.9,317,0,1,1738.93
2024-08-01,white,kegalle,2274.5,0,32.87858,206.3,299.6923,0.9,317,0,1,2310.5
2024-08-01,gr1,kurunegala,1660.75,0,32.87858,206.3,299.6923,0.9,317,0,1,1738.93
2024-08-01,gr1,matale,1785.25,0,32.87858,206.3,299.6923,0.9,317,0,1,1738.93
2024-08-01,white,matale,2428.25,0,32.87858,206.3,299.6923,0.9,317,0,1,2310.5
2024-08-01,gr1,matara,1796.0,0,32.87858,206.3,299.6923,0.9,317,0,1,1738.93
2024-08-01,gr1,monaragala,1811.75,0,32.87858,206.3,299.6923,0.9,317,0,1,1738.93
2024-08-01,white,monaragala,2375.0,0,32.87858,206.3,299.6923,0.9,317,0,1,2310.5
2024-08-01,gr1,nuwaraeliya,1677.5,0,32.87858,206.3,299.6923,0.9,317,0,1,1738.93
2024-08-01,gr1,ratnapura,1752.5,0,32.87858,206.3,299.6923,0.9,317,0,1,1738.93
2024-08-01,gr2,ratnapura,1691.5,0,32.87858,206.3,299.6923,0.9,317,0,1,1662.42
2024-09-01,gr1,badulla,1773.5,0,32.87858,206.3,299.6923,0.9,317,0,1,1778.27
2024-09-01,white,badulla,2164.25,0,32.87858,206.3,299.6923,0.9,317,0,1,2331.45
2024-09-01,gr1,colombo,1669.25,0,32.87858,206.3,299.6923,0.9,317,0,1,1778.27
2024-09-01,gr1,galle,1812.5,0,32.87858,206.3,299.6923,0.9,317,0,1,1778.27
2024-09-01,gr1,gampaha,1712.5,0,32.87858,206.3,299.6923,0.9,317,0,1,1778.27
2024-09-01,gr1,hambantota,1842.5,0,32.87858,206.3,299.6923,0.9,317,0,1,1778.27
2024-09-01,gr1,kalutara,1742.5,0,32.87858,206.3,299.6923,0.9,317,0,1,1778.27
2024-09-01,gr1,kandy,1785.75,0,32.87858,206.3,299.6923,0.9,317,0,1,1778.27
2024-09-01,gr2,kandy,1550.0,0,32.87858,206.3,299.6923,0.9,317,0,1,1631.25
2024-09-01,white,kandy,2385.5,0,32.87858,206.3,299.6923,0.9,317,0,1,2331.45
2024-09-01,gr1,kegalle,1842.25,0,32.87858,206.3,299.6923,0.9,317,0,1,1778.27
2024-09-01,white,kegalle,2341.5,0,32.87858,206.3,299.6923,0.9,317,0,1,2331.45
2024-09-01,gr1,kurunegala,1750.25,0,32.87858,206.3,299.6923,0.9,317,0,1,1778.27
2024-09-01,gr1,matale,1826.25,0,32.87858,206.3,299.6923,0.9,317,0,1,1778.27
2024-09-01,white,matale,2476.0,0,32.87858,206.3,299.6923,0.9,317,0,1,2331.45
2024-09-01,gr1,matara,1821.0,0,32.87858,206.3,299.6923,0.9,317,0,1,1778.27
2024-09-01,gr1,monaragala,1841.25,0,32.87858,206.3,299.6923,0.9,317,0,1,1778.27
2024-09-01,white,monaragala,2290.0,0,32.87858,206.3,299.6923,0.9,317,0,1,2331.45
2024-09-01,gr1,nuwaraeliya,1703.75,0,32.87858,206.3,299.6923,0.9,317,0,1,1778.27
2024-09-01,gr1,ratnapura,1772.5,0,32.87858,206.3,299.6923,0.9,317,0,1,1778.27
2024-09-01,gr2,ratnapura,1712.5,0,32.87858,206.3,299.6923,0.9,317,0,1,1631.25
2024-10-01,gr1,badulla,1751.75,0,32.87858,206.3,299.6923,0.9,317,0,1,1757.61
2024-10-01,white,badulla,2135.25,0,32.87858,206.3,299.6923,0.9,317,0,1,2302.2
2024-10-01,gr1,colombo,1662.75,0,32.87858,206.3,299.6923,0.9,317,0,1,1757.61
2024-10-01,gr1,galle,1770.75,0,32.87858,206.3,299.6923,0.9,317,0,1,1757.61
2024-10-01,gr1,gampaha,1734.5,0,32.87858,206.3,299.6923,0.9,317,0,1,1757.61
2024-10-01,gr1,hambantota,1767.0,0,32.87858,206.3,299.6923,0.9,317,0,1,1757.61
2024-10-01,gr1,kalutara,1791.25,0,32.87858,206.3,299.6923,0.9,317,0,1,1757.61
2024-10-01,gr1,kandy,1763.75,0,32.87858,206.3,299.6923,0.9,317,0,1,1757.61
2024-10-01,gr2,kandy,1537.5,0,32.87858,206.3,299.6923,0.9,317,0,1,1593.75
2024-10-01,white,kandy,2313.0,0,32.87858,206.3,299.6923,0.9,317,0,1,2302.2
2024-10-01,gr1,kegalle,1764.5,0,32.87858,206.3,299.6923,0.9,317,0,1,1757.61
2024-10-01,white,kegalle,2256.25,0,32.87858,206.3,299.6923,0.9,317,0,1,2302.2
2024-10-01,gr1,kurunegala,1762.25,0,32.87858,206.3,299.6923,0.9,317,0,1,1757.61
2024-10-01,gr1,matale,1776.25,0,32.87858,206.3,299.6923,0.9,317,0,1,1757.61
2024-10-01,white,matale,2468.0,0,32.87858,206.3,299.6923,0.9,317,0,1,2302.2
2024-10-01,gr1,matara,1779.0,0,32.87858,206.3,299.6923,0.9,317,0,1,1757.61
2024-10-01,gr1,monaragala,1802.75,0,32.87858,206.3,299.6923,0.9,317,0,1,1757.61
2024-10-01,white,monaragala,2338.5,0,32.87858,206.3,299.6923,0.9,317,0,1,2302.2
2024-10-01,gr1,nuwaraeliya,1735.0,0,32.87858,206.3,299.6923,0.9,317,0,1,1757.61
2024-10-01,gr1,ratnapura,1745.0,0,32.87858,206.3,299.6923,0.9,317,0,1,1757.61
2024-10-01,gr2,ratnapura,1650.0,0,32.87858,206.3,299.6923,0.9,317,0,1,1593.75
2024-11-01,gr1,badulla,1786.25,0,32.87858,206.3,299.6923,0.9,317,0,1,1801.07
2024-11-01,white,badulla,2224.75,0,32.87858,206.3,299.6923,0.9,317,0,1,2360.62
2024-11-01,gr1,colombo,1678.5,0,32.87858,206.3,299.6923,0.9,317,0,1,1801.07
2024-11-01,gr1,galle,1856.25,0,32.87858,206.3,299.6923,0.9,317,0,1,1801.07
2024-11-01,gr1,gampaha,1800.0,0,32.87858,206.3,299.6923,0.9,317,0,1,1801.07
2024-11-01,gr1,hambantota,1825.0,0,32.87858,206.3,299.6923,0.9,317,0,1,1801.07
2024-11-01,gr1,kalutara,1806.25,0,32.87858,206.3,299.6923,0.9,317,0,1,1801.07
2024-11-01,gr1,kandy,1811.0,0,32.87858,206.3,299.6923,0.9,317,0,1,1801.07
2024-11-01,gr2,kandy,1500.0,0,32.87858,206.3,299.6923,0.9,317,0,1,1600.0
2024-11-01,white,kandy,2315.25,0,32.87858,206.3,299.6923,0.9,317,0,1,2360.62
2024-11-01,gr1,kegalle,1795.5,0,32.87858,206.3,299.6923,0.9,317,0,1,1801.07
2024-11-01,white,kegalle,2355.33,0,32.87858,206.3,299.6923,0.9,317,0,1,2360.62
2024-11-01,gr1,kurunegala,1786.5,0,32.87858,206.3,299.6923,0.9,317,0,1,1801.07
2024-11-01,gr1,matale,1819.5,0,32.87858,206.3,299.6923,0.9,317,0,1,1801.07
2024-11-01,white,matale,2452.75,0,32.87858,206.3,299.6923,0.9,317,0,1,2360.62
2024-11-01,gr1,matara,1836.5,0,32.87858,206.3,299.6923,0.9,317,0,1,1801.07
2024-11-01,gr1,monaragala,1850.0,0,32.87858,206.3,299.6923,0.9,317,0,1,1801.07
2024-11-01,white,monaragala,2455.0,0,32.87858,206.3,299.6923,0.9,317,0,1,2360.62
2024-11-01,gr1,nuwaraeliya,1743.75,0,32.87858,206.3,299.6923,0.9,317,0,1,1801.07
2024-11-01,gr1,ratnapura,1820.0,0,32.87858,206.3,299.6923,0.9,317,0,1,1801.07
2024-11-01,gr2,ratnapura,1700.0,0,32.87858,206.3,299.6923,0.9,317,0,1,1600.0
2024-12-01,gr1,badulla,1824.0,0,32.87858,206.3,299.6923,0.9,317,0,1,1815.17
2024-12-01,white,badulla,2262.2,0,32.87858,206.3,299.6923,0.9,317,0,1,2430.92
2024-12-01,gr1,colombo,1705.4,0,32.87858,206.3,299.6923,0.9,317,0,1,1815.17
2024-12-01,gr1,galle,1828.0,0,32.87858,206.3,299.6923,0.9,317,0,1,1815.17
2024-12-01,gr1,gampaha,1791.0,0,32.87858,206.3,299.6923,0.9,317,0,1,1815.17
2024-12-01,gr2,gampaha,1800.0,0,32.87858,206.3,299.6923,0.9,317,0,1,1620.83
2024-12-01,gr1,hambantota,1851.0,0,32.87858,206.3,299.6923,0.9,317,0,1,1815.17
2024-12-01,gr1,kalutara,1764.0,0,32.87858,206.3,299.6923,0.9,317,0,1,1815.17
2024-12-01,gr1,kandy,1841.4,0,32.87858,206.3,299.6923,0.9,317,0,1,1815.17
2024-12-01,gr2,kandy,1400.0,0,32.87858,206.3,299.6923,0.9,317,0,1,1620.83
2024-12-01,white,kandy,2481.2,0,32.87858,206.3,299.6923,0.9,317,0,1,2430.92
2024-12-01,gr1,kegalle,1812.8,0,32.87858,206.3,299.6923,0.9,317,0,1,1815.17
2024-12-01,white,kegalle,2306.4,0,32.87858,206.3,299.6923,0.9,317,0,1,2430.92
2024-12-01,gr1,kurunegala,1786.6,0,32.87858,206.3,299.6923,0.9,317,0,1,1815.17
2024-12-01,gr1,matale,1876.4,0,32.87858,206.3,299.6923,0.9,317,0,1,1815.17
2024-12-01,white,matale,2595.8,0,32.87858,206.3,299.6923,0.9,317,0,1,2430.92
2024-12-01,gr1,matara,1838.8,0,32.87858,206.3,299.6923,0.9,317,0,1,1815.17
2024-12-01,gr1,monaragala,1888.2,0,32.87858,206.3,299.6923,0.9,317,0,1,1815.17
2024-12-01,white,monaragala,2509.0,0,32.87858,206.3,299.6923,0.9,317,0,1,2430.92
2024-12-01,gr1,nuwaraeliya,1761.0,0,32.87858,206.3,299.6923,0.9,317,0,1,1815.17
2024-12-01,gr1,ratnapura,1843.75,0,32.87858,206.3,299.6923,0.9,317,0,1,1815.17
2024-12-01,gr2,ratnapura,1662.5,0,32.87858,206.3,299.6923,0.9,317,0,1,1620.83
2025-01-01,gr1,badulla,1819.5,0,32.87858,206.3,299.6923,0.9,317,0,1,1827.14
2025-01-01,white,badulla,2412.5,0,32.87858,206.3,299.6923,0.9,317,0,1,2621.17
2025-01-01,gr1,colombo,1678.5,0,32.87858,206.3,299.6923,0.9,317,0,1,1827.14
2025-01-01,gr1,galle,1816.25,0,32.87858,206.3,299.6923,0.9,317,0,1,1827.14
2025-01-01,gr1,gampaha,1762.5,0,32.87858,206.3,299.6923,0.9,317,0,1,1827.14
2025-01-01,gr1,hambantota,1894.0,0,32.87858,206.3,299.6923,0.9,317,0,1,1827.14
2025-01-01,gr1,kalutara,1771.5,0,32.87858,206.3,299.6923,0.9,317,0,1,1827.14
2025-01-01,white,kalutara,2700.0,0,32.87858,206.3,299.6923,0.9,317,0,1,2621.17
2025-01-01,gr1,kandy,1907.0,0,32.87858,206.3,299.6923,0.9,317,0,1,1827.14
2025-01-01,gr2,kandy,1775.0,0,32.87858,206.3,299.6923,0.9,317,0,1,1737.5
2025-01-01,white,kandy,2624.75,0,32.87858,206.3,299.6923,0.9,317,0,1,2621.17
2025-01-01,gr1,kegalle,1842.0,0,32.87858,206.3,299.6923,0.9,317,0,1,1827.14
2025-01-01,white,kegalle,2461.0,0,32.87858,206.3,299.6923,0.9,317,0,1,2621.17
2025-01-01,gr1,kurunegala,1766.75,0,32.87858,206.3,299.6923,0.9,317,0,1,1827.14
2025-01-01,gr1,matale,1938.5,0,32.87858,206.3,299.6923,0.9,317,0,1,1827.14
2025-01-01,white,matale,2801.25,0,32.87858,206.3,299.6923,0.9,317,0,1,2621.17
2025-01-01,gr1,matara,1835.75,0,32.87858,206.3,299.6923,0.9,317,0,1,1827.14
2025-01-01,gr1,monaragala,1956.5,0,32.87858,206.3,299.6923,0.9,317,0,1,1827.14
2025-01-01,white,monaragala,2727.5,0,32.87858,206.3,299.6923,0.9,317,0,1,2621.17
2025-01-01,gr1,nuwaraeliya,1746.25,0,32.87858,206.3,299.6923,0.9,317,0,1,1827.14
2025-01-01,gr1,ratnapura,1845.0,0,32.87858,206.3,299.6923,0.9,317,0,1,1827.14
2025-01-01,gr2,ratnapura,1700.0,0,32.87858,206.3,299.6923,0.9,317,0,1,1737.5
2025-02-01,gr1,badulla,1938.0,1,32.87858,206.3,299.6923,0.9,317,1,1,1892.2
2025-02-01,white,badulla,2475.0,1,32.87858,206.3,299.6923,0.9,317,1,1,2649.2
2025-02-01,gr1,colombo,1747.0,1,32.87858,206.3,299.6923,0.9,317,1,1,1892.2
2025-02-01,gr1,galle,1875.25,1,32.87858,206.3,299.6923,0.9,317,1,1,1892.2
2025-02-01,gr1,gampaha,1847.0,1,32.87858,206.3,299.6923,0.9,317,1,1,1892.2
2025-02-01,gr1,hambantota,1966.5,1,32.87858,206.3,299.6923,0.9,317,1,1,1892.2
2025-02-01,gr1,kalutara,1850.0,1,32.87858,206.3,299.6923,0.9,317,1,1,1892.2
2025-02-01,gr1,kandy,1953.0,1,32.87858,206.3,299.6923,0.9,317,1,1,1892.2
2025-02-01,gr2,kandy,1683.33,1,32.87858,206.3,299.6923,0.9,317,1,1,1741.66
2025-02-01,white,kandy,2692.5,1,32.87858,206.3,299.6923,0.9,317,1,1,2649.2
2025-02-01,gr1,kegalle,1887.25,1,32.87858,206.3,299.6923,0.9,317,1,1,1892.2
2025-02-01,white,kegalle,2454.0,1,32.87858,206.3,299.6923,0.9,317,1,1,2649.2
2025-02-01,gr1,kurunegala,1845.75,1,32.87858,206.3,299.6923,0.9,317,1,1,1892.2
2025-02-01,gr1,matale,1982.25,1,32.87858,206.3,299.6923,0.9,317,1,1,1892.2
2025-02-01,white,matale,2879.5,1,32.87858,206.3,299.6923,0.9,317,1,1,2649.2
2025-02-01,gr1,matara,1880.5,1,32.87858,206.3,299.6923,0.9,317,1,1,1892.2
2025-02-01,gr1,monaragala,2010.75,1,32.87858,206.3,299.6923,0.9,317,1,1,1892.2
2025-02-01,white,monaragala,2745.0,1,32.87858,206.3,299.6923,0.9,317,1,1,2649.2
2025-02-01,gr1,nuwaraeliya,1832.5,1,32.87858,206.3,299.6923,0.9,317,1,1,1892.2
2025-02-01,gr1,ratnapura,1875.0,1,32.87858,206.3,299.6923,0.9,317,1,1,1892.2
2025-02-01,gr2,ratnapura,1800.0,1,32.87858,206.3,299.6923,0.9,317,1,1,1741.66
2025-03-01,gr1,badulla,1968.25,1,32.87858,206.3,299.6923,0.9,317,1,1,1947.68
2025-03-01,white,badulla,2493.5,1,32.87858,206.3,299.6923,0.9,317,1,1,2628.4
2025-03-01,gr1,colombo,1789.0,1,32.87858,206.3,299.6923,0.9,317,1,1,1947.68
2025-03-01,gr1,galle,1937.5,1,32.87858,206.3,299.6923,0.9,317,1,1,1947.68
2025-03-01,gr1,gampaha,1944.25,1,32.87858,206.3,299.6923,0.9,317,1,1,1947.68
2025-03-01,gr1,hambantota,1987.5,1,32.87858,206.3,299.6923,0.9,317,1,1,1947.68
2025-03-01,gr1,kalutara,1930.0,1,32.87858,206.3,299.6923,0.9,317,1,1,1947.68
2025-03-01,gr1,kandy,1970.0,1,32.87858,206.3,299.6923,0.9,317,1,1,1947.68
2025-03-01,gr2,kandy,1766.67,1,32.87858,206.3,299.6923,0.9,317,1,1,1802.08
2025-03-01,white,kandy,2693.25,1,32.87858,206.3,299.6923,0.9,317,1,1,2628.4
2025-03-01,gr1,kegalle,1962.25,1,32.87858,206.3,299.6923,0.9,317,1,1,1947.68
2025-03-01,white,kegalle,2483.0,1,32.87858,206.3,299.6923,0.9,317,1,1,2628.4
2025-03-01,gr1,kurunegala,1891.5,1,32.87858,206.3,299.6923,0.9,317,1,1,1947.68
2025-03-01,gr1,matale,2009.25,1,32.87858,206.3,299.6923,0.9,317,1,1,1947.68
2025-03-01,white,matale,2687.25,1,32.87858,206.3,299.6923,0.9,317,1,1,2628.4
2025-03-01,gr1,matara,1978.0,1,32.87858,206.3,299.6923,0.9,317,1,1,1947.68
2025-03-01,gr1,monaragala,2037.5,1,32.87858,206.3,299.6923,0.9,317,1,1,1947.68
2025-03-01,white,monaragala,2785.0,1,32.87858,206.3,299.6923,0.9,317,1,1,2628.4
2025-03-01,gr1,nuwaraeliya,1925.0,1,32.87858,206.3,299.6923,0.9,317,1,1,1947.68
2025-03-01,gr1,ratnapura,1937.5,1,32.87858,206.3,299.6923,0.9,317,1,1,1947.68
2025-03-01,gr2,ratnapura,1837.5,1,32.87858,206.3,299.6923,0.9,317,1,1,1802.08
2025-04-01,gr1,badulla,2081.0,1,32.87858,206.3,299.6923,0.9,317,1,1,2060.83
2025-04-01,white,badulla,2643.5,1,32.87858,206.3,299.6923,0.9,317,1,1,2726.3
2025-04-01,gr1,colombo,1887.67,1,32.87858,206.3,299.6923,0.9,317,1,1,2060.83
2025-04-01,gr1,galle,2077.5,1,32.87858,206.3,299.6923,0.9,317,1,1,2060.83
2025-04-01,gr1,gampaha,2044.0,1,32.87858,206.3,299.6923,0.9,317,1,1,2060.83
2025-04-01,gr1,hambantota,2120.25,1,32.87858,206.3,299.6923,0.9,317,1,1,2060.83
2025-04-01,gr1,kalutara,1977.5,1,32.87858,206.3,299.6923,0.9,317,1,1,2060.83
2025-04-01,gr1,kandy,2072.75,1,32.87858,206.3,299.6923,0.9,317,1,1,2060.83
2025-04-01,gr2,kandy,1900.0,1,32.87858,206.3,299.6923,0.9,317,1,1,1926.25
2025-04-01,white,kandy,2738.0,1,32.87858,206.3,299.6923,0.9,317,1,1,2726.3
2025-04-01,gr1,kegalle,2078.0,1,32.87858,206.3,299.6923,0.9,317,1,1,2060.83
2025-04-01,white,kegalle,2583.25,1,32.87858,206.3,299.6923,0.9,317,1,1,2726.3
2025-04-01,gr1,kurunegala,2070.75,1,32.87858,206.3,299.6923,0.9,317,1,1,2060.83
2025-04-01,gr1,matale,2104.5,1,32.87858,206.3,299.6923,0.9,317,1,1,2060.83
2025-04-01,white,matale,2856.75,1,32.87858,206.3,299.6923,0.9,317,1,1,2726.3
2025-04-01,gr1,matara,2100.25,1,32.87858,206.3,299.6923,0.9,317,1,1,2060.83
2025-04-01,gr1,monaragala,2131.25,1,32.87858,206.3,299.6923,0.9,317,1,1,2060.83
2025-04-01,white,monaragala,2810.0,1,32.87858,206.3,299.6923,0.9,317,1,1,2726.3
2025-04-01,gr1,nuwaraeliya,2031.25,1,32.87858,206.3,299.6923,0.9,317,1,1,2060.83
2025-04-01,gr1,ratnapura,2075.0,1,32.87858,206.3,299.6923,0.9,317,1,1,2060.83
2025-04-01,gr2,ratnapura,1952.5,1,32.87858,206.3,299.6923,0.9,317,1,1,1926.25
2025-05-01,gr1,badulla,2116.5,1,32.87858,206.3,299.6923,0.9,317,1,1,2104.77
2025-05-01,white,badulla,2551.25,1,32.87858,206.3,299.6923,0.9,317,1,1,2722.85
2025-05-01,gr1,colombo,1993.25,1,32.87858,206.3,299.6923,0.9,317,1,1,2104.77
2025-05-01,gr1,galle,2111.25,1,32.87858,206.3,299.6923,0.9,317,1,1,2104.77
2025-05-01,gr1,gampaha,2125.0,1,32.87858,206.3,299.6923,0.9,317,1,1,2104.77
2025-05-01,gr1,hambantota,2110.5,1,32.87858,206.3,299.6923,0.9,317,1,1,2104.77
2025-05-01,gr1,kalutara,2057.5,1,32.87858,206.3,299.6923,0.9,317,1,1,2104.77
2025-05-01,gr1,kandy,2105.0,1,32.87858,206.3,299.6923,0.9,317,1,1,2104.77
2025-05-01,gr2,kandy,1912.5,1,32.87858,206.3,299.6923,0.9,317,1,1,1956.25
2025-05-01,white,kandy,2705.25,1,32.87858,206.3,299.6923,0.9,317,1,1,2722.85
2025-05-01,gr1,kegalle,2083.0,1,32.87858,206.3,299.6923,0.9,317,1,1,2104.77
2025-05-01,white,kegalle,2604.0,1,32.87858,206.3,299.6923,0.9,317,1,1,2722.85
2025-05-01,gr1,kurunegala,2122.0,1,32.87858,206.3,299.6923,0.9,317,1,1,2104.77
2025-05-01,gr1,matale,2144.5,1,32.87858,206.3,299.6923,0.9,317,1,1,2104.77
2025-05-01,white,matale,2951.25,1,32.87858,206.3,299.6923,0.9,317,1,1,2722.85
2025-05-01,gr1,matara,2127.0,1,32.87858,206.3,299.6923,0.9,317,1,1,2104.77
2025-05-01,gr1,monaragala,2157.5,1,32.87858,206.3,299.6923,0.9,317,1,1,2104.77
2025-05-01,white,monaragala,2802.5,1,32.87858,206.3,299.6923,0.9,317,1,1,2722.85
2025-05-01,gr1,nuwaraeliya,2093.75,1,32.87858,206.3,299.6923,0.9,317,1,1,2104.77
2025-05-01,gr1,ratnapura,2120.0,1,32.87858,206.3,299.6923,0.9,317,1,1,2104.77
2025-05-01,gr2,ratnapura,2000.0,1,32.87858,206.3,299.6923,0.9,317,1,1,1956.25
2025-06-01,gr1,badulla,2036.0,0,32.87858,206.3,299.6923,0.9,317,0,1,2004.79
2025-06-01,white,badulla,2735.25,0,32.87858,206.3,299.6923,0.9,317,0,1,2747.15
2025-06-01,gr1,colombo,1922.0,0,32.87858,206.3,299.6923,0.9,317,0,1,2004.79
2025-06-01,gr1,galle,1975.0,0,32.87858,206.3,299.6923,0.9,317,0,1,2004.79
2025-06-01,gr1,gampaha,2012.5,0,32.87858,206.3,299.6923,0.9,317,0,1,2004.79
2025-06-01,gr1,hambantota,1966.25,0,32.87858,206.3,299.6923,0.9,317,0,1,2004.79
2025-06-01,gr1,kalutara,1983.75,0,32.87858,206.3,299.6923,0.9,317,0,1,2004.79
2025-06-01,gr1,kandy,2041.0,0,32.87858,206.3,299.6923,0.9,317,0,1,2004.79
2025-06-01,gr2,kandy,1775.0,0,32.87858,206.3,299.6923,0.9,317,0,1,1835.0
2025-06-01,white,kandy,2669.75,0,32.87858,206.3,299.6923,0.9,317,0,1,2747.15
2025-06-01,gr1,kegalle,2054.0,0,32.87858,206.3,299.6923,0.9,317,0,1,2004.79
2025-06-01,white,kegalle,2629.0,0,32.87858,206.3,299.6923,0.9,317,0,1,2747.15
2025-06-01,gr1,kurunegala,2037.25,0,32.87858,206.3,299.6923,0.9,317,0,1,2004.79
2025-06-01,gr1,matale,2053.25,0,32.87858,206.3,299.6923,0.9,317,0,1,2004.79
2025-06-01,white,matale,2899.75,0,32.87858,206.3,299.6923,0.9,317,0,1,2747.15
2025-06-01,gr1,matara,1989.75,0,32.87858,206.3,299.6923,0.9,317,0,1,2004.79
2025-06-01,gr1,monaragala,2042.5,0,32.87858,206.3,299.6923,0.9,317,0,1,2004.79
2025-06-01,white,monaragala,2802.0,0,32.87858,206.3,299.6923,0.9,317,0,1,2747.15
2025-06-01,gr1,nuwaraeliya,1968.75,0,32.87858,206.3,299.6923,0.9,317,0,1,2004.79
2025-06-01,gr1,ratnapura,1985.0,0,32.87858,206.3,299.6923,0.9,317,0,1,2004.79
2025-06-01,gr2,ratnapura,1895.0,0,32.87858,206.3,299.6923,0.9,317,0,1,1835.0
2025-07-01,gr1,badulla,1974.8,0,32.87858,206.3,299.6923,0.9,317,0,1,2005.26
2025-07-01,white,badulla,2607.4,0,32.87858,206.3,299.6923,0.9,317,0,1,2736.12
2025-07-01,gr1,colombo,1882.8,0,32.87858,206.3,299.6923,0.9,317,0,1,2005.26
2025-07-01,gr1,galle,2004.0,0,32.87858,206.3,299.6923,0.9,317,0,1,2005.26
2025-07-01,gr1,gampaha,2050.0,0,32.87858,206.3,299.6923,0.9,317,0,1,2005.26
2025-07-01,gr1,hambantota,2021.6,0,32.87858,206.3,299.6923,0.9,317,0,1,2005.26
2025-07-01,gr1,kalutara,1994.0,0,32.87858,206.3,299.6923,0.9,317,0,1,2005.26
2025-07-01,gr1,kandy,2022.0,0,32.87858,206.3,299.6923,0.9,317,0,1,2005.26
2025-07-01,gr2,kandy,1780.0,0,32.87858,206.3,299.6923,0.9,317,0,1,1843.0
2025-07-01,white,kandy,2771.6,0,32.87858,206.3,299.6923,0.9,317,0,1,2736.12
2025-07-01,gr1,kegalle,2059.6,0,32.87858,206.3,299.6923,0.9,317,0,1,2005.26
2025-07-01,white,kegalle,2553.2,0,32.87858,206.3,299.6923,0.9,317,0,1,2736.12
2025-07-01,gr1,kurunegala,2023.2,0,32.87858,206.3,299.6923,0.9,317,0,1,2005.26
2025-07-01,gr1,matale,2017.6,0,32.87858,206.3,299.6923,0.9,317,0,1,2005.26
2025-07-01,white,matale,2940.4,0,32.87858,206.3,299.6923,0.9,317,0,1,2736.12
2025-07-01,gr1,matara,1997.6,0,32.87858,206.3,299.6923,0.9,317,0,1,2005.26
2025-07-01,gr1,monaragala,2065.0,0,32.87858,206.3,299.6923,0.9,317,0,1,2005.26
2025-07-01,white,monaragala,2808.0,0,32.87858,206.3,299.6923,0.9,317,0,1,2736.12
2025-07-01,gr1,nuwaraeliya,1975.4,0,32.87858,206.3,299.6923,0.9,317,0,1,2005.26
2025-07-01,gr1,ratnapura,1986.0,0,32.87858,206.3,299.6923,0.9,317,0,1,2005.26
2025-07-01,gr2,ratnapura,1906.0,0,32.87858,206.3,299.6923,0.9,317,0,1,1843.0
2025-08-01,gr1,badulla,2027.0,0,32.87858,206.3,299.6923,0.9,317,0,1,2021.73
2025-08-01,white,badulla,2718.75,0,32.87858,206.3,299.6923,0.9,317,0,1,2826.0
2025-08-01,gr1,colombo,1925.25,0,32.87858,206.3,299.6923,0.9,317,0,1,2021.73
2025-08-01,gr1,galle,2017.5,0,32.87858,206.3,299.6923,0.9,317,0,1,2021.73
2025-08-01,gr1,gampaha,2050.0,0,32.87858,206.3,299.6923,0.9,317,0,1,2021.73
2025-08-01,gr1,hambantota,2037.5,0,32.87858,206.3,299.6923,0.9,317,0,1,2021.73
2025-08-01,gr1,kalutara,2046.25,0,32.87858,206.3,299.6923,0.9,317,0,1,2021.73
2025-08-01,gr1,kandy,2033.0,0,32.87858,206.3,299.6923,0.9,317,0,1,2021.73
2025-08-01,gr2,kandy,1793.33,0,32.87858,206.3,299.6923,0.9,317,0,1,1869.16
2025-08-01,white,kandy,2801.75,0,32.87858,206.3,299.6923,0.9,317,0,1,2826.0
2025-08-01,gr1,kegalle,2068.5,0,32.87858,206.3,299.6923,0.9,317,0,1,2021.73
2025-08-01,white,kegalle,2795.5,0,32.87858,206.3,299.6923,0.9,317,0,1,2826.0
2025-08-01,gr1,kurunegala,2020.75,0,32.87858,206.3,299.6923,0.9,317,0,1,2021.73
2025-08-01,gr1,matale,1988.25,0,32.87858,206.3,299.6923,0.9,317,0,1,2021.73
2025-08-01,white,matale,2994.0,0,32.87858,206.3,299.6923,0.9,317,0,1,2826.0
2025-08-01,gr1,matara,2043.75,0,32.87858,206.3,299.6923,0.9,317,0,1,2021.73
2025-08-01,gr1,monaragala,2049.5,0,32.87858,206.3,299.6923,0.9,317,0,1,2021.73
2025-08-01,white,monaragala,2820.0,0,32.87858,206.3,299.6923,0.9,317,0,1,2826.0
2025-08-01,gr1,nuwaraeliya,1977.0,0,32.87858,206.3,299.6923,0.9,317,0,1,2021.73
2025-08-01,gr1,ratnapura,2020.0,0,32.87858,206.3,299.6923,0.9,317,0,1,2021.73
2025-08-01,gr2,ratnapura,1945.0,0,32.87858,206.3,299.6923,0.9,317,0,1,1869.16
2025-09-01,gr1,badulla,2014.4,0,32.87858,206.3,299.6923,0.9,317,0,1,2021.43
2025-09-01,white,badulla,2671.4,0,32.87858,206.3,299.6923,0.9,317,0,1,2788.96
2025-09-01,gr1,colombo,1930.2,0,32.87858,206.3,299.6923,0.9,317,0,1,2021.43
2025-09-01,gr1,galle,2016.0,0,32.87858,206.3,299.6923,0.9,317,0,1,2021.43
2025-09-01,gr1,gampaha,2050.0,0,32.87858,206.3,299.6923,0.9,317,0,1,2021.43
2025-09-01,gr1,hambantota,2013.6,0,32.87858,206.3,299.6923,0.9,317,0,1,2021.43
2025-09-01,gr1,kalutara,2024.0,0,32.87858,206.3,299.6923,0.9,317,0,1,2021.43
2025-09-01,gr1,kandy,2013.2,0,32.87858,206.3,299.6923,0.9,317,0,1,2021.43
2025-09-01,gr2,kandy,1860.0,0,32.87858,206.3,299.6923,0.9,317,0,1,1909.0
2025-09-01,white,kandy,2836.2,0,32.87858,206.3,299.6923,0.9,317,0,1,2788.96
2025-09-01,gr1,kegalle,2069.6,0,32.87858,206.3,299.6923,0.9,317,0,1,2021.43
2025-09-01,white,kegalle,2569.8,0,32.87858,206.3,299.6923,0.9,317,0,1,2788.96
2025-09-01,gr1,kurunegala,2053.2,0,32.87858,206.3,299.6923,0.9,317,0,1,2021.43
2025-09-01,gr1,matale,2011.2,0,32.87858,206.3,299.6923,0.9,317,0,1,2021.43
2025-09-01,white,matale,2985.4,0,32.87858,206.3,299.6923,0.9,317,0,1,2788.96
2025-09-01,gr1,matara,2042.0,0,32.87858,206.3,299.6923,0.9,317,0,1,2021.43
2025-09-01,gr1,monaragala,2054.8,0,32.87858,206.3,299.6923,0.9,317,0,1,2021.43
2025-09-01,white,monaragala,2882.0,0,32.87858,206.3,299.6923,0.9,317,0,1,2788.96
2025-09-01,gr1,nuwaraeliya,1977.8,0,32.87858,206.3,299.6923,0.9,317,0,1,2021.43
2025-09-01,gr1,ratnapura,2030.0,0,32.87858,206.3,299.6923,0.9,317,0,1,2021.43
2025-09-01,gr2,ratnapura,1958.0,0,32.87858,206.3,299.6923,0.9,317,0,1,1909.0
2025-10-01,gr1,badulla,1979.25,0,32.87858,206.3,299.6923,0.9,317,0,1,1996.89
2025-10-01,white,badulla,2591.5,0,32.87858,206.3,299.6923,0.9,317,0,1,2834.8
2025-10-01,gr1,colombo,1962.75,0,32.87858,206.3,299.6923,0.9,317,0,1,1996.89
2025-10-01,gr1,galle,1943.75,0,32.87858,206.3,299.6923,0.9,317,0,1,1996.89
2025-10-01,gr1,gampaha,2050.0,0,32.87858,206.3,299.6923,0.9,317,0,1,1996.89
2025-10-01,gr1,hambantota,1958.0,0,32.87858,206.3,299.6923,0.9,317,0,1,1996.89
2025-10-01,gr1,kalutara,2031.25,0,32.87858,206.3,299.6923,0.9,317,0,1,1996.89
2025-10-01,gr1,kandy,2000.5,0,32.87858,206.3,299.6923,0.9,317,0,1,1996.89
2025-10-01,gr2,kandy,1900.0,0,32.87858,206.3,299.6923,0.9,317,0,1,1915.0
2025-10-01,white,kandy,2914.0,0,32.87858,206.3,299.6923,0.9,317,0,1,2834.8
2025-10-01,gr1,kegalle,2062.0,0,32.87858,206.3,299.6923,0.9,317,0,1,1996.89
2025-10-01,white,kegalle,2795.75,0,32.87858,206.3,299.6923,0.9,317,0,1,2834.8
2025-10-01,gr1,kurunegala,2037.5,0,32.87858,206.3,299.6923,0.9,317,0,1,1996.89
2025-10-01,gr1,matale,1966.0,0,32.87858,206.3,299.6923,0.9,317,0,1,1996.89
2025-10-01,white,matale,2992.75,0,32.87858,206.3,299.6923,0.9,317,0,1,2834.8
2025-10-01,gr1,matara,1987.25,0,32.87858,206.3,299.6923,0.9,317,0,1,1996.89
2025-10-01,gr1,monaragala,2010.5,0,32.87858,206.3,299.6923,0.9,317,0,1,1996.89
2025-10-01,white,monaragala,2880.0,0,32.87858,206.3,299.6923,0.9,317,0,1,2834.8
2025-10-01,gr1,nuwaraeliya,1949.0,0,32.87858,206.3,299.6923,0.9,317,0,1,1996.89
2025-10-01,gr1,ratnapura,2018.75,0,32.87858,206.3,299.6923,0.9,317,0,1,1996.89
2025-10-01,gr2,ratnapura,1930.0,0,32.87858,206.3,299.6923,0.9,317,0,1,1915.0
2025-11-01,gr1,badulla,1995.5,0,32.87858,206.3,299.6923,0.9,317,0,1,1992.75
2025-11-01,white,badulla,2572.75,0,32.87858,206.3,299.6923,0.9,317,0,1,2764.15
2025-11-01,gr1,colombo,1925.0,0,32.87858,206.3,299.6923,0.9,317,0,1,1992.75
2025-11-01,gr1,galle,1931.25,0,32.87858,206.3,299.6923,0.9,317,0,1,1992.75
2025-11-01,gr1,gampaha,2037.5,0,32.87858,206.3,299.6923,0.9,317,0,1,1992.75
2025-11-01,gr1,hambantota,2000.0,0,32.87858,206.3,299.6923,0.9,317,0,1,1992.75
2025-11-01,gr1,kalutara,2012.5,0,32.87858,206.3,299.6923,0.9,317,0,1,1992.75
2025-11-01,gr1,kandy,2002.5,0,32.87858,206.3,299.6923,0.9,317,0,1,1992.75
2025-11-01,gr2,kandy,1775.0,0,32.87858,206.3,299.6923,0.9,317,0,1,1841.25
2025-11-01,white,kandy,2830.25,0,32.87858,206.3,299.6923,0.9,317,0,1,2764.15
2025-11-01,gr1,kegalle,2083.0,0,32.87858,206.3,299.6923,0.9,317,0,1,1992.75
2025-11-01,white,kegalle,2583.25,0,32.87858,206.3,299.6923,0.9,317,0,1,2764.15
2025-11-01,gr1,kurunegala,2041.5,0,32.87858,206.3,299.6923,0.9,317,0,1,1992.75
2025-11-01,gr1,matale,1985.75,0,32.87858,206.3,299.6923,0.9,317,0,1,1992.75
2025-11-01,white,matale,2939.5,0,32.87858,206.3,299.6923,0.9,317,0,1,2764.15
2025-11-01,gr1,matara,1939.5,0,32.87858,206.3,299.6923,0.9,317,0,1,1992.75
2025-11-01,gr1,monaragala,2033.75,0,32.87858,206.3,299.6923,0.9,317,0,1,1992.75
2025-11-01,white,monaragala,2895.0,0,32.87858,206.3,299.6923,0.9,317,0,1,2764.15
2025-11-01,gr1,nuwaraeliya,1925.75,0,32.87858,206.3,299.6923,0.9,317,0,1,1992.75
2025-11-01,gr1,ratnapura,1985.0,0,32.87858,206.3,299.6923,0.9,317,0,1,1992.75
2025-11-01,gr2,ratnapura,1907.5,0,32.87858,206.3,299.6923,0.9,317,0,1,1841.25
2025-12-01,gr1,badulla,2013.8,0,32.87858,206.3,299.6923,0.9,317,0,1,1991.14
2025-12-01,white,badulla,2683.2,0,32.87858,206.3,299.6923,0.9,317,0,1,2809.6
2025-12-01,gr1,colombo,1892.0,0,32.87858,206.3,299.6923,0.9,317,0,1,1991.14
2025-12-01,gr1,galle,1920.0,0,32.87858,206.3,299.6923,0.9,317,0,1,1991.14
2025-12-01,gr1,gampaha,2050.0,0,32.87858,206.3,299.6923,0.9,317,0,1,1991.14
2025-12-01,gr1,hambantota,1976.8,0,32.87858,206.3,299.6923,0.9,317,0,1,1991.14
2025-12-01,gr1,kalutara,1976.0,0,32.87858,206.3,299.6923,0.9,317,0,1,1991.14
2025-12-01,gr1,kandy,2011.6,0,32.87858,206.3,299.6923,0.9,317,0,1,1991.14
2025-12-01,gr2,kandy,1800.0,0,32.87858,206.3,299.6923,0.9,317,0,1,1820.0
2025-12-01,white,kandy,2858.4,0,32.87858,206.3,299.6923,0.9,317,0,1,2809.6
2025-12-01,gr1,kegalle,2054.0,0,32.87858,206.3,299.6923,0.9,317,0,1,1991.14
2025-12-01,white,kegalle,2603.2,0,32.87858,206.3,299.6923,0.9,317,0,1,2809.6
2025-12-01,gr1,kurunegala,2006.6,0,32.87858,206.3,299.6923,0.9,317,0,1,1991.14
2025-12-01,gr1,matale,2029.8,0,32.87858,206.3,299.6923,0.9,317,0,1,1991.14
2025-12-01,white,matale,3003.2,0,32.87858,206.3,299.6923,0.9,317,0,1,2809.6
2025-12-01,gr1,matara,1939.0,0,32.87858,206.3,299.6923,0.9,317,0,1,1991.14
2025-12-01,gr1,monaragala,2061.8,0,32.87858,206.3,299.6923,0.9,317,0,1,1991.14
2025-12-01,white,monaragala,2900.0,0,32.87858,206.3,299.6923,0.9,317,0,1,2809.6
2025-12-01,gr1,nuwaraeliya,1994.5,0,32.87858,206.3,299.6923,0.9,317,0,1,1991.14
2025-12-01,gr1,ratnapura,1950.0,0,32.87858,206.3,299.6923,0.9,317,0,1,1991.14
2025-12-01,gr2,ratnapura,1840.0,0,32.87858,206.3,299.6923,0.9,317,0,1,1820.0
2026-01-01,gr1,badulla,2045.5,0,32.87858,206.3,299.6923,0.9,317,0,1,1982.48
2026-01-01,white,badulla,2825.0,0,32.87858,206.3,299.6923,0.9,317,0,1,2853.0
2026-01-01,gr1,colombo,1850.0,0,32.87858,206.3,299.6923,0.9,317,0,1,1982.48
2026-01-01,gr1,galle,1925.0,0,32.87858,206.3,299.6923,0.9,317,0,1,1982.48
2026-01-01,gr1,gampaha,1981.25,0,32.87858,206.3,299.6923,0.9,317,0,1,1982.48
2026-01-01,gr1,hambantota,2000.0,0,32.87858,206.3,299.6923,0.9,317,0,1,1982.48
2026-01-01,gr1,kalutara,1961.75,0,32.87858,206.3,299.6923,0.9,317,0,1,1982.48
2026-01-01,gr1,kandy,2007.75,0,32.87858,206.3,299.6923,0.9,317,0,1,1982.48
2026-01-01,gr2,kandy,1900.0,0,32.87858,206.3,299.6923,0.9,317,0,1,1898.75
2026-01-01,white,kandy,2809.0,0,32.87858,206.3,299.6923,0.9,317,0,1,2853.0
2026-01-01,gr1,kegalle,1960.0,0,32.87858,206.3,299.6923,0.9,317,0,1,1982.48
2026-01-01,white,kegalle,2620.75,0,32.87858,206.3,299.6923,0.9,317,0,1,2853.0
2026-01-01,gr1,kurunegala,2000.0,0,32.87858,206.3,299.6923,0.9,317,0,1,1982.48
2026-01-01,gr1,matale,2016.75,0,32.87858,206.3,299.6923,0.9,317,0,1,1982.48
2026-01-01,white,matale,3080.25,0,32.87858,206.3,299.6923,0.9,317,0,1,2853.0
2026-01-01,gr1,matara,1955.0,0,32.87858,206.3,299.6923,0.9,317,0,1,1982.48
2026-01-01,gr1,monaragala,2066.0,0,32.87858,206.3,299.6923,0.9,317,0,1,1982.48
2026-01-01,white,monaragala,2930.0,0,32.87858,206.3,299.6923,0.9,317,0,1,2853.0
2026-01-01,gr1,nuwaraeliya,1989.5,0,32.87858,206.3,299.6923,0.9,317,0,1,1982.48
2026-01-01,gr1,ratnapura,1996.25,0,32.87858,206.3,299.6923,0.9,317,0,1,1982.48
2026-01-01,gr2,ratnapura,1897.5,0,32.87858,206.3,299.6923,0.9,317,0,1,1898.75
2026-02-01,gr1,badulla,2013.0,1,32.87858,206.3,299.6923,0.9,317,1,1,1973.0
2026-02-01,white,badulla,2583.0,1,32.87858,206.3,299.6923,0.9,317,1,1,2777.6
2026-02-01,gr1,colombo,1850.0,1,32.87858,206.3,299.6923,0.9,317,1,1,1973.0
2026-02-01,gr1,galle,1950.0,1,32.87858,206.3,299.6923,0.9,317,1,1,1973.0
2026-02-01,gr1,gampaha,1950.0,1,32.87858,206.3,299.6923,0.9,317,1,1,1973.0
2026-02-01,gr1,hambantota,2000.0,1,32.87858,206.3,299.6923,0.9,317,1,1,1973.0
2026-02-01,gr1,kalutara,1930.0,1,32.87858,206.3,299.6923,0.9,317,1,1,1973.0
2026-02-01,gr1,kandy,2001.0,1,32.87858,206.3,299.6923,0.9,317,1,1,1973.0
2026-02-01,gr2,kandy,1800.0,1,32.87858,206.3,299.6923,0.9,317,1,1,1850.0
2026-02-01,white,kandy,2805.0,1,32.87858,206.3,299.6923,0.9,317,1,1,2777.6
2026-02-01,gr1,kegalle,2033.0,1,32.87858,206.3,299.6923,0.9,317,1,1,1973.0
2026-02-01,white,kegalle,2700.0,1,32.87858,206.3,299.6923,0.9,317,1,1,2777.6
2026-02-01,gr1,kurunegala,2000.0,1,32.87858,206.3,299.6923,0.9,317,1,1,1973.0
2026-02-01,gr1,matale,2000.0,1,32.87858,206.3,299.6923,0.9,317,1,1,1973.0
2026-02-01,white,matale,2900.0,1,32.87858,206.3,299.6923,0.9,317,1,1,2777.6
2026-02-01,gr1,matara,1978.0,1,32.87858,206.3,299.6923,0.9,317,1,1,1973.0
2026-02-01,gr1,monaragala,2000.0,1,32.87858,206.3,299.6923,0.9,317,1,1,1973.0
2026-02-01,white,monaragala,2900.0,1,32.87858,206.3,299.6923,0.9,317,1,1,2777.6
2026-02-01,gr1,nuwaraeliya,1937.0,1,32.87858,206.3,299.6923,0.9,317,1,1,1973.0
2026-02-01,gr1,ratnapura,1980.0,1,32.87858,206.3,299.6923,0.9,317,1,1,1973.0
2026-02-01,gr2,ratnapura,1900.0,1,32.87858,206.3,299.6923,0.9,317,1,1,1850.0
