Date,Grade,Region,Regional_Price,Seasonal_Impact,Temperature,Rainfall,Exchange_Rate,Inflation_Rate,Fuel_Price,Vietnam_FOB_USD,Vietnam_Harvest_Flag,Urea_Price_USD,India_Domestic_Price,National_Price,Is_Active_Region
2020-01-01,gr1,badulla,609.0,1,25.160225,110.8,181.4036,5.7,104,4188.293152152541,0,314.2348959927328,540.4741909221397,581.81,1
2020-02-01,gr1,badulla,563.75,1,25.33631,142.9,181.5628,6.2,104,4172.780863773741,1,303.8643860212326,498.821848258868,533.38,1
2020-03-01,gr1,badulla,545.5,1,28.02474,37.7,185.0567,5.4,104,4184.944815220536,1,340.13387247526623,529.2657706023622,531.11,1
2020-04-01,gr1,badulla,508.5,0,28.456999,127.4,193.0854,5.2,104,4144.683251299699,1,325.5623000940066,532.5905916844362,512.35,1
2020-05-01,gr1,badulla,526.25,0,28.86829,142.40001,187.865,4.0,104,4217.855628575588,0,323.074066978091,529.5888303617213,515.98,1
2020-06-01,gr1,badulla,492.0,1,30.223665,62.1,185.9545,3.9,104,4129.231462897479,0,320.21271576736063,512.8074065509508,498.81,1
2020-07-01,gr1,badulla,489.75,1,29.095709,156.8,185.8487,4.2,104,4237.596651634339,0,308.0411693796482,527.3746629463504,495.04,1
2020-08-01,gr1,badulla,540.8,1,30.424742,67.7,184.8939,4.1,104,4240.675860868483,0,302.39191188019225,558.0827317914601,546.41,1
2020-09-01,gr1,badulla,566.25,0,28.428667,158.2,185.0317,4.0,104,4223.69164604559,0,326.96387447456715,509.73607270973207,577.39,1
2020-10-01,gr1,badulla,554.0,0,30.30861,35.8,184.4379,4.0,104,4200.650094593895,0,330.8874861970419,519.378821342582,562.98,1
2020-11-01,gr1,badulla,554.5,1,26.043667,298.3,184.4379,4.1,104,4219.265868986442,0,313.9778793963822,524.3079301091258,551.98,1
2020-12-01,gr1,badulla,558.0,1,25.019903,584.6,187.1822,4.2,104,4184.236537767983,0,328.8404539636105,505.3808744856905,543.59,1
2021-01-01,gr1,badulla,551.25,1,24.389257,467.5,190.4918,3.0,104,4167.419982619709,0,309.84178181021605,510.8892094795226,522.04,1
2021-02-01,gr1,badulla,549.5,1,25.121286,121.299995,194.0665,3.3,104,4306.107809850631,1,333.7487641914818,544.1198903309363,511.54,1
2021-03-01,gr1,badulla,628.6,1,26.466677,169.50002,196.9825,4.1,104,4128.206892441028,1,321.1327041053776,525.4011471678284,608.51,1
2021-04-01,gr1,badulla,711.6666666666666,0,27.782,231.40001,197.423,3.9,104,4189.593887482136,1,309.32467085745725,497.3959255065215,684.43,1
2021-05-01,gr1,badulla,687.6666666666666,0,28.06829,188.9,199.5847,4.5,111,4189.890367378305,0,309.9345743472036,489.0539202212327,671.86,1
2021-06-01,gr1,badulla,761.0,1,28.493666,163.0,199.8161,5.2,111,4231.205990852608,0,335.2131605192245,523.8084777985011,751.81,1
2021-07-01,gr1,badulla,751.75,1,28.653772,106.2,199.9778,5.7,111,4129.626811281172,0,309.99668675394423,479.00117442845044,749.55,1
2021-08-01,gr1,badulla,754.3333333333334,1,28.531193,193.4,200.4965,6.0,111,4211.204624090521,0,319.0946671769584,489.71059381638463,732.83,1
2021-09-01,gr1,badulla,804.2916666666667,0,28.723665,186.2,201.9858,5.7,111,4207.519689323811,0,327.9994190194205,497.65627076586,785.26,1
2021-10-01,gr1,badulla,854.25,0,27.713451,261.7,201.0899,7.6,111,4177.496726426038,0,301.69367103143543,552.9896178864784,837.68,1
2021-11-01,gr1,badulla,1009.6,1,25.883665,365.19998,201.8582,9.9,111,4248.578547547718,0,313.77350638265546,507.7566616569036,998.1,1
2021-12-01,gr1,badulla,1139.5,1,24.919903,185.2,201.399,12.1,121,4096.627894998006,0,321.1502607914742,536.9354155043299,1117.54,1
2022-01-01,gr1,badulla,1165.5,1,24.674742,148.90001,201.4647,14.2,121,4201.7631775985865,0,315.1693894831656,526.2636894772996,1142.21,1
2022-02-01,gr1,badulla,1174.0,1,25.180212,112.100006,201.7362,15.1,176,4193.604120425962,1,320.1884962294485,539.5062491695596,1160.14,1
2022-03-01,gr1,badulla,1481.75,1,27.208612,65.0,255.8081,18.7,176,4130.860013451783,1,329.6945720052674,482.33699583882833,1460.57,1
2022-04-01,gr1,badulla,1742.3333333333333,0,27.380333,250.8,319.4404,29.8,289,4204.966615271462,1,331.2670513682758,486.8675358464445,1744.73,1
2022-05-01,gr1,badulla,1848.75,0,28.992483,143.0,358.939,39.1,289,4180.772222788509,0,311.9039648007835,523.7895964244216,1845.21,1
2022-06-01,gr1,badulla,1848.75,1,28.45033,152.5,360.2428,54.6,430,4175.619688796375,0,324.4771692581028,527.3523968041942,1843.43,1
2022-07-01,gr1,badulla,1777.25,1,28.623127,126.7,360.8724,60.8,430,4089.4432345496057,0,340.74082669749976,534.4227072509117,1805.43,1
2022-08-01,gr1,badulla,1799.6,1,28.503775,145.40001,360.9983,64.3,430,4251.876997212895,0,316.5680772450259,545.5393077217637,1801.86,1
2022-09-01,gr1,badulla,1787.25,0,28.873665,130.5,362.3826,69.8,415,4143.725547635081,0,325.2112242837934,528.9894782566462,1767.02,1
2022-10-01,gr1,badulla,1778.5,0,27.061838,304.3,363.1484,66.0,430,4192.099605071051,0,306.2038183521107,538.2754324277117,1808.95,1
2022-11-01,gr1,badulla,1816.8,1,25.490332,228.20001,363.394,61.0,420,4256.328251477388,0,313.2482172502562,517.2600902111508,1745.04,1
2022-12-01,gr1,badulla,1781.25,1,24.448935,234.8,363.1652,57.2,420,4262.3042596248815,0,307.6074160514653,528.0096277301266,1640.54,1
2023-01-01,gr1,badulla,1798.6,1,23.703773,201.0,362.4228,51.7,405,4222.213165574302,0,319.7442568780801,521.562861259393,1678.93,1
2023-02-01,gr1,badulla,1798.6,1,24.653427,198.90001,361.9766,50.6,405,4095.9035296058137,1,328.7438918071273,533.6413898012527,1678.93,1
2023-03-01,gr1,badulla,1745.75,1,26.476355,118.3,329.4709,50.3,325,4217.379085268083,1,326.15771149771143,541.2788197512172,1668.46,1
2023-04-01,gr1,badulla,1460.25,0,27.932,138.2,321.4244,35.3,310,4209.3383382238535,1,319.2423571346454,533.908049491006,1409.21,1
2023-05-01,gr1,badulla,1468.2,0,28.916677,103.0,310.1639,25.2,310,4164.841178743705,0,327.4082434542013,540.4706128837068,1414.43,1
2023-06-01,gr1,badulla,1398.0,1,30.012,155.40001,301.2612,12.0,308,4227.989522396552,0,325.9181413374138,512.7737887606542,1332.7,1
2023-07-01,gr1,badulla,1453.6,1,30.219902,84.7,319.2903,6.3,306,4176.886235564748,0,320.20886488295963,507.45373108097397,1460.24,1
2023-08-01,gr1,badulla,1917.0,1,31.592484,119.5,321.5764,4.0,341,4314.944906180963,0,319.2404897635748,530.0548961498163,1915.91,1
2023-09-01,gr1,badulla,1936.5,0,28.125332,213.0,322.7693,1.3,351,4233.74097460833,0,304.01875648116254,516.7927983791034,1925.25,1
2023-10-01,gr1,badulla,1800.0,0,26.700548,386.30002,324.7303,1.5,356,4210.146151042565,0,319.99291405423355,517.7374389496852,1935.31,1
2023-11-01,gr1,badulla,1961.25,1,26.187,480.0,328.25,3.4,329,4259.419663672405,0,301.3346004863938,507.23434546943014,1933.73,1
2023-12-01,gr1,badulla,1915.5,1,25.426353,415.0,326.7423,4.0,358,4260.325448325418,0,306.6968637426101,500.5324232394593,1888.79,1
2024-01-01,gr1,badulla,1936.2,1,25.171515,237.1,321.1706,6.4,363,4209.330456157818,0,302.21412415993484,534.6927509091865,1891.64,1
2024-02-01,gr1,badulla,1846.75,1,26.419067,101.8,312.5801,5.9,363,4148.938359143464,1,324.62060893251896,528.4309216707312,1809.61,1
2024-03-01,gr1,badulla,1755.0,1,28.73603,78.3,305.665,0.9,363,4255.864791579406,1,339.95667489783966,503.4869263439572,1704.27,1
2024-04-01,gr1,badulla,1688.2,0,29.925331,110.100006,299.4232,1.5,333,4177.690828339261,1,336.74492433347535,497.13961375852546,1566.09,1
2024-05-01,gr1,badulla,1655.0,0,30.034418,208.1,299.6923,0.9,317,4165.90078760011,0,324.920188479928,536.789370090368,1576.39,1
2024-06-01,gr1,badulla,1655.0,1,29.910334,75.200005,303.8121,1.7,317,4303.763043631263,0,306.4732971415647,491.28180952262943,1576.39,1
2024-07-01,gr1,badulla,1655.0,1,30.615065,101.0,303.7559,2.4,317,4116.57079630612,0,310.36241073789387,473.67712274062245,1576.39,1
2024-08-01,gr1,badulla,1655.0,1,29.29571,202.3,300.6683,0.5,307,4168.721864924523,0,320.6934433703625,548.5771541562714,1576.39,1
2024-09-01,gr1,badulla,1655.0,0,31.153666,148.0,301.1505,-0.5,283,4217.325194086536,0,323.90695920928147,546.0701586386951,1576.39,1
2024-10-01,gr1,badulla,1655.0,0,27.732805,218.2,293.7851,-0.8,283,4187.047892708965,0,328.2604717144151,526.3271664307229,1576.39,1
2024-11-01,gr1,badulla,1655.0,1,26.202,547.2,292.0092,-2.1,286,4147.329221841317,0,314.1994675862996,530.2722892846219,1576.39,1
2024-12-01,gr1,badulla,1655.0,1,26.210224,228.70001,291.6805,-1.7,286,4215.131773261952,0,327.21562505126144,506.5976959909153,1576.39,1
2025-01-01,gr1,badulla,1655.0,1,24.18442,466.7,296.1796,-4.0,286,4200.778952379073,0,307.43493105720745,492.56513741472986,1576.39,1
2025-02-01,gr1,badulla,1655.0,1,26.508785,112.200005,296.8034,-4.2,286,4251.128521600482,1,317.450442064463,519.8591002903889,1576.39,1
2025-03-01,gr1,badulla,1655.0,1,27.648935,127.8,295.909,-2.6,286,4121.474969818841,1,325.5551264634225,523.510724591572,1576.39,1
2025-04-01,gr1,badulla,1655.0,0,28.293667,191.1,298.5312,-2.0,286,4206.114875151614,1,301.20075614860957,508.8776250647844,1576.39,1
2025-05-01,gr1,badulla,1655.0,0,29.93442,62.5,299.4142,-0.7,274,4215.491035511352,0,320.3823799496003,518.8116963745501,1576.39,1
2025-06-01,gr1,badulla,1655.0,1,31.063665,80.5,299.9014,-0.6,274,4181.043612950626,0,319.36475425384646,513.0112134556609,1576.39,1
2025-07-01,gr1,badulla,1655.0,1,30.816677,86.399994,301.1217,-0.3,289,4197.211546117114,0,328.9706619688713,515.209961559565,1576.39,1
2025-08-01,gr1,badulla,1655.0,1,31.311838,83.2,301.4891,1.2,289,4209.602455824502,0,326.97903272539025,530.1248197861186,1576.39,1
2025-09-01,gr1,badulla,1655.0,0,31.183666,144.09999,302.1955,1.5,283,4185.486272790567,0,316.2949190140997,520.5691516236632,1576.39,1
2025-10-01,gr1,badulla,1655.0,0,28.37958,346.0,302.9987,2.1,277,4146.744316846231,0,306.32862193539756,518.4186531627089,1576.39,1
2025-11-01,gr1,badulla,1655.0,1,26.748304,272.8,302.9987,2.1,277,4183.145701444098,0,323.35058029084115,463.2184268102915,1576.39,1
2020-01-01,white,badulla,779.0,1,25.160225,110.8,181.4036,5.7,104,4215.712366629764,0,319.7269546049007,477.99946984696754,862.35,1
2020-02-01,white,badulla,791.5,1,25.33631,142.9,181.5628,6.2,104,4210.4431797502375,1,322.9929258040649,559.7412222339888,827.45,1
2020-03-01,white,badulla,777.0,1,28.02474,37.7,185.0567,5.4,104,4246.56400595581,1,329.96047685805814,516.983245768666,814.8,1
2020-04-01,white,badulla,850.0,0,28.456999,127.4,193.0854,5.2,104,4069.012744795513,1,311.6079033266099,516.4645167376843,767.3,1
2020-05-01,white,badulla,777.75,0,28.86829,142.40001,187.865,4.0,104,4183.616892670111,0,321.8102155870371,508.8515389378336,800.9,1
2020-06-01,white,badulla,760.0,1,30.223665,62.1,185.9545,3.9,104,4203.011510497051,0,307.75701763710634,517.6646816840951,783.08,1
2020-07-01,white,badulla,769.75,1,29.095709,156.8,185.8487,4.2,104,4203.428148740301,0,327.2238135782777,512.669859592639,801.7,1
2020-08-01,white,badulla,798.0,1,30.424742,67.7,184.8939,4.1,104,4212.524642517294,0,325.9252694920118,507.84249478648366,819.84,1
2020-09-01,white,badulla,793.5,0,28.428667,158.2,185.0317,4.0,104,4162.313191782126,0,309.75813175670794,502.26638155433085,808.15,1
2020-10-01,white,badulla,773.5,0,30.30861,35.8,184.4379,4.0,104,4157.66031409658,0,314.67299160338086,509.4750428696516,794.0,1
2020-11-01,white,badulla,752.25,1,26.043667,298.3,184.4379,4.1,104,4225.68929754561,0,329.1358462623325,535.0115833504353,774.8,1
2020-12-01,white,badulla,775.8,1,25.019903,584.6,187.1822,4.2,104,4203.214000954773,0,319.64358517702516,521.8350496889675,801.36,1
2021-01-01,white,badulla,752.75,1,24.389257,467.5,190.4918,3.0,104,4183.274938207953,0,296.37067564458164,516.1899378800438,783.1,1
2021-02-01,white,badulla,781.0,1,25.121286,121.299995,194.0665,3.3,104,4187.371592430342,1,319.22162802987197,509.4204458387197,792.25,1
2021-03-01,white,badulla,806.8,1,26.466677,169.50002,196.9825,4.1,104,4138.109225058657,1,313.5645016768254,545.4470700021353,845.88,1
2021-04-01,white,badulla,917.3333333333334,0,27.782,231.40001,197.423,3.9,104,4237.364680256163,1,323.25796316582165,481.8438488424522,921.8,1
2021-05-01,white,badulla,908.3333333333334,0,28.06829,188.9,199.5847,4.5,111,4229.7578512718455,0,317.61067900830307,531.0348159982184,944.4,1
2021-06-01,white,badulla,987.5,1,28.493666,163.0,199.8161,5.2,111,4158.888980221678,0,317.4109502629592,500.7453486943078,1027.9,1
2021-07-01,white,badulla,981.25,1,28.653772,106.2,199.9778,5.7,111,4158.638452822383,0,318.6736625361743,524.0877806320595,1036.75,1
2021-08-01,white,badulla,983.3333333333334,1,28.531193,193.4,200.4965,6.0,111,4309.4901466608835,0,328.08057798281146,535.5031098806957,1059.53,1
2021-09-01,white,badulla,1049.4166666666667,0,28.723665,186.2,201.9858,5.7,111,4267.693618708271,0,329.7519762978243,545.5892986331551,1122.66,1
2021-10-01,white,badulla,1115.5,0,27.713451,261.7,201.0899,7.6,111,4277.557598776126,0,311.5675340468381,527.7795745870437,1185.78,1
2021-11-01,white,badulla,1232.2,1,25.883665,365.19998,201.8582,9.9,111,4203.704739020989,0,320.82439752934505,549.8987645490647,1244.32,1
2021-12-01,white,badulla,1289.25,1,24.919903,185.2,201.399,12.1,121,4173.487119081378,0,304.86285607387174,461.86023561356717,1424.98,1
2022-01-01,white,badulla,1412.5,1,24.674742,148.90001,201.4647,14.2,121,4268.343713372226,0,317.75144018191924,532.1649238336994,1533.23,1
2022-02-01,white,badulla,1426.75,1,25.180212,112.100006,201.7362,15.1,176,4203.868415382381,1,301.18150954502363,511.80626814741004,1580.47,1
2022-03-01,white,badulla,1695.75,1,27.208612,65.0,255.8081,18.7,176,4197.488094527544,1,318.65691258529455,529.0245063863701,1839.45,1
2022-04-01,white,badulla,1955.3333333333333,0,27.380333,250.8,319.4404,29.8,289,4231.929622938868,1,311.94129933503814,535.5869800781066,2214.2,1
2022-05-01,white,badulla,2137.5,0,28.992483,143.0,358.939,39.1,289,4169.800740664209,0,325.6091944794124,505.33687605780005,2429.95,1
2022-06-01,white,badulla,2137.5,1,28.45033,152.5,360.2428,54.6,430,4106.460403948708,0,313.7915240174888,502.43353845640524,2429.95,1
2022-07-01,white,badulla,2270.75,1,28.623127,126.7,360.8724,60.8,430,4157.5077815267605,0,322.53739661494575,550.0683965685799,2553.2,1
2022-08-01,white,badulla,2375.0,1,28.503775,145.40001,360.9983,64.3,430,4161.310540044821,0,333.7443809317082,542.0164279684521,2616.13,1
2022-09-01,white,badulla,2516.25,0,28.873665,130.5,362.3826,69.8,415,4174.439216178441,0,319.812912435541,525.1595196244236,2671.0,1
2022-10-01,white,badulla,2641.75,0,27.061838,304.3,363.1484,66.0,430,4187.712846795703,0,327.0830384720106,499.4726158466822,2737.7,1
2022-11-01,white,badulla,2600.2,1,25.490332,228.20001,363.394,61.0,420,4172.828761443312,0,312.30857650212704,486.2531130577858,2702.04,1
2022-12-01,white,badulla,2612.0,1,24.448935,234.8,363.1652,57.2,420,4173.773986686011,0,310.2645380029553,563.3011213561321,2721.37,1
2023-01-01,white,badulla,2594.6,1,23.703773,201.0,362.4228,51.7,405,4252.4504612918445,0,328.25098264667633,511.91205153632075,2690.48,1
2023-02-01,white,badulla,2594.6,1,24.653427,198.90001,361.9766,50.6,405,4215.390088444603,1,329.2621540224159,494.1474930569548,2690.48,1
2023-03-01,white,badulla,2574.75,1,26.476355,118.3,329.4709,50.3,325,4250.718503250907,1,315.4675159097699,494.4739116692333,2734.6,1
2023-04-01,white,badulla,2460.25,0,27.932,138.2,321.4244,35.3,310,4157.082110990939,1,326.38391925608386,541.7753930843335,2284.55,1
2023-05-01,white,badulla,2199.8,0,28.916677,103.0,310.1639,25.2,310,4187.624068222425,0,308.19187184691157,494.3083146860006,2312.32,1
2023-06-01,white,badulla,2034.5,1,30.012,155.40001,301.2612,12.0,308,4198.022242307167,0,334.89863438602083,530.2299915072372,2146.8,1
2023-07-01,white,badulla,2116.4,1,30.219902,84.7,319.2903,6.3,306,4125.7219813481515,0,335.8054068656837,485.04726980343474,2238.64,1
2023-08-01,white,badulla,2323.25,1,31.592484,119.5,321.5764,4.0,341,4198.265755630661,0,333.7284847467653,517.9313755141943,2480.15,1
2023-09-01,white,badulla,2333.0,0,28.125332,213.0,322.7693,1.3,351,4259.450826555378,0,327.1975794214818,488.6428114926909,2501.9,1
2023-10-01,white,badulla,2247.0,0,26.700548,386.30002,324.7303,1.5,356,4131.034038599274,0,313.5245819436484,514.050355982523,2487.84,1
2023-11-01,white,badulla,2258.25,1,26.187,480.0,328.25,3.4,329,4225.363701555365,0,321.05894453115235,512.0754064379648,2500.8,1
2023-12-01,white,badulla,2270.75,1,25.426353,415.0,326.7423,4.0,358,4184.61108825235,0,321.98948146796494,493.00847576896933,2462.4,1
2024-01-01,white,badulla,2316.4,1,25.171515,237.1,321.1706,6.4,363,4196.7124869463505,0,326.66312500909214,535.2805956314572,2486.52,1
2024-02-01,white,badulla,2266.75,1,26.419067,101.8,312.5801,5.9,363,4197.720699182225,1,334.0159859294643,525.1732229571078,2405.6,1
2024-03-01,white,badulla,2199.75,1,28.73603,78.3,305.665,0.9,363,4290.047021645541,1,328.38940500469613,494.8426368818223,2379.93,1
2024-04-01,white,badulla,2210.0,0,29.925331,110.100006,299.4232,1.5,333,4275.169915088358,1,325.75205016106565,532.0618936989766,2255.68,1
2024-05-01,white,badulla,2149.75,0,30.034418,208.1,299.6923,0.9,317,4219.674269271088,0,332.119439853864,503.2615859240744,2283.35,1
2024-06-01,white,badulla,2149.75,1,29.910334,75.200005,303.8121,1.7,317,4286.377158505035,0,325.0178273616755,487.23941885127965,2283.35,1
2024-07-01,white,badulla,2149.75,1,30.615065,101.0,303.7559,2.4,317,4198.074576524965,0,305.0347074490992,530.4255981002763,2283.35,1
2024-08-01,white,badulla,2149.75,1,29.29571,202.3,300.6683,0.5,307,4257.438285018605,0,335.3793191841255,526.4416462153397,2283.35,1
2024-09-01,white,badulla,2149.75,0,31.153666,148.0,301.1505,-0.5,283,4182.537114784079,0,325.646059258936,518.2786061441822,2283.35,1
2024-10-01,white,badulla,2149.75,0,27.732805,218.2,293.7851,-0.8,283,4249.900505492983,0,313.0945894768374,500.132826008361,2283.35,1
2024-11-01,white,badulla,2149.75,1,26.202,547.2,292.0092,-2.1,286,4252.532719800381,0,326.8332899281107,517.5254210745032,2283.35,1
2024-12-01,white,badulla,2149.75,1,26.210224,228.70001,291.6805,-1.7,286,4229.870003492493,0,319.5458878206776,544.75307515024,2283.35,1
2025-01-01,white,badulla,2149.75,1,24.18442,466.7,296.1796,-4.0,286,4312.621790267215,0,349.49094425308726,516.9740155953496,2283.35,1
2025-02-01,white,badulla,2149.75,1,26.508785,112.200005,296.8034,-4.2,286,4115.352159290231,1,324.82687887209215,505.21257185081924,2283.35,1
2025-03-01,white,badulla,2149.75,1,27.648935,127.8,295.909,-2.6,286,4222.02373689802,1,344.2671648634552,481.83995725753385,2283.35,1
2025-04-01,white,badulla,2149.75,0,28.293667,191.1,298.5312,-2.0,286,4185.252516085398,1,322.5538375567432,540.1894357719194,2283.35,1
2025-05-01,white,badulla,2149.75,0,29.93442,62.5,299.4142,-0.7,274,4328.985466882716,0,319.46879346982456,550.5606271877566,2283.35,1
2025-06-01,white,badulla,2149.75,1,31.063665,80.5,299.9014,-0.6,274,4100.313217871427,0,326.19711445966135,530.3058864324894,2283.35,1
2025-07-01,white,badulla,2149.75,1,30.816677,86.399994,301.1217,-0.3,289,4230.456906045359,0,327.04506539824723,545.8128892184509,2283.35,1
2025-08-01,white,badulla,2149.75,1,31.311838,83.2,301.4891,1.2,289,4219.428930226548,0,323.9792704994681,558.4689158964991,2283.35,1
2025-09-01,white,badulla,2149.75,0,31.183666,144.09999,302.1955,1.5,283,4223.734911643997,0,321.7183933979353,507.4023089527238,2283.35,1
2025-10-01,white,badulla,2149.75,0,28.37958,346.0,302.9987,2.1,277,4139.515262857944,0,304.35197228637946,504.3768724373777,2283.35,1
2025-11-01,white,badulla,2149.75,1,26.748304,272.8,302.9987,2.1,277,4246.715995561964,0,330.8176672767283,511.6979942207326,2283.35,1
2020-01-01,gr1,colombo,631.3333333333334,1,30.64013,18.800001,181.4036,5.7,104,4238.371736457645,0,314.5375555174752,540.901769481695,581.81,1
2020-02-01,gr1,colombo,517.25,1,32.187794,24.3,181.5628,6.2,104,4142.450321128885,1,317.90676322848134,559.2517438106158,533.38,1
2020-03-01,gr1,colombo,513.0,1,31.538517,48.4,185.0567,5.4,104,4164.007789580264,1,316.3467844868789,531.1627902903701,531.11,1
2020-04-01,gr1,colombo,504.1333333333333,0,31.279,155.3,193.0854,5.2,104,4240.62629111971,1,341.65002344901086,537.907108615252,512.35,1
2020-05-01,gr1,colombo,495.26666666666665,0,29.849808,291.6,187.865,4.0,104,4174.086489086318,0,328.6047348835975,507.00469546303464,515.98,1
2020-06-01,gr1,colombo,486.4,1,29.174002,260.4,185.9545,3.9,104,4182.864274173661,0,337.0221494463524,523.6766903264501,498.81,1
2020-07-01,gr1,colombo,481.0,1,28.635292,256.1,185.8487,4.2,104,4154.530627260263,0,331.9663148664565,481.4465484130878,495.04,1
2020-08-01,gr1,colombo,527.25,1,28.636904,222.6,184.8939,4.1,104,4211.372996730206,0,332.62584103427184,564.3756046689626,546.41,1
2020-09-01,gr1,colombo,550.0,0,27.980669,368.3,185.0317,4.0,104,4232.827680431691,0,320.88406886291847,515.389507496395,577.39,1
2020-10-01,gr1,colombo,545.5,0,28.659485,109.0,184.4379,4.0,104,4186.7671583381025,0,335.4324352827219,501.2698725042081,562.98,1
2020-11-01,gr1,colombo,531.0,1,29.279001,373.1,184.4379,4.1,104,4207.686255297276,0,310.0161456081171,598.5247541287265,551.98,1
2020-12-01,gr1,colombo,516.5,1,28.72884,155.8,187.1822,4.2,104,4161.3587392731215,0,317.18672442881785,533.7101547758041,543.59,1
2021-01-01,gr1,colombo,474.75,1,28.888515,280.1,190.4918,3.0,104,4231.6959511159,0,324.2881650033057,539.106011164755,522.04,1
2021-02-01,gr1,colombo,473.5,1,30.48293,20.5,194.0665,3.3,104,4124.0315017022995,1,312.00807993349747,529.3334196393216,511.54,1
2021-03-01,gr1,colombo,562.75,1,30.01755,202.2,196.9825,4.1,104,4200.5116530509795,1,329.19228934575204,518.6273190782906,608.51,1
2021-04-01,gr1,colombo,646.3333333333334,0,30.049002,105.0,197.423,3.9,104,4170.531762152789,1,334.1222055541543,550.3278811050715,684.43,1
2021-05-01,gr1,colombo,617.6666666666666,0,29.403032,423.0,199.5847,4.5,111,4254.938842599359,0,333.17115067339864,510.5775069636424,671.86,1
2021-06-01,gr1,colombo,695.0,1,28.617334,263.7,199.8161,5.2,111,4199.387661357654,0,315.6837968728195,509.80386613618236,751.81,1
2021-07-01,gr1,colombo,738.25,1,28.549807,264.0,199.9778,5.7,111,4189.327642414408,0,325.13907849658915,513.2749052263786,749.55,1
2021-08-01,gr1,colombo,715.3333333333334,1,28.217548,280.5,200.4965,6.0,111,4204.883804927442,0,321.90499679779066,555.0986614329448,732.83,1
2021-09-01,gr1,colombo,751.1666666666667,0,28.410667,282.7,201.9858,5.7,111,4293.808541960794,0,309.46317580853645,526.1999796633111,785.26,1
2021-10-01,gr1,colombo,787.0,0,28.482065,337.5,201.0899,7.6,111,4146.618978530871,0,333.7365854516296,505.4079506038518,837.68,1
2021-11-01,gr1,colombo,938.6,1,27.935667,533.9,201.8582,9.9,111,4268.431577876618,0,312.5752941430195,512.8394124050603,998.1,1
2021-12-01,gr1,colombo,1031.5,1,29.882067,102.0,201.399,12.1,121,4134.776524974757,0,326.7134007645047,518.0181139951746,1117.54,1
2022-01-01,gr1,colombo,1046.75,1,30.790129,71.200005,201.4647,14.2,121,4210.698995536711,0,336.12220628255426,529.118083903414,1142.21,1
2022-02-01,gr1,colombo,1113.0,1,31.45793,51.199997,201.7362,15.1,176,4119.677683987122,1,322.33216131263504,539.5684422405607,1160.14,1
2022-03-01,gr1,colombo,1397.0,1,30.924002,54.5,255.8081,18.7,176,4295.470832023507,1,313.537726901562,528.7462637407792,1460.57,1
2022-04-01,gr1,colombo,1658.6666666666667,0,29.747335,220.7,319.4404,29.8,289,4116.529735943931,1,315.8918571204542,505.29393078636093,1744.73,1
2022-05-01,gr1,colombo,1841.0,0,28.84658,614.30005,358.939,39.1,289,4171.155406523842,0,315.2616065292908,494.9015466399542,1845.21,1
2022-06-01,gr1,colombo,1841.0,1,28.452333,253.5,360.2428,54.6,430,4219.722607118915,0,308.73232531090196,502.37863326677416,1843.43,1
2022-07-01,gr1,colombo,1734.5,1,28.380451,183.7,360.8724,60.8,430,4238.543259694348,0,294.6971247725367,547.1088560221099,1805.43,1
2022-08-01,gr1,colombo,1705.2,1,27.959484,314.3,360.9983,64.3,430,4186.506253235331,0,316.3038966395637,495.8595670428557,1801.86,1
2022-09-01,gr1,colombo,1697.0,0,28.285667,178.4,362.3826,69.8,415,4206.461059098761,0,325.5560446600345,499.70481013628296,1767.02,1
2022-10-01,gr1,colombo,1728.5,0,27.841743,431.3,363.1484,66.0,430,4149.394781236992,0,328.6239347238276,551.7967795636137,1808.95,1
2022-11-01,gr1,colombo,1687.8,1,28.719,231.3,363.394,61.0,420,4144.673704562916,0,312.0758007900004,513.1818424530784,1745.04,1
2022-12-01,gr1,colombo,1469.25,1,28.69013,195.90001,363.1652,57.2,420,4182.865620295983,0,322.7737693795819,518.4511307854801,1640.54,1
2023-01-01,gr1,colombo,1500.2,1,29.58529,89.0,362.4228,51.7,405,4257.966490168213,0,313.0528686891094,522.7812079730684,1678.93,1
2023-02-01,gr1,colombo,1500.2,1,29.815073,68.9,361.9766,50.6,405,4210.550873360131,1,321.9358991136754,515.5505020644347,1678.93,1
2023-03-01,gr1,colombo,1540.75,1,30.244968,137.0,329.4709,50.3,325,4161.084763729885,1,318.60553724319,547.6906409518781,1668.46,1
2023-04-01,gr1,colombo,1356.5,0,31.079,164.7,321.4244,35.3,310,4169.424109850403,1,309.28142766959843,517.7698234571411,1409.21,1
2023-05-01,gr1,colombo,1365.4,0,29.741743,221.4,310.1639,25.2,310,4288.540031781776,0,317.7140008465998,493.2654912224814,1414.43,1
2023-06-01,gr1,colombo,1263.5,1,29.120667,378.30002,301.2612,12.0,308,4241.696107727445,0,314.263982271031,499.7880356014217,1332.7,1
2023-07-01,gr1,colombo,1360.6,1,28.76271,244.5,319.2903,6.3,306,4184.541393826568,0,307.3983523482742,521.0239580376217,1460.24,1
2023-08-01,gr1,colombo,1781.75,1,29.04497,170.0,321.5764,4.0,341,4177.724873929961,0,321.5175799224874,500.68670392953584,1915.91,1
2023-09-01,gr1,colombo,1815.75,0,28.280668,561.5,322.7693,1.3,351,4219.120487309203,0,340.24309623286854,549.0200287626267,1925.25,1
2023-10-01,gr1,colombo,1865.2,0,28.51271,544.0,324.7303,1.5,356,4277.375260066503,0,326.0451532635537,524.6557348588033,1935.31,1
2023-11-01,gr1,colombo,1922.0,1,28.902334,496.9,328.25,3.4,329,4173.456561353984,0,313.15370174239996,498.6753013620155,1933.73,1
2023-12-01,gr1,colombo,1837.75,1,29.543356,401.9,326.7423,4.0,358,4218.433665443645,0,329.2165011192446,526.7228992605246,1888.79,1
2024-01-01,gr1,colombo,1800.2,1,30.21271,131.40001,321.1706,6.4,363,4209.704499644916,0,314.95820168992327,514.3168980414241,1891.64,1
2024-02-01,gr1,colombo,1756.5,1,32.46193,35.3,312.5801,5.9,363,4212.19003568856,1,317.48461113955506,513.2175544145992,1809.61,1
2024-03-01,gr1,colombo,1653.25,1,31.903032,81.6,305.665,0.9,363,4222.837660957689,1,326.0672305913618,527.2828059210932,1704.27,1
2024-04-01,gr1,colombo,1552.8,0,31.930666,178.8,299.4232,1.5,333,4177.384684037546,1,326.68741655592515,518.7062278993496,1566.09,1
2024-05-01,gr1,colombo,1441.0,0,30.25142,695.0,299.6923,0.9,317,4185.944985355703,0,298.46657080128756,541.1473661075645,1576.39,1
2024-06-01,gr1,colombo,1441.0,1,29.205667,323.1,303.8121,1.7,317,4286.7981901582625,0,331.12688374989926,525.6201850056361,1576.39,1
2024-07-01,gr1,colombo,1441.0,1,29.019163,311.4,303.7559,2.4,317,4232.359796985137,0,323.43787881549883,503.4360745406953,1576.39,1
2024-08-01,gr1,colombo,1441.0,1,28.590132,355.80002,300.6683,0.5,307,4224.701509314137,0,321.768208721394,508.2814465336449,1576.39,1
2024-09-01,gr1,colombo,1441.0,0,29.242334,286.6,301.1505,-0.5,283,4223.852041361156,0,330.4731770662145,508.94158325265397,1576.39,1
2024-10-01,gr1,colombo,1441.0,0,28.549807,419.2,293.7851,-0.8,283,4196.419937029297,0,303.9342289926132,523.6212548554216,1576.39,1
2024-11-01,gr1,colombo,1441.0,1,29.019001,343.69998,292.0092,-2.1,286,4295.70156769334,0,324.9968511030293,480.62991573123895,1576.39,1
2024-12-01,gr1,colombo,1441.0,1,30.140131,152.3,291.6805,-1.7,286,4196.7930826703505,0,334.5326066332103,496.4765332689044,1576.39,1
2025-01-01,gr1,colombo,1441.0,1,29.570776,256.3,296.1796,-4.0,286,4127.997455870285,0,317.21037069668193,536.5645938036924,1576.39,1
2025-02-01,gr1,colombo,1441.0,1,32.254356,86.600006,296.8034,-4.2,286,4269.213640925526,1,323.27879524159357,512.5628423544267,1576.39,1
2025-03-01,gr1,colombo,1441.0,1,31.320776,86.4,295.909,-2.6,286,4247.038559399411,1,315.8263318639492,502.19364303960253,1576.39,1
2025-04-01,gr1,colombo,1441.0,0,30.597334,177.6,298.5312,-2.0,286,4202.443003516285,1,323.896141773709,553.3813905165266,1576.39,1
2025-05-01,gr1,colombo,1441.0,0,30.241743,276.6,299.4142,-0.7,274,4220.689954872575,0,317.0032335199321,524.4846948907058,1576.39,1
2025-06-01,gr1,colombo,1441.0,1,29.055668,301.3,299.9014,-0.6,274,4170.915954302568,0,315.4269834491321,527.5830623745225,1576.39,1
2025-07-01,gr1,colombo,1441.0,1,28.91271,266.90002,301.1217,-0.3,289,4203.800269570621,0,326.5152199133951,523.7283233948809,1576.39,1
2025-08-01,gr1,colombo,1441.0,1,28.675613,174.09999,301.4891,1.2,289,4206.677045239114,0,315.20507032600756,531.362064102573,1576.39,1
2025-09-01,gr1,colombo,1441.0,0,28.965668,243.90001,302.1955,1.5,283,4216.0848903098,0,320.156183339496,513.5940439092672,1576.39,1
2025-10-01,gr1,colombo,1441.0,0,29.569162,255.80002,302.9987,2.1,277,4169.524389892036,0,307.6747668523149,510.3833242097604,1576.39,1
2025-11-01,gr1,colombo,1441.0,1,29.78487,201.1,302.9987,2.1,277,4184.8765156755935,0,324.69267589808527,539.1340637277132,1576.39,1
2020-01-01,gr1,galle,518.75,1,30.265484,45.3,181.4036,5.7,104,4176.829115359377,0,321.83359919779156,512.9717152857254,581.81,1
2020-02-01,gr1,galle,525.0,1,31.290344,67.3,181.5628,6.2,104,4185.415312510336,1,313.9438446026314,546.8295183106176,533.38,1
2020-03-01,gr1,galle,522.5,1,31.931614,55.300003,185.0567,5.4,104,4217.180914478423,1,310.28385961489346,524.8264386983357,531.11,1
2020-04-01,gr1,galle,497.5,0,30.539999,197.9,193.0854,5.2,104,4250.176644894601,1,320.5701312489708,536.4068802522492,512.35,1
2020-05-01,gr1,galle,502.5,0,29.338064,350.9,187.865,4.0,104,4245.7701058851035,0,322.825799504883,510.25594157610146,515.98,1
2020-06-01,gr1,galle,486.0,1,28.961666,231.40001,185.9545,3.9,104,4220.202542840727,0,325.65509645631545,499.9189080631598,498.81,1
2020-07-01,gr1,galle,481.25,1,28.420322,302.3,185.8487,4.2,104,4229.342854690013,0,320.14688194729194,519.0220563305179,495.04,1
2020-08-01,gr1,galle,548.75,1,28.523548,207.20001,184.8939,4.1,104,4209.231692926615,0,314.3575240134261,489.6671490115842,546.41,1
2020-09-01,gr1,galle,582.5,0,28.013332,333.0,185.0317,4.0,104,4257.92977895037,0,318.0634054072028,509.375714107848,577.39,1
2020-10-01,gr1,galle,540.0,0,28.596128,136.4,184.4379,4.0,104,4157.142122179186,0,321.408862469112,516.2534196318725,562.98,1
2020-11-01,gr1,galle,517.5,1,28.953333,533.2,184.4379,4.1,104,4217.889368017414,0,332.26933223884305,514.2510496119929,551.98,1
2020-12-01,gr1,galle,511.0,1,28.76387,221.1,187.1822,4.2,104,4204.093706969316,0,304.37454143113456,533.3730960951582,543.59,1
2021-01-01,gr1,galle,462.5,1,28.394516,278.8,190.4918,3.0,104,4166.91067676158,0,316.32972160916677,507.92038748061543,522.04,1
2021-02-01,gr1,galle,500.0,1,29.051428,83.799995,194.0665,3.3,104,4164.616526719061,1,321.22670315994793,554.9472639583112,511.54,1
2021-03-01,gr1,galle,596.0,1,30.089676,170.6,196.9825,4.1,104,4209.952984778673,1,330.80048065714647,538.2272544434944,608.51,1
2021-04-01,gr1,galle,658.3333333333334,0,29.638332,78.299995,197.423,3.9,104,4165.354520236967,1,309.3760647185312,515.755820601977,684.43,1
2021-05-01,gr1,galle,633.3333333333334,0,29.426773,326.9,199.5847,4.5,111,4265.273940357716,0,313.92178012905566,494.256728628315,671.86,1
2021-06-01,gr1,galle,735.0,1,28.56,256.1,199.8161,5.2,111,4166.141914424395,0,310.96298139269874,506.83503175332305,751.81,1
2021-07-01,gr1,galle,723.75,1,28.454191,343.4,199.9778,5.7,111,4242.882981160101,0,324.8918713014766,492.5665260553907,749.55,1
2021-08-01,gr1,galle,706.6666666666666,1,28.06387,297.40002,200.4965,6.0,111,4224.899914562273,0,325.1310579817608,533.8544551023372,732.83,1
2021-09-01,gr1,galle,769.1666666666666,0,28.286665,293.8,201.9858,5.7,111,4155.079266432582,0,337.10613372581923,480.9779627192275,785.26,1
2021-10-01,gr1,galle,831.6666666666666,0,28.478386,284.40002,201.0899,7.6,111,4225.721941702937,0,336.12278257988646,531.4478062235136,837.68,1
2021-11-01,gr1,galle,997.0,1,28.07,420.10004,201.8582,9.9,111,4252.921224342479,0,319.6296320295159,481.8128782498541,998.1,1
2021-12-01,gr1,galle,1103.75,1,28.896128,122.3,201.399,12.1,121,4153.006010683633,0,316.8094606433338,529.400883747364,1117.54,1
2022-01-01,gr1,galle,1116.25,1,28.817095,89.700005,201.4647,14.2,121,4230.708335002171,0,311.0880777458471,496.91274663534034,1142.21,1
2022-02-01,gr1,galle,1175.0,1,29.6675,109.7,201.7362,15.1,176,4128.887314520116,1,313.8756262535956,513.3842155134489,1160.14,1
2022-03-01,gr1,galle,1478.75,1,29.749353,105.9,255.8081,18.7,176,4167.467871543909,1,329.1915417361,524.445797116017,1460.57,1
2022-04-01,gr1,galle,1775.0,0,29.531666,184.5,319.4404,29.8,289,4228.529933429658,1,316.91965715814257,535.1499029867497,1744.73,1
2022-05-01,gr1,galle,1820.0,0,28.81871,530.3,358.939,39.1,289,4226.490208895764,0,320.0642226981094,520.249986438145,1845.21,1
2022-06-01,gr1,galle,1820.0,1,28.351665,259.1,360.2428,54.6,430,4303.770039932272,0,337.3251499948509,548.7267081141196,1843.43,1
2022-07-01,gr1,galle,1772.5,1,28.31871,213.8,360.8724,60.8,430,4216.924820374721,0,339.5834745422059,521.5919572475208,1805.43,1
2022-08-01,gr1,galle,1795.0,1,27.931614,264.2,360.9983,64.3,430,4218.865024652243,0,331.2605025077217,501.08986240114535,1801.86,1
2022-09-01,gr1,galle,1763.75,0,28.135,183.8,362.3826,69.8,415,4224.050461586836,0,318.4872671634649,518.9219030198852,1767.02,1
2022-10-01,gr1,galle,1795.0,0,27.850967,368.6,363.1484,66.0,430,4203.66589835942,0,327.25095786848,493.1574450302977,1808.95,1
2022-11-01,gr1,galle,1601.0,1,28.668333,192.5,363.394,61.0,420,4200.696464595648,0,322.1329370737294,508.1237718386259,1745.04,1
2022-12-01,gr1,galle,1531.25,1,28.178387,207.50002,363.1652,57.2,420,4161.109165620456,0,289.80487844179174,556.1439328727577,1640.54,1
2023-01-01,gr1,galle,1622.0,1,27.97516,127.1,362.4228,51.7,405,4229.65506289842,0,321.5235487203372,518.5205427281124,1678.93,1
2023-02-01,gr1,galle,1622.0,1,29.160357,164.9,361.9766,50.6,405,4219.956805717604,1,323.9046484992889,511.9384802186994,1678.93,1
2023-03-01,gr1,galle,1623.75,1,29.61871,140.3,329.4709,50.3,325,4220.412637785724,1,326.01206748929116,529.3309062290025,1668.46,1
2023-04-01,gr1,galle,1393.75,0,30.054998,150.4,321.4244,35.3,310,4132.415769719183,1,323.7640952609752,511.72768668740713,1409.21,1
2023-05-01,gr1,galle,1364.0,0,29.30903,205.9,310.1639,25.2,310,4235.387596772774,0,318.0897223739983,510.9090456251311,1414.43,1
2023-06-01,gr1,galle,1273.75,1,28.883333,280.2,301.2612,12.0,308,4116.9519533242,0,307.608929243461,533.2985432460348,1332.7,1
2023-07-01,gr1,galle,1397.0,1,28.80903,265.4,319.2903,6.3,306,4262.787806278676,0,316.82284903243766,526.4594900723533,1460.24,1
2023-08-01,gr1,galle,1897.5,1,29.155806,210.3,321.5764,4.0,341,4173.856998642336,0,303.9233897288194,496.5224007118205,1915.91,1
2023-09-01,gr1,galle,1912.5,0,28.353333,623.4,322.7693,1.3,351,4214.458432195391,0,313.3801782220339,547.5299290003908,1925.25,1
2023-10-01,gr1,galle,1915.0,0,28.255806,471.1,324.7303,1.5,356,4180.614922003201,0,315.299578522405,543.8918444102746,1935.31,1
2023-11-01,gr1,galle,1916.25,1,28.946665,472.7,328.25,3.4,329,4234.094574481315,0,328.9259733829931,558.4073500428852,1933.73,1
2023-12-01,gr1,galle,1781.25,1,29.150967,405.80002,326.7423,4.0,358,4263.922593130365,0,305.4882430994844,505.6178109710163,1888.79,1
2024-01-01,gr1,galle,1800.0,1,29.794514,196.40001,321.1706,6.4,363,4206.648483707344,0,315.12771435886447,492.5428109703787,1891.64,1
2024-02-01,gr1,galle,1725.0,1,32.366207,76.2,312.5801,5.9,363,4243.622866414007,1,337.38899663797577,529.1561121985156,1809.61,1
2024-03-01,gr1,galle,1610.0,1,32.149357,122.1,305.665,0.9,363,4232.136137993377,1,328.87655425873834,523.2097924794696,1704.27,1
2024-04-01,gr1,galle,1455.0,0,31.38,213.5,299.4232,1.5,333,4238.020732807215,1,326.9553775756578,516.9951402240348,1566.09,1
2024-05-01,gr1,galle,1606.25,0,29.792902,645.0,299.6923,0.9,317,4171.44105051086,0,311.3722423595688,508.5650791608788,1576.39,1
2024-06-01,gr1,galle,1606.25,1,29.279999,317.4,303.8121,1.7,317,4175.805708297284,0,314.641985369477,516.8369231125536,1576.39,1
2024-07-01,gr1,galle,1606.25,1,29.331612,252.4,303.7559,2.4,317,4138.711716849883,0,312.4150466529993,535.8635137643736,1576.39,1
2024-08-01,gr1,galle,1606.25,1,28.739677,398.2,300.6683,0.5,307,4166.418831603098,0,336.73452090298537,511.035507673997,1576.39,1
2024-09-01,gr1,galle,1606.25,0,29.144999,290.3,301.1505,-0.5,283,4249.813340972357,0,319.5652305018614,504.35993014977925,1576.39,1
2024-10-01,gr1,galle,1606.25,0,28.723549,303.8,293.7851,-0.8,283,4202.597294290365,0,307.0773730489438,511.7517236356704,1576.39,1
2024-11-01,gr1,galle,1606.25,1,29.17,385.69998,292.0092,-2.1,286,4243.503386534438,0,327.4268241835972,500.12274650330295,1576.39,1
2024-12-01,gr1,galle,1606.25,1,29.710644,199.5,291.6805,-1.7,286,4221.096037711764,0,313.9413917924111,529.6181618549779,1576.39,1
2025-01-01,gr1,galle,1606.25,1,28.59129,336.5,296.1796,-4.0,286,4150.4303825271845,0,323.4005129456889,517.0011856184178,1576.39,1
2025-02-01,gr1,galle,1606.25,1,31.149643,113.6,296.8034,-4.2,286,4242.670777939015,1,317.70200369424805,553.0723453698457,1576.39,1
2025-03-01,gr1,galle,1606.25,1,30.74129,178.3,295.909,-2.6,286,4227.502604951228,1,329.18454443942414,476.07744357800107,1576.39,1
2025-04-01,gr1,galle,1606.25,0,30.146666,242.1,298.5312,-2.0,286,4166.854954122453,1,293.64252260983125,513.5594369101589,1576.39,1
2025-05-01,gr1,galle,1606.25,0,29.957418,237.1,299.4142,-0.7,274,4202.190573598956,0,308.88032974225837,514.7468095936766,1576.39,1
2025-06-01,gr1,galle,1606.25,1,29.35,282.0,299.9014,-0.6,274,4138.802986661887,0,328.48430882205287,472.19391265061125,1576.39,1
2025-07-01,gr1,galle,1606.25,1,29.042902,298.0,301.1217,-0.3,289,4208.468041201804,0,319.9347868477054,520.9861666304045,1576.39,1
2025-08-01,gr1,galle,1606.25,1,28.938063,200.0,301.4891,1.2,289,4247.835115839729,0,321.97292265631205,552.8122912697658,1576.39,1
2025-09-01,gr1,galle,1606.25,0,29.431665,230.8,302.1955,1.5,283,4191.25201216523,0,335.1928392364177,502.7301279007013,1576.39,1
2025-10-01,gr1,galle,1606.25,0,29.554193,236.8,302.9987,2.1,277,4226.484637717836,0,313.03228181570427,518.2381751194185,1576.39,1
2025-11-01,gr1,galle,1606.25,1,30.116957,219.59999,302.9987,2.1,277,4208.028699052493,0,326.124687940136,519.5539943256389,1576.39,1
2020-01-01,gr1,gampaha,575.0,1,32.767258,20.9,181.4036,5.7,104,4176.526280703252,0,323.9180400540255,522.8977566619378,581.81,1
2020-02-01,gr1,gampaha,517.0,1,34.60569,25.0,181.5628,6.2,104,4218.784900917283,1,313.3092726134008,520.0739134369569,533.38,1
2020-03-01,gr1,gampaha,545.5,1,32.909195,76.4,185.0567,5.4,104,4176.96806145201,1,321.8468030586491,469.40879844611396,531.11,1
2020-04-01,gr1,gampaha,533.8666666666667,0,32.15167,175.4,193.0854,5.2,104,4267.812001428541,1,313.5648176961986,507.36844541669336,512.35,1
2020-05-01,gr1,gampaha,522.2333333333333,0,30.49629,307.0,187.865,4.0,104,4159.57531985534,0,314.1692256143106,495.9359828922171,515.98,1
2020-06-01,gr1,gampaha,510.6,1,29.711666,284.1,185.9545,3.9,104,4159.886136538919,0,322.4075317948857,573.86067327961,498.81,1
2020-07-01,gr1,gampaha,504.75,1,29.083385,275.6,185.8487,4.2,104,4270.139715546805,0,313.9021709568062,514.4223321169849,495.04,1
2020-08-01,gr1,gampaha,563.8,1,29.17371,220.6,184.8939,4.1,104,4265.357137714122,0,314.4814185410755,516.819095791999,546.41,1
2020-09-01,gr1,gampaha,587.0,0,28.355,419.7,185.0317,4.0,104,4151.265916488634,0,334.7753008105526,543.5945041672142,577.39,1
2020-10-01,gr1,gampaha,625.0,0,29.275322,117.799995,184.4379,4.0,104,4336.008458329481,0,315.1115057821373,506.64440887062227,562.98,1
2020-11-01,gr1,gampaha,579.25,1,30.075,398.40002,184.4379,4.1,104,4202.9104359223,0,323.01791899819466,478.3177412100282,551.98,1
2020-12-01,gr1,gampaha,533.5,1,29.39629,182.7,187.1822,4.2,104,4188.159069662999,0,320.6699071722487,556.9721766659283,543.59,1
2021-01-01,gr1,gampaha,507.5,1,29.788225,211.8,190.4918,3.0,104,4098.74287066712,0,326.93105607263146,537.5209358505958,522.04,1
2021-02-01,gr1,gampaha,502.75,1,32.124287,15.3,194.0665,3.3,104,4175.788296356687,1,315.17256477817966,550.4201245431876,511.54,1
2021-03-01,gr1,gampaha,629.2,1,31.686613,225.90001,196.9825,4.1,104,4150.924567447602,1,313.31855914461005,492.6336992233438,608.51,1
2021-04-01,gr1,gampaha,673.0,0,31.025,93.299995,197.423,3.9,104,4242.480104851051,1,319.2035860875429,532.0423664078496,684.43,1
2021-05-01,gr1,gampaha,669.3333333333334,0,29.94629,445.5,199.5847,4.5,111,4241.270817449402,0,318.8193147300892,518.1272762252166,671.86,1
2021-06-01,gr1,gampaha,737.5,1,29.06,258.0,199.8161,5.2,111,4155.137281425708,0,324.0373009033661,520.6888202341169,751.81,1
2021-07-01,gr1,gampaha,748.0,1,29.044678,269.1,199.9778,5.7,111,4215.5453782799,0,321.795817819396,528.5097986648046,749.55,1
2021-08-01,gr1,gampaha,736.6666666666666,1,28.599514,267.2,200.4965,6.0,111,4161.349510807227,0,327.0945181713904,520.3680326156688,732.83,1
2021-09-01,gr1,gampaha,788.9583333333333,0,28.826666,293.7,201.9858,5.7,111,4247.521191909303,0,309.3219707842081,518.8682302220021,785.26,1
2021-10-01,gr1,gampaha,841.25,0,29.133387,378.0,201.0899,7.6,111,4192.881025748935,0,318.6255148537231,527.2283463454621,837.68,1
2021-11-01,gr1,gampaha,1007.0,1,28.496666,549.4,201.8582,9.9,111,4151.753826970995,0,306.7997748877929,517.2120559867353,998.1,1
2021-12-01,gr1,gampaha,1096.25,1,31.180162,101.1,201.399,12.1,121,4233.483627441502,0,322.1319662823769,507.9435868843208,1117.54,1
2022-01-01,gr1,gampaha,1115.0,1,32.265648,65.0,201.4647,14.2,121,4194.383597515459,0,328.9683931586553,510.8181937956202,1142.21,1
2022-02-01,gr1,gampaha,1156.25,1,32.979645,47.7,201.7362,15.1,176,4210.173181793361,1,329.53136633913243,530.4428509186787,1160.14,1
2022-03-01,gr1,gampaha,1447.5,1,31.946291,57.699997,255.8081,18.7,176,4130.071621309043,1,337.75310892609514,523.7035107365983,1460.57,1
2022-04-01,gr1,gampaha,1736.6666666666667,0,30.608334,289.0,319.4404,29.8,289,4227.168009618997,1,308.94295331514064,534.4295864751468,1744.73,1
2022-05-01,gr1,gampaha,1897.5,0,29.243063,525.9,358.939,39.1,289,4241.784605603257,0,319.8554772912172,523.6942094956216,1845.21,1
2022-06-01,gr1,gampaha,1897.5,1,29.008333,216.09999,360.2428,54.6,430,4178.950775958987,0,308.0607499360095,505.75558472701897,1843.43,1
2022-07-01,gr1,gampaha,1820.0,1,29.139837,162.3,360.8724,60.8,430,4126.070687711008,0,317.1399577811989,543.4039741839321,1805.43,1
2022-08-01,gr1,gampaha,1830.0,1,28.501127,278.7,360.9983,64.3,430,4151.061814210884,0,323.77100393902185,498.4937521390152,1801.86,1
2022-09-01,gr1,gampaha,1792.5,0,28.906668,164.5,362.3826,69.8,415,4205.469739730244,0,320.8958068125525,512.7707446661203,1767.02,1
2022-10-01,gr1,gampaha,1816.25,0,28.56887,422.2,363.1484,66.0,430,4117.257166406712,0,329.5312504537609,531.48142441788,1808.95,1
2022-11-01,gr1,gampaha,1736.0,1,29.698334,245.0,363.394,61.0,420,4328.667990162493,0,316.9203847036096,528.5663338475048,1745.04,1
2022-12-01,gr1,gampaha,1592.5,1,29.380161,164.79999,363.1652,57.2,420,4181.42795670021,0,333.6065859583865,496.0941247280151,1640.54,1
2023-01-01,gr1,gampaha,1631.6,1,30.293064,116.5,362.4228,51.7,405,4145.946833620005,0,315.90717561886896,488.46007035618004,1678.93,1
2023-02-01,gr1,gampaha,1631.6,1,31.233215,101.5,361.9766,50.6,405,4195.16434440648,1,328.5089796216797,560.9372439143912,1678.93,1
2023-03-01,gr1,gampaha,1635.0,1,31.53016,179.0,329.4709,50.3,325,4209.792262754884,1,315.4981073514859,528.8839665458135,1668.46,1
2023-04-01,gr1,gampaha,1432.5,0,31.81,208.4,321.4244,35.3,310,4129.666945157589,1,304.4624123398394,503.90067038294876,1409.21,1
2023-05-01,gr1,gampaha,1438.0,0,30.310806,210.8,310.1639,25.2,310,4168.6516471106115,0,310.0565062539149,511.76353262072683,1414.43,1
2023-06-01,gr1,gampaha,1363.3333333333333,1,29.579998,326.4,301.2612,12.0,308,4222.959003961422,0,321.01856295261985,509.69563212383514,1332.7,1
2023-07-01,gr1,gampaha,1472.0,1,29.301128,247.1,319.2903,6.3,306,4211.106688581685,0,313.8363859196052,509.96431614376934,1460.24,1
2023-08-01,gr1,gampaha,1866.75,1,29.77855,138.2,321.5764,4.0,341,4272.669223855885,0,311.64857098369976,552.583327298019,1915.91,1
2023-09-01,gr1,gampaha,1887.5,0,28.631666,553.10004,322.7693,1.3,351,4208.3226104106525,0,306.3682599540719,537.588340822748,1925.25,1
2023-10-01,gr1,gampaha,1909.0,0,29.455969,598.1,324.7303,1.5,356,4289.793883654776,0,328.8233306232341,504.86472045968145,1935.31,1
2023-11-01,gr1,gampaha,1906.25,1,29.953333,521.6,328.25,3.4,329,4175.528027874089,0,327.9062559916277,562.4954280603392,1933.73,1
2023-12-01,gr1,gampaha,1898.75,1,30.283386,377.69998,326.7423,4.0,358,4180.333059383632,0,318.72450879622465,515.4504748009318,1888.79,1
2024-01-01,gr1,gampaha,1884.0,1,31.06242,154.7,321.1706,6.4,363,4253.681587492989,0,319.1847732689835,543.8952572375388,1891.64,1
2024-02-01,gr1,gampaha,1770.0,1,34.3919,21.2,312.5801,5.9,363,4171.7960684631635,1,314.0248980530836,527.4012223053791,1809.61,1
2024-03-01,gr1,gampaha,1722.5,1,33.85597,88.5,305.665,0.9,363,4228.48836401161,1,318.1680338127961,520.1435693381588,1704.27,1
2024-04-01,gr1,gampaha,1555.2,0,33.211666,232.5,299.4232,1.5,333,4078.806033668552,1,309.08299123860684,521.4574819603104,1566.09,1
2024-05-01,gr1,gampaha,1482.75,0,30.667257,666.4,299.6923,0.9,317,4289.884326342476,0,330.97152711753694,537.4439400014595,1576.39,1
2024-06-01,gr1,gampaha,1482.75,1,29.718332,338.0,303.8121,1.7,317,4209.895539173132,0,313.70736606307213,477.3480874769033,1576.39,1
2024-07-01,gr1,gampaha,1482.75,1,29.555967,301.6,303.7559,2.4,317,4175.840676885031,0,319.5134764842955,479.63024271222724,1576.39,1
2024-08-01,gr1,gampaha,1482.75,1,29.102741,292.1,300.6683,0.5,307,4213.033688291195,0,314.5331991541274,526.5821355742025,1576.39,1
2024-09-01,gr1,gampaha,1482.75,0,29.948332,295.1,301.1505,-0.5,283,4203.841094553013,0,331.69589992427774,540.0364970736388,1576.39,1
2024-10-01,gr1,gampaha,1482.75,0,29.199516,408.2,293.7851,-0.8,283,4198.138888174508,0,337.49583904205423,546.0655607463212,1576.39,1
2024-11-01,gr1,gampaha,1482.75,1,29.554998,422.9,292.0092,-2.1,286,4190.465879961833,0,324.72002270919273,533.0995116844338,1576.39,1
2024-12-01,gr1,gampaha,1482.75,1,30.147902,171.40001,291.6805,-1.7,286,4216.438120515174,0,306.6139420027675,529.7512059417344,1576.39,1
2025-01-01,gr1,gampaha,1482.75,1,29.835001,283.2,296.1796,-4.0,286,4279.7252531612485,0,317.20239831504165,541.817233412074,1576.39,1
2025-02-01,gr1,gampaha,1482.75,1,33.11893,89.100006,296.8034,-4.2,286,4228.195456002618,1,320.8589300629333,505.4307675663931,1576.39,1
2025-03-01,gr1,gampaha,1482.75,1,32.064034,156.6,295.909,-2.6,286,4150.875630323085,1,317.04910085762094,518.7184447170257,1576.39,1
2025-04-01,gr1,gampaha,1482.75,0,31.276667,230.3,298.5312,-2.0,286,4202.029584560194,1,311.3170726812363,501.1488398841625,1576.39,1
2025-05-01,gr1,gampaha,1482.75,0,30.907581,289.80002,299.4142,-0.7,274,4190.735617056114,0,319.49795382958257,513.071469879862,1576.39,1
2025-06-01,gr1,gampaha,1482.75,1,29.531668,380.1,299.9014,-0.6,274,4149.262163465357,0,319.57176618688425,544.6044435130158,1576.39,1
2025-07-01,gr1,gampaha,1482.75,1,29.336613,238.1,301.1217,-0.3,289,4226.937799622318,0,308.62314329575185,505.36736522182946,1576.39,1
2025-08-01,gr1,gampaha,1482.75,1,29.26887,230.8,301.4891,1.2,289,4192.376508180972,0,322.96575545140763,499.00689002180115,1576.39,1
2025-09-01,gr1,gampaha,1482.75,0,29.608334,235.0,302.1955,1.5,283,4166.595477317847,0,329.0227717378665,552.8675631160907,1576.39,1
2025-10-01,gr1,gampaha,1482.75,0,30.067257,322.8,302.9987,2.1,277,4190.651434850728,0,325.5229993767952,533.9233599431858,1576.39,1
2025-11-01,gr1,gampaha,1482.75,1,30.20239,236.70001,302.9987,2.1,277,4180.591159072938,0,304.64427876792894,530.3389303149675,1576.39,1
2020-01-01,gr1,hambantota,554.5,1,30.615934,23.900002,181.4036,5.7,104,4212.098113578301,0,325.7929149960109,503.63142668115995,581.81,1
2020-02-01,gr1,hambantota,542.75,1,31.196415,77.6,181.5628,6.2,104,4292.613909225447,1,326.77925871339266,510.29388329264265,533.38,1
2020-03-01,gr1,hambantota,513.5,1,31.665936,13.4,185.0567,5.4,104,4216.20419846974,1,313.43105721028604,527.7264663562312,531.11,1
2020-04-01,gr1,hambantota,495.0,0,31.515667,73.6,193.0854,5.2,104,4167.7440122697435,1,335.2846842641253,529.0948182428227,512.35,1
2020-05-01,gr1,hambantota,505.75,0,31.359486,68.200005,187.865,4.0,104,4173.511989811648,0,336.0734557601999,504.6000786760508,515.98,1
2020-06-01,gr1,hambantota,498.6,1,32.387333,27.2,185.9545,3.9,104,4208.7288906415915,0,327.53341621104533,484.47507333067097,498.81,1
2020-07-01,gr1,hambantota,483.75,1,31.046581,92.5,185.8487,4.2,104,4150.473183743466,0,326.4828043384386,518.9519109884507,495.04,1
2020-08-01,gr1,hambantota,555.4,1,31.374,48.1,184.8939,4.1,104,4239.091143588866,0,335.42109952567876,496.6444089746413,546.41,1
2020-09-01,gr1,hambantota,575.5,0,30.722334,60.0,185.0317,4.0,104,4248.168806462216,0,301.3346338292694,497.9541570032715,577.39,1
2020-10-01,gr1,hambantota,550.0,0,32.34013,31.9,184.4379,4.0,104,4224.12362076216,0,323.2316771418478,477.58599694729867,562.98,1
2020-11-01,gr1,hambantota,551.25,1,30.070667,196.50002,184.4379,4.1,104,4254.152562158763,0,317.96326249823034,519.0897550939751,551.98,1
2020-12-01,gr1,hambantota,520.0,1,29.843357,110.2,187.1822,4.2,104,4106.636740370413,0,327.9426467962183,545.9174356372603,543.59,1
2021-01-01,gr1,hambantota,523.75,1,28.936903,177.3,190.4918,3.0,104,4160.373963078365,0,320.8614388304637,487.2103167494913,522.04,1
2021-02-01,gr1,hambantota,506.75,1,30.95436,22.5,194.0665,3.3,104,4238.731702671467,1,323.2307927311603,515.268894255621,511.54,1
2021-03-01,gr1,hambantota,598.0,1,30.82884,116.3,196.9825,4.1,104,4203.490104249501,1,332.8101636173511,545.2741335530934,608.51,1
2021-04-01,gr1,hambantota,681.0,0,31.787333,48.0,197.423,3.9,104,4215.36497604383,1,318.1285573499545,521.5496103703772,684.43,1
2021-05-01,gr1,hambantota,673.3333333333334,0,31.661097,89.299995,199.5847,4.5,111,4234.097648564748,0,319.7713193770112,508.3280134730799,671.86,1
2021-06-01,gr1,hambantota,787.0,1,32.11067,35.6,199.8161,5.2,111,4192.647130924893,0,308.209602088402,500.3541193149064,751.81,1
2021-07-01,gr1,hambantota,765.0,1,31.991743,35.800003,199.9778,5.7,111,4199.049189604865,0,331.0969984195622,514.2290260824859,749.55,1
2021-08-01,gr1,hambantota,713.3333333333334,1,31.467548,54.1,200.4965,6.0,111,4247.963541304261,0,327.388104808875,554.0502931625921,732.83,1
2021-09-01,gr1,hambantota,777.9166666666667,0,31.379,77.1,201.9858,5.7,111,4133.988339648968,0,318.3117827680999,483.6404154922569,785.26,1
2021-10-01,gr1,hambantota,842.5,0,30.693356,130.0,201.0899,7.6,111,4143.767895408107,0,336.39964529371395,482.6036732093567,837.68,1
2021-11-01,gr1,hambantota,1015.8,1,29.817333,223.40001,201.8582,9.9,111,4140.837074366711,0,313.07579020126144,521.4536104865869,998.1,1
2021-12-01,gr1,hambantota,1163.0,1,29.730453,125.700005,201.399,12.1,121,4147.039323905552,0,330.760071385986,505.75652271647914,1117.54,1
2022-01-01,gr1,hambantota,1173.0,1,30.49013,43.1,201.4647,14.2,121,4173.474942619474,0,312.8084668075758,512.2015258688111,1142.21,1
2022-02-01,gr1,hambantota,1168.75,1,31.509716,44.0,201.7362,15.1,176,4145.922599819281,1,308.5627379267934,546.6114980807808,1160.14,1
2022-03-01,gr1,hambantota,1479.25,1,31.291742,70.9,255.8081,18.7,176,4170.380303788056,1,313.29379790923355,500.9536723852241,1460.57,1
2022-04-01,gr1,hambantota,1813.3333333333333,0,30.857334,82.6,319.4404,29.8,289,4109.755894966774,1,333.1030874611961,533.90405800168,1744.73,1
2022-05-01,gr1,hambantota,1800.0,0,30.783678,121.3,358.939,39.1,289,4076.4177749936357,0,318.9039019607417,486.6280148224361,1845.21,1
2022-06-01,gr1,hambantota,1800.0,1,30.675667,42.5,360.2428,54.6,430,4183.698823391608,0,326.38051101440755,520.9200549450654,1843.43,1
2022-07-01,gr1,hambantota,1785.0,1,31.825613,114.8,360.8724,60.8,430,4231.639093305314,0,324.9669922323652,502.76593859487485,1805.43,1
2022-08-01,gr1,hambantota,1774.0,1,31.088516,61.3,360.9983,64.3,430,4153.891733791119,0,302.26967531793116,542.7462908472946,1801.86,1
2022-09-01,gr1,hambantota,1785.5,0,31.115667,33.8,362.3826,69.8,415,4160.4762772277345,0,331.3377009686707,542.4371571246094,1767.02,1
2022-10-01,gr1,hambantota,1841.5,0,31.228838,105.1,363.1484,66.0,430,4135.24606139682,0,313.5851840477705,517.0206138046541,1808.95,1
2022-11-01,gr1,hambantota,1763.4,1,30.024,215.1,363.394,61.0,420,4209.904238038393,0,311.8291136893181,521.571540594383,1745.04,1
2022-12-01,gr1,hambantota,1758.25,1,29.314323,193.5,363.1652,57.2,420,4287.613522171181,0,338.00511181510853,499.5194281822724,1640.54,1
2023-01-01,gr1,hambantota,1757.2,1,30.288517,78.9,362.4228,51.7,405,4216.306651112106,0,331.2103066732447,559.4508435357961,1678.93,1
2023-02-01,gr1,hambantota,1757.2,1,30.85793,81.0,361.9766,50.6,405,4255.165094100826,1,322.6536234939963,503.3587739030029,1678.93,1
2023-03-01,gr1,hambantota,1695.75,1,31.00626,88.899994,329.4709,50.3,325,4251.457781866282,1,297.0381904686276,530.4450127203555,1668.46,1
2023-04-01,gr1,hambantota,1391.5,0,31.507334,105.5,321.4244,35.3,310,4252.682089830392,1,311.30336918725305,494.8972925605321,1409.21,1
2023-05-01,gr1,hambantota,1362.8,0,31.454645,67.6,310.1639,25.2,310,4231.620386952776,0,327.84604287898026,518.1720088498178,1414.43,1
2023-06-01,gr1,hambantota,1300.0,1,32.52233,15.2,301.2612,12.0,308,4210.384384358155,0,321.6476084123652,488.04801660809136,1332.7,1
2023-07-01,gr1,hambantota,1426.4,1,31.703032,50.199997,319.2903,6.3,306,4190.656417791932,0,325.57691060725125,530.0048093887314,1460.24,1
2023-08-01,gr1,hambantota,1981.25,1,32.16271,31.100002,321.5764,4.0,341,4185.910769556975,0,340.2360621922964,561.358126763271,1915.91,1
2023-09-01,gr1,hambantota,1965.25,0,29.607334,172.8,322.7693,1.3,351,4168.113000787434,0,320.19147777415753,533.7413159171783,1925.25,1
2023-10-01,gr1,hambantota,1968.6,0,28.60787,314.19998,324.7303,1.5,356,4216.722839499351,0,315.63280263959405,521.0332195370216,1935.31,1
2023-11-01,gr1,hambantota,1920.75,1,28.715668,325.1,328.25,3.4,329,4229.196409266298,0,327.30764119066527,521.4250749982178,1933.73,1
2023-12-01,gr1,hambantota,1888.25,1,28.893356,267.4,326.7423,4.0,358,4202.321827407807,0,307.4760655558688,520.0136563791497,1888.79,1
2024-01-01,gr1,hambantota,1961.6,1,29.754646,177.8,321.1706,6.4,363,4259.752331446242,0,320.34152417488025,480.4354950125038,1891.64,1
2024-02-01,gr1,hambantota,1762.0,1,31.76193,28.7,312.5801,5.9,363,4195.041206811031,1,320.85318142565023,516.3486205124092,1809.61,1
2024-03-01,gr1,hambantota,1637.5,1,31.961098,83.9,305.665,0.9,363,4209.826058485073,1,337.95211355912323,512.7992146248604,1704.27,1
2024-04-01,gr1,hambantota,1443.2,0,31.420666,103.5,299.4232,1.5,333,4221.2728780892485,1,317.0603305233582,518.3256408030157,1566.09,1
2024-05-01,gr1,hambantota,1577.75,0,30.699808,220.8,299.6923,0.9,317,4269.967771829301,0,316.0798736008087,538.6625614468214,1576.39,1
2024-06-01,gr1,hambantota,1577.75,1,30.274,53.2,303.8121,1.7,317,4221.208297320096,0,308.8347556005134,566.1583250123222,1576.39,1
2024-07-01,gr1,hambantota,1577.75,1,31.55626,38.4,303.7559,2.4,317,4211.222590927999,0,310.75766855731695,510.8430322763502,1576.39,1
2024-08-01,gr1,hambantota,1577.75,1,30.927227,109.3,300.6683,0.5,307,4258.636450962968,0,307.004187630724,480.62153715167835,1576.39,1
2024-09-01,gr1,hambantota,1577.75,0,31.470667,75.0,301.1505,-0.5,283,4122.170905067012,0,325.14254756017834,484.5786289382382,1576.39,1
2024-10-01,gr1,hambantota,1577.75,0,30.390131,156.40001,293.7851,-0.8,283,4195.964170994571,0,314.97025229448656,515.1866965093957,1576.39,1
2024-11-01,gr1,hambantota,1577.75,1,29.769001,314.90002,292.0092,-2.1,286,4207.520945257179,0,307.623375776727,502.87003525181603,1576.39,1
2024-12-01,gr1,hambantota,1577.75,1,29.803034,201.90001,291.6805,-1.7,286,4222.676715075699,0,339.9251535316812,509.4340590667404,1576.39,1
2025-01-01,gr1,hambantota,1577.75,1,28.561098,394.4,296.1796,-4.0,286,4168.051912615525,0,329.6818466053286,509.50675185866396,1576.39,1
2025-02-01,gr1,hambantota,1577.75,1,31.08293,55.8,296.8034,-4.2,286,4214.059571198469,1,321.75211418908515,539.9223642982225,1576.39,1
2025-03-01,gr1,hambantota,1577.75,1,30.403032,158.1,295.909,-2.6,286,4205.268775307298,1,320.54934110999847,522.8609753975791,1576.39,1
2025-04-01,gr1,hambantota,1577.75,0,30.879,122.299995,298.5312,-2.0,286,4287.478837159347,1,323.27821172843085,491.86369981004924,1576.39,1
2025-05-01,gr1,hambantota,1577.75,0,32.304646,54.9,299.4142,-0.7,274,4248.193955839745,0,329.96858773465806,539.2060959256294,1576.39,1
2025-06-01,gr1,hambantota,1577.75,1,32.537334,40.8,299.9014,-0.6,274,4161.501338447068,0,313.93299705234705,538.2694746403481,1576.39,1
2025-07-01,gr1,hambantota,1577.75,1,33.327225,59.4,301.1217,-0.3,289,4194.438696932565,0,326.6834048871808,507.8354698511048,1576.39,1
2025-08-01,gr1,hambantota,1577.75,1,32.433678,23.4,301.4891,1.2,289,4133.438352322111,0,336.9995737457638,497.53011933520804,1576.39,1
2025-09-01,gr1,hambantota,1577.75,0,32.765667,45.7,302.1955,1.5,283,4226.82549217852,0,330.30580585624057,520.3603374408889,1576.39,1
2025-10-01,gr1,hambantota,1577.75,0,31.236902,156.7,302.9987,2.1,277,4224.32508219131,0,322.60442263333556,491.52634726232156,1576.39,1
2025-11-01,gr1,hambantota,1577.75,1,30.671827,262.2,302.9987,2.1,277,4221.846908487318,0,317.559195263258,524.0951776480357,1576.39,1
2020-01-01,gr1,kalutara,555.0,1,30.246387,26.500002,181.4036,5.7,104,4227.128002179298,0,305.2108843122587,520.4780608656991,581.81,1
2020-02-01,gr1,kalutara,517.5,1,30.820414,37.600002,181.5628,6.2,104,4169.96806550406,1,330.39904687396074,540.2292607081671,533.38,1
2020-03-01,gr1,kalutara,534.0,1,31.501226,60.0,185.0567,5.4,104,4252.856111310945,1,306.52873710470305,514.067850818604,531.11,1
2020-04-01,gr1,kalutara,528.3333333333333,0,31.169666,160.2,193.0854,5.2,104,4196.399493920983,1,329.2784012808124,525.0633047607596,512.35,1
2020-05-01,gr1,kalutara,522.6666666666666,0,29.66413,311.6,187.865,4.0,104,4174.9121478207735,0,318.3287828621359,499.1591117551379,515.98,1
2020-06-01,gr1,kalutara,500.0,1,29.211334,248.70001,185.9545,3.9,104,4191.9357144167,0,346.01683114180395,526.9960004913581,498.81,1
2020-07-01,gr1,kalutara,500.0,1,28.717354,261.6,185.8487,4.2,104,4129.907446860386,0,318.6598283332708,536.9031594236865,495.04,1
2020-08-01,gr1,kalutara,512.0,1,28.796387,176.40001,184.8939,4.1,104,4119.625838271939,0,345.5819928566825,525.912489774942,546.41,1
2020-09-01,gr1,kalutara,560.5,0,28.078,329.6,185.0317,4.0,104,4239.354230187123,0,308.58310885866496,523.8821526190671,577.39,1
2020-10-01,gr1,kalutara,575.75,0,28.839937,113.1,184.4379,4.0,104,4231.283367388251,0,308.8038256671099,525.8438545665275,562.98,1
2020-11-01,gr1,kalutara,555.0,1,29.491333,256.80002,184.4379,4.1,104,4142.851485108469,0,327.6608027838469,554.4939329952222,551.98,1
2020-12-01,gr1,kalutara,529.0,1,29.018969,208.20001,187.1822,4.2,104,4175.7318226085445,0,325.159392177041,516.4887210900157,543.59,1
2021-01-01,gr1,kalutara,494.25,1,28.873806,239.5,190.4918,3.0,104,4209.322715738472,0,321.7644155527723,549.4534135150196,522.04,1
2021-02-01,gr1,kalutara,477.25,1,30.521214,32.8,194.0665,3.3,104,4263.345557459331,1,310.4667139174129,501.02166958350324,511.54,1
2021-03-01,gr1,kalutara,549.6,1,30.115742,224.5,196.9825,4.1,104,4223.105173713164,1,338.73297776217544,559.7455199846162,608.51,1
2021-04-01,gr1,kalutara,658.3333333333334,0,29.973,97.9,197.423,3.9,104,4217.850774298252,1,324.52371796249736,521.4407372256749,684.43,1
2021-05-01,gr1,kalutara,665.0,0,29.612514,393.5,199.5847,4.5,111,4240.675481800032,0,298.78145100991406,546.5159329508438,671.86,1
2021-06-01,gr1,kalutara,722.5,1,28.686335,255.7,199.8161,5.2,111,4203.790227909686,0,319.7580439360908,470.2334529317402,751.81,1
2021-07-01,gr1,kalutara,745.0,1,28.670582,268.7,199.9778,5.7,111,4273.767810847477,0,323.5063009927356,543.9449384729046,749.55,1
2021-08-01,gr1,kalutara,718.3333333333334,1,28.277033,256.8,200.4965,6.0,111,4201.225508712947,0,315.64513629430155,524.505282344951,732.83,1
2021-09-01,gr1,kalutara,761.6666666666667,0,28.424665,282.90002,201.9858,5.7,111,4171.15481721688,0,329.50307591973575,544.3794157958732,785.26,1
2021-10-01,gr1,kalutara,805.0,0,28.694773,284.2,201.0899,7.6,111,4206.014781585595,0,329.5287454720294,494.13716912482704,837.68,1
2021-11-01,gr1,kalutara,948.0,1,28.216333,473.2,201.8582,9.9,111,4234.302572999922,0,313.88230909094716,534.7930630344935,998.1,1
2021-12-01,gr1,kalutara,1038.75,1,29.346386,83.100006,201.399,12.1,121,4218.329912304843,0,312.4803066826118,528.6452590126831,1117.54,1
2022-01-01,gr1,kalutara,1070.0,1,29.991549,76.0,201.4647,14.2,121,4188.951520023339,0,317.31469352094166,506.1079926167371,1142.21,1
2022-02-01,gr1,kalutara,1132.0,1,30.460499,73.4,201.7362,15.1,176,4162.182462735785,1,322.8712416520182,497.9266034293926,1160.14,1
2022-03-01,gr1,kalutara,1381.0,1,30.335096,87.5,255.8081,18.7,176,4228.1484618345285,1,308.0636316824352,528.5088972836835,1460.57,1
2022-04-01,gr1,kalutara,1576.6666666666667,0,29.758,228.0,319.4404,29.8,289,4166.868812052708,1,317.85078969711265,498.9971852079571,1744.73,1
2022-05-01,gr1,kalutara,1742.5,0,28.883484,606.10004,358.939,39.1,289,4143.514657267119,0,325.462842480037,538.7583107502131,1845.21,1
2022-06-01,gr1,kalutara,1742.5,1,28.433,297.7,360.2428,54.6,430,4214.488742844821,0,321.42943094763706,543.7346924035467,1843.43,1
2022-07-01,gr1,kalutara,1802.5,1,28.523806,185.7,360.8724,60.8,430,4257.187702160347,0,331.0095963499857,522.6859299449559,1805.43,1
2022-08-01,gr1,kalutara,1754.0,1,28.13671,304.30002,360.9983,64.3,430,4177.785336996194,0,319.70737186315023,553.527860544164,1801.86,1
2022-09-01,gr1,kalutara,1675.0,0,28.404667,176.2,362.3826,69.8,415,4236.2883311949345,0,318.02661579692676,528.328920762029,1767.02,1
2022-10-01,gr1,kalutara,1735.0,0,28.115742,428.7,363.1484,66.0,430,4241.1585291980955,0,325.1308542009729,547.9918929029159,1808.95,1
2022-11-01,gr1,kalutara,1726.0,1,28.942999,198.90001,363.394,61.0,420,4202.960921700725,0,301.06385333046217,521.5431299243544,1745.04,1
2022-12-01,gr1,kalutara,1450.0,1,28.79155,145.1,363.1652,57.2,420,4129.624415264109,0,306.9117960088089,549.0185509655843,1640.54,1
2023-01-01,gr1,kalutara,1534.0,1,29.148,82.6,362.4228,51.7,405,4230.796780347213,0,314.75911602065406,503.94351112098315,1678.93,1
2023-02-01,gr1,kalutara,1534.0,1,29.2605,82.4,361.9766,50.6,405,4172.7540456595525,1,318.62628211600605,506.50131962418897,1678.93,1
2023-03-01,gr1,kalutara,1577.5,1,30.094774,138.1,329.4709,50.3,325,4151.081361119248,1,320.005279588566,542.0264591547152,1668.46,1
2023-04-01,gr1,kalutara,1380.0,0,30.768,172.4,321.4244,35.3,310,4153.838337694455,1,328.1788965802503,512.2460016718288,1409.21,1
2023-05-01,gr1,kalutara,1350.0,0,29.62542,234.2,310.1639,25.2,310,4290.622427899846,0,294.3766634120469,522.6385593354391,1414.43,1
2023-06-01,gr1,kalutara,1216.25,1,29.084665,348.0,301.2612,12.0,308,4196.491714427068,0,335.4902015149519,550.603903977267,1332.7,1
2023-07-01,gr1,kalutara,1356.0,1,28.846386,216.6,319.2903,6.3,306,4176.062568916826,0,316.2480361967606,492.55068904231797,1460.24,1
2023-08-01,gr1,kalutara,1802.5,1,29.267355,187.8,321.5764,4.0,341,4278.978607286535,0,340.8953872169477,508.3643593321589,1915.91,1
2023-09-01,gr1,kalutara,1852.5,0,28.488,573.0,322.7693,1.3,351,4224.622563200407,0,321.89706167610393,498.45247846030486,1925.25,1
2023-10-01,gr1,kalutara,1907.0,0,28.693161,610.3,324.7303,1.5,356,4169.36056547578,0,315.4790966716692,476.20156590042893,1935.31,1
2023-11-01,gr1,kalutara,1925.0,1,29.138,569.7,328.25,3.4,329,4252.208043853454,0,300.29896182288167,546.6267812397681,1933.73,1
2023-12-01,gr1,kalutara,1821.25,1,29.23671,331.4,326.7423,4.0,358,4201.437241146741,0,335.11154930247346,503.52129026056,1888.79,1
2024-01-01,gr1,kalutara,1737.0,1,29.894773,145.2,321.1706,6.4,363,4148.674235029447,0,323.4767648353834,537.8929437514774,1891.64,1
2024-02-01,gr1,kalutara,1716.25,1,31.694553,32.4,312.5801,5.9,363,4135.984780066456,1,334.2236986169851,517.5253463980049,1809.61,1
2024-03-01,gr1,kalutara,1660.0,1,32.03187,58.100002,305.665,0.9,363,4222.385428000865,1,325.3450564848055,478.27044683257833,1704.27,1
2024-04-01,gr1,kalutara,1430.0,0,31.783,183.8,299.4232,1.5,333,4120.804858825713,1,316.129002975256,521.4639398200339,1566.09,1
2024-05-01,gr1,kalutara,1483.75,0,30.16413,654.9,299.6923,0.9,317,4232.0421430633505,0,315.21162543991596,513.6982653761178,1576.39,1
2024-06-01,gr1,kalutara,1483.75,1,29.391333,323.7,303.8121,1.7,317,4167.429099819277,0,335.337277099165,540.2527481928814,1576.39,1
2024-07-01,gr1,kalutara,1483.75,1,29.297998,296.2,303.7559,2.4,317,4278.699338164502,0,320.3279699541159,522.9012749191876,1576.39,1
2024-08-01,gr1,kalutara,1483.75,1,28.773806,366.2,300.6683,0.5,307,4172.484742307729,0,317.28344889673946,545.0568526885497,1576.39,1
2024-09-01,gr1,kalutara,1483.75,0,29.402998,311.4,301.1505,-0.5,283,4135.850388790572,0,317.7060925593197,510.04858323229587,1576.39,1
2024-10-01,gr1,kalutara,1483.75,0,28.801226,401.8,293.7851,-0.8,283,4236.381477181849,0,333.81454078690484,531.7233160078557,1576.39,1
2024-11-01,gr1,kalutara,1483.75,1,29.103,324.0,292.0092,-2.1,286,4210.871643658986,0,320.7595526791609,536.2159729118342,1576.39,1
2024-12-01,gr1,kalutara,1483.75,1,29.373806,137.1,291.6805,-1.7,286,4216.067860772514,0,326.92918623031613,543.6378218591992,1576.39,1
2025-01-01,gr1,kalutara,1483.75,1,28.668966,194.9,296.1796,-4.0,286,4157.651932584084,0,327.9037189605171,510.74120975949484,1576.39,1
2025-02-01,gr1,kalutara,1483.75,1,30.147999,93.9,296.8034,-4.2,286,4229.737717083264,1,297.80699627252466,526.3904934156591,1576.39,1
2025-03-01,gr1,kalutara,1483.75,1,30.722193,131.1,295.909,-2.6,286,4188.768342500149,1,329.7581671934471,530.7258181903438,1576.39,1
2025-04-01,gr1,kalutara,1483.75,0,29.723,238.70001,298.5312,-2.0,286,4164.900415609663,1,325.34629086122436,552.295575814197,1576.39,1
2025-05-01,gr1,kalutara,1483.75,0,30.043161,281.80002,299.4142,-0.7,274,4193.508965013329,0,346.20793091029975,487.76865281794346,1576.39,1
2025-06-01,gr1,kalutara,1483.75,1,28.896334,298.1,299.9014,-0.6,274,4167.536122746699,0,320.58022734808395,508.06051426557855,1576.39,1
2025-07-01,gr1,kalutara,1483.75,1,28.681871,252.0,301.1217,-0.3,289,4153.966320346031,0,317.9850846605248,557.8088137031157,1576.39,1
2025-08-01,gr1,kalutara,1483.75,1,28.57542,206.3,301.4891,1.2,289,4235.4054338344295,0,324.63184795267586,547.2512570542491,1576.39,1
2025-09-01,gr1,kalutara,1483.75,0,28.764668,277.30002,302.1955,1.5,283,4249.602117476826,0,310.9224381985308,527.2129578287158,1576.39,1
2025-10-01,gr1,kalutara,1483.75,0,29.23187,249.2,302.9987,2.1,277,4202.832496244855,0,326.25630933646,509.6461485426157,1576.39,1
2025-11-01,gr1,kalutara,1483.75,1,29.552347,183.9,302.9987,2.1,277,4208.520811118774,0,327.5678867998698,515.5697347409575,1576.39,1
2020-01-01,gr1,kandy,603.5,1,28.454937,7.4000006,181.4036,5.7,104,4224.835707650562,0,317.7523459810732,532.441399806121,581.81,1
2020-02-01,gr1,kandy,531.0,1,30.08714,12.200001,181.5628,6.2,104,4129.384814933235,1,315.5671774880849,537.7046296597798,533.38,1
2020-03-01,gr1,kandy,541.0,1,32.780743,12.799999,185.0567,5.4,104,4133.590697555079,1,335.61511196726855,513.2972443765709,531.11,1
2020-04-01,gr1,kandy,540.5,0,31.386333,119.7,193.0854,5.2,104,4184.539381207439,1,305.78189333258155,510.96681047680755,512.35,1
2020-05-01,gr1,kandy,528.5,0,28.654936,230.1,187.865,4.0,104,4204.352353411909,0,300.33643410624,510.1769250571579,515.98,1
2020-06-01,gr1,kandy,498.0,1,28.296333,89.8,185.9545,3.9,104,4126.824252593394,0,323.9968795175264,501.4660338230538,498.81,1
2020-07-01,gr1,kandy,492.75,1,27.806547,140.8,185.8487,4.2,104,4190.381951760944,0,311.494795457907,554.7770270370667,495.04,1
2020-08-01,gr1,kandy,544.6,1,27.496872,159.20001,184.8939,4.1,104,4223.679621531759,0,337.26963851233404,501.5106802374089,546.41,1
2020-09-01,gr1,kandy,579.75,0,26.298,189.40001,185.0317,4.0,104,4165.998763921076,0,314.48814283671464,509.0346241014985,577.39,1
2020-10-01,gr1,kandy,559.25,0,27.196873,112.8,184.4379,4.0,104,4159.209485751728,0,332.2103369552535,544.5796100497812,562.98,1
2020-11-01,gr1,kandy,557.0,1,27.513,210.1,184.4379,4.1,104,4177.674252396649,0,291.27737786718353,512.2995637657427,551.98,1
2020-12-01,gr1,kandy,571.6,1,26.587194,251.90001,187.1822,4.2,104,4392.636574532736,0,334.9268856895952,497.39861321919284,543.59,1
2021-01-01,gr1,kandy,556.25,1,26.575905,145.70001,190.4918,3.0,104,4164.2348145370015,0,331.64739354457174,517.6754191375609,522.04,1
2021-02-01,gr1,kandy,532.25,1,28.632643,15.2,194.0665,3.3,104,4167.333538371315,1,326.19154261005195,497.04617220368664,511.54,1
2021-03-01,gr1,kandy,622.8,1,29.661386,87.8,196.9825,4.1,104,4281.620565196582,1,351.9310756784486,544.4616613419065,608.51,1
2021-04-01,gr1,kandy,700.3333333333334,0,29.809668,227.90001,197.423,3.9,104,4102.395610023875,1,316.6522466789346,525.7744732565004,684.43,1
2021-05-01,gr1,kandy,686.0,0,27.716227,299.4,199.5847,4.5,111,4198.954920301792,0,316.46833707189313,511.7278893315671,671.86,1
2021-06-01,gr1,kandy,784.5,1,27.011333,140.5,199.8161,5.2,111,4304.619363784273,0,316.08241850956176,510.73677275829203,751.81,1
2021-07-01,gr1,kandy,770.0,1,27.050098,135.6,199.9778,5.7,111,4212.248328555436,0,315.25096343377476,532.2043233917844,749.55,1
2021-08-01,gr1,kandy,737.3333333333334,1,26.595259,138.4,200.4965,6.0,111,4276.636945650129,0,331.0708066928697,512.0863857648748,732.83,1
2021-09-01,gr1,kandy,792.7916666666667,0,27.169668,129.2,201.9858,5.7,111,4158.0139078909615,0,338.3818367679512,524.6804890870629,785.26,1
2021-10-01,gr1,kandy,848.25,0,27.138807,238.5,201.0899,7.6,111,4261.890815598673,0,321.8958161659874,531.6708860602378,837.68,1
2021-11-01,gr1,kandy,994.8,1,25.859669,290.5,201.8582,9.9,111,4258.964859203192,0,318.24114187567665,516.1146173604296,998.1,1
2021-12-01,gr1,kandy,1096.75,1,27.158161,44.7,201.399,12.1,121,4130.994927089256,0,316.90790922950134,528.8600426089475,1117.54,1
2022-01-01,gr1,kandy,1153.0,1,28.50171,32.7,201.4647,14.2,121,4194.648482002272,0,304.1586405699451,499.22912358312055,1142.21,1
2022-02-01,gr1,kandy,1172.25,1,29.623714,56.2,201.7362,15.1,176,4187.548198022181,1,321.68654671966726,535.5205582768695,1160.14,1
2022-03-01,gr1,kandy,1431.25,1,30.525904,48.5,255.8081,18.7,176,4276.156203863483,1,320.92844901141115,565.6330367307769,1460.57,1
2022-04-01,gr1,kandy,1694.0,0,28.791332,231.40001,319.4404,29.8,289,4154.62181689792,1,327.9348872055221,496.43918265247237,1744.73,1
2022-05-01,gr1,kandy,1806.5,0,27.324291,191.70001,358.939,39.1,289,4196.696010067634,0,336.1558282354823,511.64180908468217,1845.21,1
2022-06-01,gr1,kandy,1806.5,1,27.471334,70.4,360.2428,54.6,430,4192.216138230396,0,326.96954404510734,482.84197097203423,1843.43,1
2022-07-01,gr1,kandy,1803.75,1,27.12429,159.4,360.8724,60.8,430,4200.920918959478,0,315.2790942230287,524.6289184505115,1805.43,1
2022-08-01,gr1,kandy,1821.8,1,26.52429,206.7,360.9983,64.3,430,4157.195808704557,0,330.85786324939346,515.7666603613765,1801.86,1
2022-09-01,gr1,kandy,1756.25,0,27.196333,84.2,362.3826,69.8,415,4111.063987554786,0,351.37748533659993,530.6401239764389,1767.02,1
2022-10-01,gr1,kandy,1822.25,0,26.36784,293.1,363.1484,66.0,430,4193.710653995017,0,331.24112719986016,529.5033549299077,1808.95,1
2022-11-01,gr1,kandy,1812.2,1,26.608,154.1,363.394,61.0,420,4065.1556678529214,0,330.70150238316427,500.7058914849857,1745.04,1
2022-12-01,gr1,kandy,1711.0,1,26.133968,190.5,363.1652,57.2,420,4205.3215113845945,0,328.2947484193175,492.8910499377542,1640.54,1
2023-01-01,gr1,kandy,1718.8,1,26.459774,44.4,362.4228,51.7,405,4138.893609555403,0,325.0547015916663,524.2514806126443,1678.93,1
2023-02-01,gr1,kandy,1718.8,1,27.627287,46.9,361.9766,50.6,405,4129.576935181822,1,313.4188351092474,531.3952071439729,1678.93,1
2023-03-01,gr1,kandy,1663.0,1,30.150097,49.6,329.4709,50.3,325,4132.590728894715,1,332.36130721806217,507.8529113357558,1668.46,1
2023-04-01,gr1,kandy,1401.75,0,31.099667,145.1,321.4244,35.3,310,4136.021151663215,1,323.2674476460232,525.854309642837,1409.21,1
2023-05-01,gr1,kandy,1440.6,0,28.825905,88.3,310.1639,25.2,310,4171.218108688111,0,326.0318743108234,520.3763809948119,1414.43,1
2023-06-01,gr1,kandy,1362.5,1,28.839666,73.5,301.2612,12.0,308,4231.033604877534,0,327.15381315441243,477.8870611631935,1332.7,1
2023-07-01,gr1,kandy,1483.2,1,27.713001,135.90001,319.2903,6.3,306,4201.415918806523,0,311.71502975219755,536.3100204488852,1460.24,1
2023-08-01,gr1,kandy,1942.25,1,30.69042,33.7,321.5764,4.0,341,4244.481539781172,0,311.8914248878966,529.5086136505324,1915.91,1
2023-09-01,gr1,kandy,1947.0,0,27.736334,120.2,322.7693,1.3,351,4277.525024640704,0,335.33433701296326,561.9168700361831,1925.25,1
2023-10-01,gr1,kandy,1944.2,0,27.450096,342.6,324.7303,1.5,356,4171.462685312526,0,310.4356362318199,570.2311310316885,1935.31,1
2023-11-01,gr1,kandy,1956.25,1,27.454668,569.1,328.25,3.4,329,4198.34365135631,0,318.187758267819,526.4157145186537,1933.73,1
2023-12-01,gr1,kandy,1960.5,1,27.208162,212.0,326.7423,4.0,358,4258.464779522284,0,339.76440584515484,532.0824177917704,1888.79,1
2024-01-01,gr1,kandy,1945.0,1,27.666225,112.0,321.1706,6.4,363,4212.469184185537,0,324.042947549617,520.6805482214446,1891.64,1
2024-02-01,gr1,kandy,1855.25,1,30.018173,9.200001,312.5801,5.9,363,4294.05785347203,1,302.741932712094,507.34489940229923,1809.61,1
2024-03-01,gr1,kandy,1757.75,1,32.632355,43.2,305.665,0.9,363,4187.938197107183,1,304.9691969824018,535.6574746989714,1704.27,1
2024-04-01,gr1,kandy,1673.4,0,33.504665,71.6,299.4232,1.5,333,4128.461244894098,1,314.4169824605397,531.8084412250292,1566.09,1
2024-05-01,gr1,kandy,1580.75,0,29.222677,377.3,299.6923,0.9,317,4188.9517913085165,0,320.4977368718096,569.7037983335779,1576.39,1
2024-06-01,gr1,kandy,1580.75,1,27.839666,93.0,303.8121,1.7,317,4231.758590084099,0,316.307228607538,526.152253363784,1576.39,1
2024-07-01,gr1,kandy,1580.75,1,27.482355,136.8,303.7559,2.4,317,4201.90017390841,0,334.4849922989293,507.5593038889124,1576.39,1
2024-08-01,gr1,kandy,1580.75,1,27.563,150.7,300.6683,0.5,307,4244.182996874333,0,319.1656203020964,523.3611961193365,1576.39,1
2024-09-01,gr1,kandy,1580.75,0,28.173,104.8,301.1505,-0.5,283,4181.877952929844,0,310.8249717898574,503.7397125547974,1576.39,1
2024-10-01,gr1,kandy,1580.75,0,27.413002,186.20001,293.7851,-0.8,283,4303.837399178042,0,319.7644784912576,513.4660757362727,1576.39,1
2024-11-01,gr1,kandy,1580.75,1,27.368002,511.40002,292.0092,-2.1,286,4304.418735239036,0,311.68177791769557,492.22914892337576,1576.39,1
2024-12-01,gr1,kandy,1580.75,1,27.866226,132.5,291.6805,-1.7,286,4259.351515278019,0,330.72978047766014,496.3193888355488,1576.39,1
2025-01-01,gr1,kandy,1580.75,1,27.10655,266.19998,296.1796,-4.0,286,4185.121824832,0,300.80326843802345,500.6390848297951,1576.39,1
2025-02-01,gr1,kandy,1580.75,1,29.818357,22.0,296.8034,-4.2,286,4183.758430824569,1,306.4892563379198,531.826984835168,1576.39,1
2025-03-01,gr1,kandy,1580.75,1,30.764612,90.0,295.909,-2.6,286,4150.570444642454,1,326.0685059321567,539.0003165733929,1576.39,1
2025-04-01,gr1,kandy,1580.75,0,29.399666,157.40001,298.5312,-2.0,286,4227.624497720857,1,306.22382499245765,540.0326365041713,1576.39,1
2025-05-01,gr1,kandy,1580.75,0,28.522678,120.3,299.4142,-0.7,274,4166.325468787806,0,315.9189916083978,490.01968079083196,1576.39,1
2025-06-01,gr1,kandy,1580.75,1,27.599667,132.6,299.9014,-0.6,274,4281.955840272203,0,330.9646923381088,535.2169330862296,1576.39,1
2025-07-01,gr1,kandy,1580.75,1,27.553324,178.5,301.1217,-0.3,289,4261.383449623665,0,308.10333340909636,563.6819346676091,1576.39,1
2025-08-01,gr1,kandy,1580.75,1,27.930742,80.5,301.4891,1.2,289,4184.17957751526,0,320.83826627929363,497.9546051908829,1576.39,1
2025-09-01,gr1,kandy,1580.75,0,28.518002,112.1,302.1955,1.5,283,4199.696454423005,0,317.81954104607627,486.21633924065475,1576.39,1
2025-10-01,gr1,kandy,1580.75,0,28.530743,316.2,302.9987,2.1,277,4240.888314960014,0,308.2440539437515,532.6665365214247,1576.39,1
2025-11-01,gr1,kandy,1580.75,1,28.413,218.29999,302.9987,2.1,277,4276.537541617185,0,317.3655178391775,551.9707622419269,1576.39,1
2020-01-01,white,kandy,912.5,1,28.454937,7.4000006,181.4036,5.7,104,4113.754108374348,0,310.2693105911844,529.9972824748074,862.35,1
2020-02-01,white,kandy,849.75,1,30.08714,12.200001,181.5628,6.2,104,4147.114453552205,1,341.57308213265503,553.7002855741702,827.45,1
2020-03-01,white,kandy,857.5,1,32.780743,12.799999,185.0567,5.4,104,4166.153899984702,1,325.3665275252729,555.1095139663098,814.8,1
2020-04-01,white,kandy,825.0,0,31.386333,119.7,193.0854,5.2,104,4276.901828323298,1,325.3829607904963,516.070668331438,767.3,1
2020-05-01,white,kandy,859.5,0,28.654936,230.1,187.865,4.0,104,4204.853877467402,0,327.34877786049816,510.8775834505162,800.9,1
2020-06-01,white,kandy,843.6,1,28.296333,89.8,185.9545,3.9,104,4196.277704211691,0,332.89752754082747,503.33887885998485,783.08,1
2020-07-01,white,kandy,839.0,1,27.806547,140.8,185.8487,4.2,104,4204.982568254382,0,324.1953244390703,544.9378343106944,801.7,1
2020-08-01,white,kandy,843.0,1,27.496872,159.20001,184.8939,4.1,104,4133.977169345786,0,340.615035766364,498.05394944734314,819.84,1
2020-09-01,white,kandy,828.25,0,26.298,189.40001,185.0317,4.0,104,4241.1030079997245,0,318.7825249161672,528.1721461540353,808.15,1
2020-10-01,white,kandy,809.0,0,27.196873,112.8,184.4379,4.0,104,4235.700024704604,0,315.3396349813176,529.153731721071,794.0,1
2020-11-01,white,kandy,796.5,1,27.513,210.1,184.4379,4.1,104,4131.116531602145,0,311.7311964596014,508.6033414352248,774.8,1
2020-12-01,white,kandy,817.8,1,26.587194,251.90001,187.1822,4.2,104,4119.364206440518,0,322.9355793216663,534.9001062575456,801.36,1
2021-01-01,white,kandy,798.0,1,26.575905,145.70001,190.4918,3.0,104,4225.249363949023,0,290.7864951650539,539.931410211589,783.1,1
2021-02-01,white,kandy,802.25,1,28.632643,15.2,194.0665,3.3,104,4197.02373219691,1,317.08188731084454,497.8741297517673,792.25,1
2021-03-01,white,kandy,859.8,1,29.661386,87.8,196.9825,4.1,104,4205.675867262562,1,328.5277367512222,530.8695875734019,845.88,1
2021-04-01,white,kandy,937.6666666666666,0,29.809668,227.90001,197.423,3.9,104,4231.48144209618,1,331.8738605156475,495.1647884903675,921.8,1
2021-05-01,white,kandy,965.6666666666666,0,27.716227,299.4,199.5847,4.5,111,4216.208317624422,0,314.95225078771784,489.6130784904632,944.4,1
2021-06-01,white,kandy,1029.0,1,27.011333,140.5,199.8161,5.2,111,4183.93070791735,0,315.35382702701605,528.937450016054,1027.9,1
2021-07-01,white,kandy,1053.0,1,27.050098,135.6,199.9778,5.7,111,4199.07434320038,0,317.58742345381455,554.6987315167362,1036.75,1
2021-08-01,white,kandy,1070.3333333333333,1,26.595259,138.4,200.4965,6.0,111,4161.632621855598,0,310.6456129795541,552.6371379817822,1059.53,1
2021-09-01,white,kandy,1125.6666666666665,0,27.169668,129.2,201.9858,5.7,111,4258.972006036064,0,331.6187830260819,518.1108257111599,1122.66,1
2021-10-01,white,kandy,1181.0,0,27.138807,238.5,201.0899,7.6,111,4263.883841094926,0,320.7543363890159,514.3372220651247,1185.78,1
2021-11-01,white,kandy,1179.4,1,25.859669,290.5,201.8582,9.9,111,4186.529658277772,0,319.16894427371307,518.2153169155711,1244.32,1
2021-12-01,white,kandy,1430.5,1,27.158161,44.7,201.399,12.1,121,4247.757116025062,0,339.01190685753005,502.0671554536958,1424.98,1
2022-01-01,white,kandy,1509.25,1,28.50171,32.7,201.4647,14.2,121,4186.247415142418,0,310.1282047284882,518.0675265997022,1533.23,1
2022-02-01,white,kandy,1504.0,1,29.623714,56.2,201.7362,15.1,176,4244.081987847472,1,319.66770009355537,537.8739537877822,1580.47,1
2022-03-01,white,kandy,1819.5,1,30.525904,48.5,255.8081,18.7,176,4202.426081397241,1,317.49953485401045,504.5468110945835,1839.45,1
2022-04-01,white,kandy,2129.0,0,28.791332,231.40001,319.4404,29.8,289,4202.404247333069,1,314.378319734217,500.24253318198504,2214.2,1
2022-05-01,white,kandy,2396.5,0,27.324291,191.70001,358.939,39.1,289,4228.853606359027,0,316.2998897011787,516.5439652520707,2429.95,1
2022-06-01,white,kandy,2396.5,1,27.471334,70.4,360.2428,54.6,430,4179.596231348923,0,301.9894226584726,543.4551369053489,2429.95,1
2022-07-01,white,kandy,2502.0,1,27.12429,159.4,360.8724,60.8,430,4209.093312752925,0,318.9405164569586,476.9523291078164,2553.2,1
2022-08-01,white,kandy,2496.4,1,26.52429,206.7,360.9983,64.3,430,4267.781892940247,0,310.9426769913738,501.24148846927204,2616.13,1
2022-09-01,white,kandy,2635.25,0,27.196333,84.2,362.3826,69.8,415,4294.101224823752,0,290.5961136533572,523.9226291804781,2671.0,1
2022-10-01,white,kandy,2702.25,0,26.36784,293.1,363.1484,66.0,430,4283.4510762644695,0,328.00409525227684,555.9272164585393,2737.7,1
2022-11-01,white,kandy,2648.6,1,26.608,154.1,363.394,61.0,420,4171.316899655988,0,329.37570137626557,529.1633622957739,2702.04,1
2022-12-01,white,kandy,2641.75,1,26.133968,190.5,363.1652,57.2,420,4263.577754749708,0,322.09659415274626,500.7092441017962,2721.37,1
2023-01-01,white,kandy,2811.4,1,26.459774,44.4,362.4228,51.7,405,4246.201350960345,0,319.90699678861387,530.1117848367174,2690.48,1
2023-02-01,white,kandy,2811.4,1,27.627287,46.9,361.9766,50.6,405,4207.5150880730935,1,295.6118284172357,517.059491531383,2690.48,1
2023-03-01,white,kandy,2898.5,1,30.150097,49.6,329.4709,50.3,325,4212.8014867156935,1,307.7928757408584,565.4486944089376,2734.6,1
2023-04-01,white,kandy,2017.25,0,31.099667,145.1,321.4244,35.3,310,4331.619103241869,1,308.10588107132673,508.7878472630538,2284.55,1
2023-05-01,white,kandy,2324.0,0,28.825905,88.3,310.1639,25.2,310,4231.09049811086,0,317.37109170791734,521.0451698099497,2312.32,1
2023-06-01,white,kandy,2276.5,1,28.839666,73.5,301.2612,12.0,308,4136.162571208984,0,321.73341664370406,515.7308644129912,2146.8,1
2023-07-01,white,kandy,2412.6,1,27.713001,135.90001,319.2903,6.3,306,4272.348894217686,0,322.46504778432006,544.4164259762609,2238.64,1
2023-08-01,white,kandy,2641.75,1,30.69042,33.7,321.5764,4.0,341,4154.06740267579,0,318.09960964998504,498.9738017672131,2480.15,1
2023-09-01,white,kandy,2616.75,0,27.736334,120.2,322.7693,1.3,351,4168.842973678762,0,324.87872284871077,497.768395009729,2501.9,1
2023-10-01,white,kandy,2638.4,0,27.450096,342.6,324.7303,1.5,356,4300.510226938318,0,340.9972178916652,541.4863602543112,2487.84,1
2023-11-01,white,kandy,2633.5,1,27.454668,569.1,328.25,3.4,329,4229.5327415346155,0,310.4606058060335,506.0861024560587,2500.8,1
2023-12-01,white,kandy,2585.5,1,27.208162,212.0,326.7423,4.0,358,4237.312678301361,0,328.868873900973,504.18201236664896,2462.4,1
2024-01-01,white,kandy,2560.0,1,27.666225,112.0,321.1706,6.4,363,4172.05390763642,0,309.1417487111481,557.9553403349196,2486.52,1
2024-02-01,white,kandy,2510.25,1,30.018173,9.200001,312.5801,5.9,363,4146.495761683693,1,311.69555593443437,519.2998477998752,2405.6,1
2024-03-01,white,kandy,2447.25,1,32.632355,43.2,305.665,0.9,363,4195.513215285639,1,324.9774308909139,527.466971194228,2379.93,1
2024-04-01,white,kandy,2389.8,0,33.504665,71.6,299.4232,1.5,333,4197.614432192901,1,304.8212625331919,512.1294028806054,2255.68,1
2024-05-01,white,kandy,2423.0,0,29.222677,377.3,299.6923,0.9,317,4202.981518496009,0,326.17005949576696,541.3034393142877,2283.35,1
2024-06-01,white,kandy,2423.0,1,27.839666,93.0,303.8121,1.7,317,4171.314999803071,0,318.44101822063334,517.8732599493737,2283.35,1
2024-07-01,white,kandy,2423.0,1,27.482355,136.8,303.7559,2.4,317,4284.196384572893,0,330.35249334723756,512.5883447519843,2283.35,1
2024-08-01,white,kandy,2423.0,1,27.563,150.7,300.6683,0.5,307,4181.469283395695,0,328.1139655449159,560.8415208028749,2283.35,1
2024-09-01,white,kandy,2423.0,0,28.173,104.8,301.1505,-0.5,283,4275.0379895317155,0,319.3780898300069,483.377102433233,2283.35,1
2024-10-01,white,kandy,2423.0,0,27.413002,186.20001,293.7851,-0.8,283,4100.089965773394,0,322.9422412901349,513.48777895703,2283.35,1
2024-11-01,white,kandy,2423.0,1,27.368002,511.40002,292.0092,-2.1,286,4320.170779261914,0,328.87290837266744,494.7100318609007,2283.35,1
2024-12-01,white,kandy,2423.0,1,27.866226,132.5,291.6805,-1.7,286,4248.204358414418,0,314.50442864091417,491.54050149476654,2283.35,1
2025-01-01,white,kandy,2423.0,1,27.10655,266.19998,296.1796,-4.0,286,4282.100758006818,0,313.8776326549225,545.921261235628,2283.35,1
2025-02-01,white,kandy,2423.0,1,29.818357,22.0,296.8034,-4.2,286,4196.870343605024,1,323.67481665474304,523.1552287858754,2283.35,1
2025-03-01,white,kandy,2423.0,1,30.764612,90.0,295.909,-2.6,286,4169.931617802439,1,307.41495089324667,533.8571516847487,2283.35,1
2025-04-01,white,kandy,2423.0,0,29.399666,157.40001,298.5312,-2.0,286,4165.354740110205,1,309.8610404770746,505.26459728104754,2283.35,1
2025-05-01,white,kandy,2423.0,0,28.522678,120.3,299.4142,-0.7,274,4172.125410749608,0,337.5862048419513,496.41261756734764,2283.35,1
2025-06-01,white,kandy,2423.0,1,27.599667,132.6,299.9014,-0.6,274,4122.205217689819,0,332.0007895642686,528.5637249562116,2283.35,1
2025-07-01,white,kandy,2423.0,1,27.553324,178.5,301.1217,-0.3,289,4163.223502870512,0,320.8199555641356,526.2221998228639,2283.35,1
2025-08-01,white,kandy,2423.0,1,27.930742,80.5,301.4891,1.2,289,4225.399566345627,0,321.90635591265027,478.35802593622026,2283.35,1
2025-09-01,white,kandy,2423.0,0,28.518002,112.1,302.1955,1.5,283,4201.409057868456,0,328.54525227066614,492.66283273438347,2283.35,1
2025-10-01,white,kandy,2423.0,0,28.530743,316.2,302.9987,2.1,277,4101.226671682306,0,309.9144531592379,535.6717932959722,2283.35,1
2025-11-01,white,kandy,2423.0,1,28.413,218.29999,302.9987,2.1,277,4247.477706772066,0,318.65503215598267,487.68226425179057,2283.35,1
2020-01-01,gr1,kegalle,595.5,1,32.149452,11.0,181.4036,5.7,104,4276.1514928204015,0,325.4146272820479,541.8196085037193,581.81,1
2020-02-01,gr1,kegalle,509.75,1,34.63438,9.9,181.5628,6.2,104,4203.376410234397,1,337.11708480142346,559.0831486750058,533.38,1
2020-03-01,gr1,kegalle,513.0,1,35.15429,49.7,185.0567,5.4,104,4208.5684140594985,1,324.59972142939114,537.0795195310445,531.11,1
2020-04-01,gr1,kegalle,508.0,0,32.391335,261.19998,193.0854,5.2,104,4176.041288107735,1,317.4916698354495,497.3876933012495,512.35,1
2020-05-01,gr1,kegalle,508.0,0,29.852676,278.1,187.865,4.0,104,4100.621554269956,0,317.7874637641423,515.1700510825845,515.98,1
2020-06-01,gr1,kegalle,493.6,1,28.864666,223.0,185.9545,3.9,104,4200.255672832123,0,325.8636401875509,531.462556264824,498.81,1
2020-07-01,gr1,kegalle,493.5,1,28.391386,239.4,185.8487,4.2,104,4141.566098119023,0,336.69904504351405,536.2830352423654,495.04,1
2020-08-01,gr1,kegalle,548.8,1,28.852676,270.6,184.8939,4.1,104,4160.8373353831885,0,329.3259083187309,515.1323204124997,546.41,1
2020-09-01,gr1,kegalle,590.5,0,27.473,408.19998,185.0317,4.0,104,4164.282429098682,0,318.2981537747507,524.4108285402773,577.39,1
2020-10-01,gr1,kegalle,570.75,0,28.480097,188.8,184.4379,4.0,104,4213.834539966501,0,310.4056076327652,478.2594596279586,562.98,1
2020-11-01,gr1,kegalle,549.5,1,29.104668,264.8,184.4379,4.1,104,4137.713061064401,0,336.6125921454787,477.388670403856,551.98,1
2020-12-01,gr1,kegalle,558.6,1,28.42687,210.70001,187.1822,4.2,104,4247.70008817466,0,312.52788320852176,509.29329825967557,543.59,1
2021-01-01,gr1,kegalle,534.5,1,28.744614,288.6,190.4918,3.0,104,4210.822929479099,0,322.0056919723094,539.7089937123044,522.04,1
2021-02-01,gr1,kegalle,520.5,1,32.362644,17.4,194.0665,3.3,104,4136.955802283248,1,312.71997058770864,516.2620768367603,511.54,1
2021-03-01,gr1,kegalle,623.8,1,32.678486,176.6,196.9825,4.1,104,4206.537028864304,1,315.7364240379446,508.5929726717264,608.51,1
2021-04-01,gr1,kegalle,683.0,0,31.059666,192.3,197.423,3.9,104,4214.049593386751,1,324.2359906559346,517.5458213280855,684.43,1
2021-05-01,gr1,kegalle,680.0,0,29.141386,457.4,199.5847,4.5,111,4170.421430558208,0,321.68460976269614,493.29036861800216,671.86,1
2021-06-01,gr1,kegalle,775.0,1,28.106333,232.5,199.8161,5.2,111,4257.905543675003,0,316.7767953078866,482.60516600609157,751.81,1
2021-07-01,gr1,kegalle,755.0,1,28.457516,265.4,199.9778,5.7,111,4211.602496867882,0,321.2637957954641,524.4843280858158,749.55,1
2021-08-01,gr1,kegalle,738.3333333333334,1,27.77042,294.1,200.4965,6.0,111,4234.507199585556,0,328.4742167715042,518.132262822001,732.83,1
2021-09-01,gr1,kegalle,800.8333333333334,0,28.067999,291.19998,201.9858,5.7,111,4173.712248915962,0,319.8058039411227,522.807197396961,785.26,1
2021-10-01,gr1,kegalle,863.3333333333334,0,28.396227,419.19998,201.0899,7.6,111,4200.262184985909,0,326.7787531953091,505.862148640253,837.68,1
2021-11-01,gr1,kegalle,1009.6,1,27.418,543.2,201.8582,9.9,111,4287.76704212216,0,320.43602446372455,553.1081422617659,998.1,1
2021-12-01,gr1,kegalle,1147.75,1,30.138163,86.799995,201.399,12.1,121,4219.2032724469655,0,333.40450446023146,529.4694379807046,1117.54,1
2022-01-01,gr1,kegalle,1159.5,1,31.522032,37.7,201.4647,14.2,121,4140.106105370558,0,304.1880929796787,522.1881694366595,1142.21,1
2022-02-01,gr1,kegalle,1145.5,1,31.850143,83.8,201.7362,15.1,176,4353.944040422762,1,334.1093237974627,490.66429618768643,1160.14,1
2022-03-01,gr1,kegalle,1462.25,1,32.218807,62.9,255.8081,18.7,176,4190.48306609582,1,332.657078408647,482.39979932184474,1460.57,1
2022-04-01,gr1,kegalle,1780.3333333333333,0,30.586334,230.4,319.4404,29.8,289,4225.045859381219,1,303.37508011964326,534.7124399449149,1744.73,1
2022-05-01,gr1,kegalle,1874.75,0,28.32687,358.1,358.939,39.1,289,4202.36993356582,0,319.7359424304107,558.2283817427945,1845.21,1
2022-06-01,gr1,kegalle,1874.75,1,28.391333,140.6,360.2428,54.6,430,4216.88013310376,0,323.6964219219809,532.7732033728621,1843.43,1
2022-07-01,gr1,kegalle,1803.75,1,28.654291,197.90001,360.8724,60.8,430,4189.044973559557,0,309.27256974260195,502.540778190926,1805.43,1
2022-08-01,gr1,kegalle,1816.4,1,28.018806,328.2,360.9983,64.3,430,4223.94899128732,0,316.08351432578206,548.3706269029607,1801.86,1
2022-09-01,gr1,kegalle,1737.25,0,28.656334,115.90001,362.3826,69.8,415,4197.220766454478,0,319.45105999383713,519.9937265477645,1767.02,1
2022-10-01,gr1,kegalle,1770.5,0,27.791388,499.09998,363.1484,66.0,430,4115.376768514259,0,324.0705228712454,498.1567273456382,1808.95,1
2022-11-01,gr1,kegalle,1723.0,1,28.748,265.3,363.394,61.0,420,4234.810318240671,0,318.36933036056234,551.811641452357,1745.04,1
2022-12-01,gr1,kegalle,1508.0,1,28.160742,227.6,363.1652,57.2,420,4067.4515095803495,0,299.9613763559325,509.48240648209594,1640.54,1
2023-01-01,gr1,kegalle,1635.2,1,29.012354,92.8,362.4228,51.7,405,4181.25895962252,0,323.92415967178766,508.7210502388351,1678.93,1
2023-02-01,gr1,kegalle,1635.2,1,30.394787,70.8,361.9766,50.6,405,4135.978532375186,1,311.807421402785,528.7195077900009,1678.93,1
2023-03-01,gr1,kegalle,1691.25,1,32.08816,110.6,329.4709,50.3,325,4190.800833182366,1,313.8234810456565,528.3641151177594,1668.46,1
2023-04-01,gr1,kegalle,1412.25,0,32.62633,131.7,321.4244,35.3,310,4225.882951023456,1,308.6116688221923,522.8196539922412,1409.21,1
2023-05-01,gr1,kegalle,1447.6,0,30.015581,170.7,310.1639,25.2,310,4195.197005013768,0,320.4091917539572,557.9457738954623,1414.43,1
2023-06-01,gr1,kegalle,1358.0,1,29.306334,163.3,301.2612,12.0,308,4219.009892550298,0,320.1961665769399,513.9563882603476,1332.7,1
2023-07-01,gr1,kegalle,1466.2,1,28.789774,241.59999,319.2903,6.3,306,4174.197763589132,0,318.24145595567927,512.8665373164026,1460.24,1
2023-08-01,gr1,kegalle,1899.5,1,30.938162,50.4,321.5764,4.0,341,4174.135577494982,0,324.6635837444633,545.5903733952032,1915.91,1
2023-09-01,gr1,kegalle,1966.25,0,28.059666,329.30002,322.7693,1.3,351,4189.300557788724,0,315.70755579701336,503.7519530212516,1925.25,1
2023-10-01,gr1,kegalle,1973.4,0,28.789776,413.7,324.7303,1.5,356,4172.388847785952,0,323.5561334878566,532.8108587014955,1935.31,1
2023-11-01,gr1,kegalle,1942.25,1,29.178001,611.5,328.25,3.4,329,4211.189397581945,0,334.19603004513635,525.7391170860342,1933.73,1
2023-12-01,gr1,kegalle,1950.0,1,29.305902,361.4,326.7423,4.0,358,4191.6440959841575,0,321.0435593752321,545.184664795736,1888.79,1
2024-01-01,gr1,kegalle,1886.2,1,29.997839,157.1,321.1706,6.4,363,4213.951076288517,0,326.8021610545045,527.9163956219185,1891.64,1
2024-02-01,gr1,kegalle,1829.0,1,33.199898,17.8,312.5801,5.9,363,4222.000722502667,1,310.1883446886032,515.2806002557805,1809.61,1
2024-03-01,gr1,kegalle,1737.25,1,35.37687,81.600006,305.665,0.9,363,4272.188230203663,1,316.1602872804765,531.0159514454733,1704.27,1
2024-04-01,gr1,kegalle,1493.2,0,34.476334,165.9,299.4232,1.5,333,4242.032177449436,1,327.78936503512114,540.5891496319672,1566.09,1
2024-05-01,gr1,kegalle,1533.0,0,30.328484,578.80005,299.6923,0.9,317,4097.913256578786,0,326.98828420202534,516.9657113284554,1576.39,1
2024-06-01,gr1,kegalle,1533.0,1,28.808,248.3,303.8121,1.7,317,4265.869703281716,0,324.0865281148067,528.481337230369,1576.39,1
2024-07-01,gr1,kegalle,1533.0,1,29.001064,242.3,303.7559,2.4,317,4148.86037174008,0,315.86534838876725,541.395429099677,1576.39,1
2024-08-01,gr1,kegalle,1533.0,1,28.630098,240.69998,300.6683,0.5,307,4273.827017486295,0,309.960426279185,476.4586990711429,1576.39,1
2024-09-01,gr1,kegalle,1533.0,0,29.111334,175.2,301.1505,-0.5,283,4258.041339368926,0,325.51476275239526,520.3522650386732,1576.39,1
2024-10-01,gr1,kegalle,1533.0,0,28.563969,346.09998,293.7851,-0.8,283,4251.5141727015925,0,316.3047307116664,529.2873972709315,1576.39,1
2024-11-01,gr1,kegalle,1533.0,1,28.654667,539.2,292.0092,-2.1,286,4148.004703643724,0,326.8205206571262,523.1892501360826,1576.39,1
2024-12-01,gr1,kegalle,1533.0,1,29.449451,150.8,291.6805,-1.7,286,4281.671576615055,0,306.18955396846223,519.1021393975493,1576.39,1
2025-01-01,gr1,kegalle,1533.0,1,29.304289,279.4,296.1796,-4.0,286,4206.278822673577,0,315.0687717760023,505.8042201553293,1576.39,1
2025-02-01,gr1,kegalle,1533.0,1,32.653713,57.5,296.8034,-4.2,286,4130.52137666182,1,325.47264797377966,510.96101256176246,1576.39,1
2025-03-01,gr1,kegalle,1533.0,1,32.59139,100.3,295.909,-2.6,286,4269.60011431723,1,324.7363207681145,516.0743869722413,1576.39,1
2025-04-01,gr1,kegalle,1533.0,0,31.506334,216.7,298.5312,-2.0,286,4206.261225132395,1,340.8844277286993,528.5868164560347,1576.39,1
2025-05-01,gr1,kegalle,1533.0,0,30.32687,217.20001,299.4142,-0.7,274,4307.257456388669,0,328.58451116656664,530.9663925510899,1576.39,1
2025-06-01,gr1,kegalle,1533.0,1,28.571333,306.4,299.9014,-0.6,274,4228.449153959264,0,317.97019362604345,544.9900980141232,1576.39,1
2025-07-01,gr1,kegalle,1533.0,1,28.675257,262.9,301.1217,-0.3,289,4220.950950468302,0,313.95255335461786,507.77229505222743,1576.39,1
2025-08-01,gr1,kegalle,1533.0,1,28.833323,174.29999,301.4891,1.2,289,4315.966476999085,0,311.3891208982643,527.1133789712646,1576.39,1
2025-09-01,gr1,kegalle,1533.0,0,28.984667,180.3,302.1955,1.5,283,4195.055517340443,0,309.1036696265761,535.0219890901462,1576.39,1
2025-10-01,gr1,kegalle,1533.0,0,29.762354,309.7,302.9987,2.1,277,4200.517630992169,0,310.51651995775796,500.3001374836597,1576.39,1
2025-11-01,gr1,kegalle,1533.0,1,29.440825,288.6,302.9987,2.1,277,4274.536306842498,0,316.7055221365291,491.6754588841471,1576.39,1
2020-01-01,white,kegalle,968.75,1,32.149452,11.0,181.4036,5.7,104,4149.358443983278,0,318.4147042697303,527.3529858598284,862.35,1
2020-02-01,white,kegalle,893.75,1,34.63438,9.9,181.5628,6.2,104,4138.9578175014485,1,327.42095372009305,502.40371292995894,827.45,1
2020-03-01,white,kegalle,812.5,1,35.15429,49.7,185.0567,5.4,104,4251.5499761247975,1,327.1895331066507,510.68388861763674,814.8,1
2020-04-01,white,kegalle,775.0,0,32.391335,261.19998,193.0854,5.2,104,4278.2321827907,1,316.35047270457113,505.06843306919524,767.3,1
2020-05-01,white,kegalle,775.0,0,29.852676,278.1,187.865,4.0,104,4164.897345306133,0,331.7347385748532,531.9005893167113,800.9,1
2020-06-01,white,kegalle,759.8,1,28.864666,223.0,185.9545,3.9,104,4198.674306227539,0,318.6154401601623,509.0091945080893,783.08,1
2020-07-01,white,kegalle,816.5,1,28.391386,239.4,185.8487,4.2,104,4122.466828446693,0,315.6254169967659,539.0289855411618,801.7,1
2020-08-01,white,kegalle,835.0,1,28.852676,270.6,184.8939,4.1,104,4214.849233661659,0,330.2406252581146,503.254751379006,819.84,1
2020-09-01,white,kegalle,750.0,0,27.473,408.19998,185.0317,4.0,104,4187.730594199857,0,326.3081168455478,503.2282840310554,808.15,1
2020-10-01,white,kegalle,800.0,0,28.480097,188.8,184.4379,4.0,104,4196.358554367156,0,325.13600106569714,510.0053964769674,794.0,1
2020-11-01,white,kegalle,787.5,1,29.104668,264.8,184.4379,4.1,104,4225.751763360433,0,323.6736550681618,489.6565260665664,774.8,1
2020-12-01,white,kegalle,827.0,1,28.42687,210.70001,187.1822,4.2,104,4254.4475298483685,0,324.6642998243353,518.7162364578301,801.36,1
2021-01-01,white,kegalle,818.75,1,28.744614,288.6,190.4918,3.0,104,4139.985179647211,0,329.039348410862,532.8095959040165,783.1,1
2021-02-01,white,kegalle,775.0,1,32.362644,17.4,194.0665,3.3,104,4148.780617933286,1,328.8310977714716,507.828205535206,792.25,1
2021-03-01,white,kegalle,812.0,1,32.678486,176.6,196.9825,4.1,104,4279.300840807267,1,311.53643345009124,525.2804016266734,845.88,1
2021-04-01,white,kegalle,841.3333333333334,0,31.059666,192.3,197.423,3.9,104,4171.990947990152,1,325.79633173213574,516.8948190235051,921.8,1
2021-05-01,white,kegalle,850.0,0,29.141386,457.4,199.5847,4.5,111,4204.849798249636,0,325.4673356820138,510.97682283182,944.4,1
2021-06-01,white,kegalle,1000.0,1,28.106333,232.5,199.8161,5.2,111,4171.813772359801,0,322.83287871546145,523.4092754199314,1027.9,1
2021-07-01,white,kegalle,962.5,1,28.457516,265.4,199.9778,5.7,111,4216.1359280169045,0,338.99881934895217,508.8890644102627,1036.75,1
2021-08-01,white,kegalle,966.6666666666666,1,27.77042,294.1,200.4965,6.0,111,4209.167100286918,0,314.6403655488595,556.3612384511565,1059.53,1
2021-09-01,white,kegalle,1066.6666666666667,0,28.067999,291.19998,201.9858,5.7,111,4114.343273545456,0,322.38368982734784,502.7223407882047,1122.66,1
2021-10-01,white,kegalle,1166.6666666666667,0,28.396227,419.19998,201.0899,7.6,111,4162.575673172172,0,317.5393751187005,495.8104612916239,1185.78,1
2021-11-01,white,kegalle,1170.0,1,27.418,543.2,201.8582,9.9,111,4275.117852604802,0,327.60055963689604,485.3759739311015,1244.32,1
2021-12-01,white,kegalle,1366.6666666666667,1,30.138163,86.799995,201.399,12.1,121,4225.202325775892,0,312.9159323308954,512.615855991051,1424.98,1
2022-01-01,white,kegalle,1475.0,1,31.522032,37.7,201.4647,14.2,121,4124.240446890072,0,320.76851882958766,501.0850787860644,1533.23,1
2022-02-01,white,kegalle,1547.75,1,31.850143,83.8,201.7362,15.1,176,4273.997206944501,1,318.7146248856107,556.5924040343217,1580.47,1
2022-03-01,white,kegalle,1758.25,1,32.218807,62.9,255.8081,18.7,176,4213.522841288992,1,322.6032183877122,538.0079717679013,1839.45,1
2022-04-01,white,kegalle,2166.6666666666665,0,30.586334,230.4,319.4404,29.8,289,4154.78416874478,1,303.1656180777905,544.9923781059333,2214.2,1
2022-05-01,white,kegalle,2320.75,0,28.32687,358.1,358.939,39.1,289,4218.557293668566,0,335.98647170504717,528.8261430339849,2429.95,1
2022-06-01,white,kegalle,2320.75,1,28.391333,140.6,360.2428,54.6,430,4149.59568445413,0,312.1221624809176,558.824348729275,2429.95,1
2022-07-01,white,kegalle,2399.75,1,28.654291,197.90001,360.8724,60.8,430,4177.031955022988,0,304.9702967160485,488.7701355511628,2553.2,1
2022-08-01,white,kegalle,2458.25,1,28.018806,328.2,360.9983,64.3,430,4293.839790627903,0,314.0433870595651,499.48494632719445,2616.13,1
2022-09-01,white,kegalle,2475.0,0,28.656334,115.90001,362.3826,69.8,415,4279.65933133197,0,321.94736194718774,489.0207894989305,2671.0,1
2022-10-01,white,kegalle,2558.25,0,27.791388,499.09998,363.1484,66.0,430,4124.842852344094,0,331.88913371474644,515.1463744637593,2737.7,1
2022-11-01,white,kegalle,2435.0,1,28.748,265.3,363.394,61.0,420,4198.3623364892,0,312.3727522143379,496.93335193588507,2702.04,1
2022-12-01,white,kegalle,2555.3333333333335,1,28.160742,227.6,363.1652,57.2,420,4143.547411439138,0,328.0712259663731,505.43455595186776,2721.37,1
2023-01-01,white,kegalle,2379.2,1,29.012354,92.8,362.4228,51.7,405,4173.863848974048,0,321.5519068385898,565.4289949084559,2690.48,1
2023-02-01,white,kegalle,2379.2,1,30.394787,70.8,361.9766,50.6,405,4197.152718813946,1,334.2274813609994,524.1560501470663,2690.48,1
2023-03-01,white,kegalle,2500.0,1,32.08816,110.6,329.4709,50.3,325,4283.273722223129,1,318.52219681182527,531.4748884200883,2734.6,1
2023-04-01,white,kegalle,2025.0,0,32.62633,131.7,321.4244,35.3,310,4209.241806184744,1,310.9937926535213,561.0594404900332,2284.55,1
2023-05-01,white,kegalle,2156.4,0,30.015581,170.7,310.1639,25.2,310,4163.643141208757,0,325.4711911517521,505.65967701744125,2312.32,1
2023-06-01,white,kegalle,2104.0,1,29.306334,163.3,301.2612,12.0,308,4252.657642666645,0,317.76797745365195,509.29366574864684,2146.8,1
2023-07-01,white,kegalle,2154.0,1,28.789774,241.59999,319.2903,6.3,306,4251.592226973432,0,331.40149038521264,554.2408056803579,2238.64,1
2023-08-01,white,kegalle,2370.75,1,30.938162,50.4,321.5764,4.0,341,4161.610121744794,0,318.1960831823759,557.1540468707547,2480.15,1
2023-09-01,white,kegalle,2520.5,0,28.059666,329.30002,322.7693,1.3,351,4168.130643634674,0,318.090962082727,509.3709089728157,2501.9,1
2023-10-01,white,kegalle,2579.6,0,28.789776,413.7,324.7303,1.5,356,4160.085137773077,0,316.41659847978775,538.0803510952263,2487.84,1
2023-11-01,white,kegalle,2612.25,1,29.178001,611.5,328.25,3.4,329,4241.024109059868,0,326.863184569567,544.7916801288312,2500.8,1
2023-12-01,white,kegalle,2504.0,1,29.305902,361.4,326.7423,4.0,358,4308.162736165273,0,293.9578614337287,541.6396961849988,2462.4,1
2024-01-01,white,kegalle,2526.4,1,29.997839,157.1,321.1706,6.4,363,4278.276201461717,0,308.5120596484134,503.3135390901684,2486.52,1
2024-02-01,white,kegalle,2312.5,1,33.199898,17.8,312.5801,5.9,363,4165.404596505938,1,324.18398220888685,497.71907099676014,2405.6,1
2024-03-01,white,kegalle,2416.5,1,35.37687,81.600006,305.665,0.9,363,4166.180384897037,1,324.2158661061446,543.8547033083283,2379.93,1
2024-04-01,white,kegalle,2266.8,0,34.476334,165.9,299.4232,1.5,333,4142.0817655403725,1,328.9038316351979,544.584295685941,2255.68,1
2024-05-01,white,kegalle,2383.25,0,30.328484,578.80005,299.6923,0.9,317,4234.91116568068,0,306.34044288799464,501.6735816185316,2283.35,1
2024-06-01,white,kegalle,2383.25,1,28.808,248.3,303.8121,1.7,317,4307.113517930593,0,321.60018225852787,554.0634521983608,2283.35,1
2024-07-01,white,kegalle,2383.25,1,29.001064,242.3,303.7559,2.4,317,4253.934041671565,0,310.7048913980759,505.70638646019137,2283.35,1
2024-08-01,white,kegalle,2383.25,1,28.630098,240.69998,300.6683,0.5,307,4057.572868968496,0,328.1877764375486,519.5544204163257,2283.35,1
2024-09-01,white,kegalle,2383.25,0,29.111334,175.2,301.1505,-0.5,283,4182.567393279607,0,316.6592276902006,478.48823981842935,2283.35,1
2024-10-01,white,kegalle,2383.25,0,28.563969,346.09998,293.7851,-0.8,283,4217.324423794899,0,312.16234334413605,524.2418670614835,2283.35,1
2024-11-01,white,kegalle,2383.25,1,28.654667,539.2,292.0092,-2.1,286,4210.054952335749,0,320.37937835447605,512.3436562077407,2283.35,1
2024-12-01,white,kegalle,2383.25,1,29.449451,150.8,291.6805,-1.7,286,4138.61960924315,0,316.12869350210485,512.0488446901655,2283.35,1
2025-01-01,white,kegalle,2383.25,1,29.304289,279.4,296.1796,-4.0,286,4165.592482741114,0,311.74589470021044,512.6898812602947,2283.35,1
2025-02-01,white,kegalle,2383.25,1,32.653713,57.5,296.8034,-4.2,286,4185.966246156661,1,329.2180150197725,490.46150144936195,2283.35,1
2025-03-01,white,kegalle,2383.25,1,32.59139,100.3,295.909,-2.6,286,4120.350313323416,1,316.9151721154418,504.0011898659613,2283.35,1
2025-04-01,white,kegalle,2383.25,0,31.506334,216.7,298.5312,-2.0,286,4244.746218847222,1,310.7457537394041,524.370680848219,2283.35,1
2025-05-01,white,kegalle,2383.25,0,30.32687,217.20001,299.4142,-0.7,274,4195.585897582438,0,323.8915919566793,533.4306234345811,2283.35,1
2025-06-01,white,kegalle,2383.25,1,28.571333,306.4,299.9014,-0.6,274,4241.676448080446,0,301.2344729395813,494.41938527560427,2283.35,1
2025-07-01,white,kegalle,2383.25,1,28.675257,262.9,301.1217,-0.3,289,4254.565506029713,0,334.55822322146764,560.3055022092128,2283.35,1
2025-08-01,white,kegalle,2383.25,1,28.833323,174.29999,301.4891,1.2,289,4092.355470352376,0,309.6747609647246,509.03599403666453,2283.35,1
2025-09-01,white,kegalle,2383.25,0,28.984667,180.3,302.1955,1.5,283,4254.294778291579,0,328.90247500836506,465.9121673679445,2283.35,1
2025-10-01,white,kegalle,2383.25,0,29.762354,309.7,302.9987,2.1,277,4192.795622213919,0,323.49650047299696,513.6352494451476,2283.35,1
2025-11-01,white,kegalle,2383.25,1,29.440825,288.6,302.9987,2.1,277,4072.303943254902,0,334.31366781831184,538.6486974190933,2283.35,1
2020-01-01,gr1,kurunegala,619.5,1,31.393095,11.0,181.4036,5.7,104,4278.96064077537,0,294.0895770785509,524.9861719128346,581.81,1
2020-02-01,gr1,kurunegala,545.5,1,33.205997,8.7,181.5628,6.2,104,4205.546129485493,1,334.7117032749361,549.633268049252,533.38,1
2020-03-01,gr1,kurunegala,537.5,1,35.485027,31.4,185.0567,5.4,104,4126.073900481629,1,321.3653533108274,520.8702933728694,531.11,1
2020-04-01,gr1,kurunegala,554.5,0,33.79433,232.2,193.0854,5.2,104,4140.189668795966,1,324.5588777208161,503.9136848068002,512.35,1
2020-05-01,gr1,kurunegala,543.75,0,30.609226,206.7,187.865,4.0,104,4273.894702237076,0,328.15737212539295,537.4903414826505,515.98,1
2020-06-01,gr1,kurunegala,520.6,1,29.804333,166.5,185.9545,3.9,104,4178.967733861732,0,323.0883301259896,526.0221467838348,498.81,1
2020-07-01,gr1,kurunegala,510.0,1,29.21568,177.7,185.8487,4.2,104,4239.551597352152,0,324.4460266822014,527.8759459643251,495.04,1
2020-08-01,gr1,kurunegala,563.2,1,29.68342,176.1,184.8939,4.1,104,4138.456784178302,0,304.74343685429903,552.5191783072413,546.41,1
2020-09-01,gr1,kurunegala,583.0,0,28.140999,314.3,185.0317,4.0,104,4140.434825139868,0,329.55305208570513,505.64162218504794,577.39,1
2020-10-01,gr1,kurunegala,583.0,0,29.186646,125.100006,184.4379,4.0,104,4272.6767038578655,0,338.8458630593461,501.8063316603633,562.98,1
2020-11-01,gr1,kurunegala,567.6666666666666,1,29.794334,205.5,184.4379,4.1,104,4155.807128189944,0,324.6877425607502,530.1653727934918,551.98,1
2020-12-01,gr1,kurunegala,562.8,1,28.651161,337.4,187.1822,4.2,104,4237.948461024664,0,327.36843897092433,535.1584369984724,543.59,1
2021-01-01,gr1,kurunegala,528.5,1,29.04955,169.7,190.4918,3.0,104,4307.197204466266,0,320.61679849847974,502.2151834354335,522.04,1
2021-02-01,gr1,kurunegala,493.5,1,31.420284,11.1,194.0665,3.3,104,4251.623263027557,1,313.54035820875464,535.5481470552902,511.54,1
2021-03-01,gr1,kurunegala,612.6,1,33.291485,87.5,196.9825,4.1,104,4258.158187607748,1,305.61722021682635,481.7549004916045,608.51,1
2021-04-01,gr1,kurunegala,676.6666666666666,0,31.967665,300.5,197.423,3.9,104,4175.3499532670585,1,320.24219456672756,568.2335335115685,684.43,1
2021-05-01,gr1,kurunegala,664.0,0,29.726969,469.0,199.5847,4.5,111,4189.115939838639,0,331.39878561129046,541.6538210777414,671.86,1
2021-06-01,gr1,kurunegala,705.8333333333333,1,28.882666,169.9,199.8161,5.2,111,4231.417275463214,0,329.98310898147963,528.9843744257007,751.81,1
2021-07-01,gr1,kurunegala,747.6666666666666,1,29.186646,201.0,199.9778,5.7,111,4164.0777889373785,0,313.2225502947515,543.181481299118,749.55,1
2021-08-01,gr1,kurunegala,755.6666666666666,1,28.593096,203.40001,200.4965,6.0,111,4200.62962003909,0,323.31980330569013,526.4318642267848,732.83,1
2021-09-01,gr1,kurunegala,797.6666666666666,0,28.831,234.40001,201.9858,5.7,111,4217.087798788858,0,303.8368939156341,516.2830849561451,785.26,1
2021-10-01,gr1,kurunegala,839.6666666666666,0,29.188257,373.0,201.0899,7.6,111,4231.1424966173745,0,325.1120259952498,541.4122111995837,837.68,1
2021-11-01,gr1,kurunegala,994.0,1,28.162666,394.2,201.8582,9.9,111,4232.268797479257,0,321.9460745523724,529.8241533082399,998.1,1
2021-12-01,gr1,kurunegala,1106.5,1,30.10116,56.2,201.399,12.1,121,4195.543998024361,0,318.3986720443336,477.4554515929701,1117.54,1
2022-01-01,gr1,kurunegala,1111.5,1,31.193096,21.4,201.4647,14.2,121,4165.013724600371,0,321.4679301198555,507.8699322356852,1142.21,1
2022-02-01,gr1,kurunegala,1170.0,1,31.720285,61.8,201.7362,15.1,176,4152.222977969978,1,327.08214423256555,530.3125617688792,1160.14,1
2022-03-01,gr1,kurunegala,1437.25,1,32.71084,52.699997,255.8081,18.7,176,4246.308877376582,1,324.2719436187169,512.5536189412416,1460.57,1
2022-04-01,gr1,kurunegala,1733.0,0,31.499332,230.0,319.4404,29.8,289,4237.569356168589,1,309.090335697848,509.51103727474697,1744.73,1
2022-05-01,gr1,kurunegala,1895.75,0,29.273743,224.7,358.939,39.1,289,4250.314640460722,0,324.2406104446409,540.148879463904,1845.21,1
2022-06-01,gr1,kurunegala,1895.75,1,29.347666,103.2,360.2428,54.6,430,4178.372090609019,0,304.291238479315,522.9617883959655,1843.43,1
2022-07-01,gr1,kurunegala,1845.75,1,29.814066,172.3,360.8724,60.8,430,4211.780727905429,0,310.80615408413576,501.6745179887255,1805.43,1
2022-08-01,gr1,kurunegala,1850.0,1,28.976969,219.1,360.9983,64.3,430,4174.4991800572625,0,326.2157188985605,526.7604696220342,1801.86,1
2022-09-01,gr1,kurunegala,1779.0,0,29.689333,81.0,362.3826,69.8,415,4322.287598980842,0,326.4521558595006,561.7209409907423,1767.02,1
2022-10-01,gr1,kurunegala,1879.25,0,28.764065,377.7,363.1484,66.0,430,4178.655946502629,0,313.73282775410036,489.0854042661853,1808.95,1
2022-11-01,gr1,kurunegala,1823.2,1,29.431,266.8,363.394,61.0,420,4186.555565472258,0,318.5548132928448,509.61207256347745,1745.04,1
2022-12-01,gr1,kurunegala,1550.0,1,28.456,222.7,363.1652,57.2,420,4096.330488379593,0,320.59932630266326,522.6213037243169,1640.54,1
2023-01-01,gr1,kurunegala,1586.4,1,29.007614,70.4,362.4228,51.7,405,4181.951691709046,0,302.3092409511088,537.2327224899589,1678.93,1
2023-02-01,gr1,kurunegala,1586.4,1,30.607786,86.3,361.9766,50.6,405,4284.822818414502,1,322.62561329001926,522.5235580732393,1678.93,1
2023-03-01,gr1,kurunegala,1669.25,1,32.918903,116.4,329.4709,50.3,325,4173.012015984532,1,332.0388443716882,525.0513769199325,1668.46,1
2023-04-01,gr1,kurunegala,1462.25,0,33.652664,176.7,321.4244,35.3,310,4162.230853382334,1,326.70480617241213,497.17982980494526,1409.21,1
2023-05-01,gr1,kurunegala,1463.4,0,30.925354,155.5,310.1639,25.2,310,4198.250575475152,0,314.86786433528414,523.5057355786785,1414.43,1
2023-06-01,gr1,kurunegala,1358.5,1,30.332666,102.4,301.2612,12.0,308,4254.039036277731,0,316.45959289058976,518.7163167742236,1332.7,1
2023-07-01,gr1,kurunegala,1446.8,1,29.76084,158.8,319.2903,6.3,306,4178.275188628384,0,322.30700905718686,520.9044541799997,1460.24,1
2023-08-01,gr1,kurunegala,1979.0,1,32.414066,40.2,321.5764,4.0,341,4181.858071978017,0,316.80152476745155,470.1345835933985,1915.91,1
2023-09-01,gr1,kurunegala,1916.5,0,28.949333,196.0,322.7693,1.3,351,4143.863898921885,0,324.62172666081943,526.6170260923116,1925.25,1
2023-10-01,gr1,kurunegala,1946.6,0,29.754387,381.6,324.7303,1.5,356,4124.212794250138,0,307.4959226603028,494.0156727310835,1935.31,1
2023-11-01,gr1,kurunegala,1947.75,1,29.886,565.7,328.25,3.4,329,4326.346621293681,0,330.07513689836924,503.69248743367757,1933.73,1
2023-12-01,gr1,kurunegala,1921.0,1,29.659227,279.9,326.7423,4.0,358,4159.153216450638,0,318.1087960922297,540.1426667294631,1888.79,1
2024-01-01,gr1,kurunegala,1886.8,1,30.26084,128.5,321.1706,6.4,363,4177.678319272473,0,323.19651825918976,500.28392382664344,1891.64,1
2024-02-01,gr1,kurunegala,1841.5,1,33.56634,12.3,312.5801,5.9,363,4235.417822364968,1,327.83390509282594,525.336367925908,1809.61,1
2024-03-01,gr1,kurunegala,1808.0,1,35.95277,57.5,305.665,0.9,363,4217.136267318885,1,351.0991855600536,522.9872696454238,1704.27,1
2024-04-01,gr1,kurunegala,1673.2,0,35.10433,127.2,299.4232,1.5,333,4105.522963452723,1,319.94403981170956,536.4031637351097,1566.09,1
2024-05-01,gr1,kurunegala,1537.25,0,31.078579,439.6,299.6923,0.9,317,4149.918999505254,0,314.7396515733242,544.3638942350851,1576.39,1
2024-06-01,gr1,kurunegala,1537.25,1,29.649332,130.7,303.8121,1.7,317,4165.540609095521,0,304.7764081378211,493.68368367144984,1576.39,1
2024-07-01,gr1,kurunegala,1537.25,1,29.812452,126.200005,303.7559,2.4,317,4219.961156130264,0,310.42849085104956,537.1602839060429,1576.39,1
2024-08-01,gr1,kurunegala,1537.25,1,29.597937,187.7,300.6683,0.5,307,4219.7901766718705,0,312.78262446662745,490.51735735915787,1576.39,1
2024-09-01,gr1,kurunegala,1537.25,0,30.226,121.5,301.1505,-0.5,283,4197.653971056041,0,306.7352787168892,533.2940549066622,1576.39,1
2024-10-01,gr1,kurunegala,1537.25,0,29.265678,307.7,293.7851,-0.8,283,4190.182507545751,0,315.6323576276178,502.29502627751555,1576.39,1
2024-11-01,gr1,kurunegala,1537.25,1,29.051,444.3,292.0092,-2.1,286,4168.81155196521,0,322.39404500535375,520.6942749750513,1576.39,1
2024-12-01,gr1,kurunegala,1537.25,1,29.226969,117.6,291.6805,-1.7,286,4162.286207499032,0,317.6913362615523,543.4343582943231,1576.39,1
2025-01-01,gr1,kurunegala,1537.25,1,28.87213,228.2,296.1796,-4.0,286,4145.18624565524,0,328.1320518674798,552.1756171146875,1576.39,1
2025-02-01,gr1,kurunegala,1537.25,1,32.600643,29.599998,296.8034,-4.2,286,4321.987620316963,1,318.745457399971,515.6878084286395,1576.39,1
2025-03-01,gr1,kurunegala,1537.25,1,33.310837,103.7,295.909,-2.6,286,4150.518593171483,1,310.81313488513905,483.1241283303851,1576.39,1
2025-04-01,gr1,kurunegala,1537.25,0,32.510998,202.3,298.5312,-2.0,286,4227.16490145182,1,338.7096517537178,517.3987941289276,1576.39,1
2025-05-01,gr1,kurunegala,1537.25,0,31.147936,146.8,299.4142,-0.7,274,4231.688844046605,0,305.51408585366454,557.1100662958853,1576.39,1
2025-06-01,gr1,kurunegala,1537.25,1,29.384335,182.40001,299.9014,-0.6,274,4189.820981994882,0,332.3743813468414,504.5486250248752,1576.39,1
2025-07-01,gr1,kurunegala,1537.25,1,29.773743,172.5,301.1217,-0.3,289,4227.916345626086,0,332.7487504127872,542.3366755105991,1576.39,1
2025-08-01,gr1,kurunegala,1537.25,1,30.399548,95.9,301.4891,1.2,289,4184.544176789875,0,315.5695597887152,548.9461139878362,1576.39,1
2025-09-01,gr1,kurunegala,1537.25,0,31.306,126.8,302.1955,1.5,283,4213.369615703595,0,305.9443298082136,478.44376360287606,1576.39,1
2025-10-01,gr1,kurunegala,1537.25,0,31.193096,350.2,302.9987,2.1,277,4184.738764782267,0,328.4817421266667,508.4175178072851,1576.39,1
2025-11-01,gr1,kurunegala,1537.25,1,29.647305,257.6,302.9987,2.1,277,4169.329866822953,0,323.1615595718278,503.8123835783449,1576.39,1
2020-01-01,gr1,matale,606.75,1,29.612776,10.0,181.4036,5.7,104,4193.086784941441,0,308.2988697394064,546.5786663907082,581.81,1
2020-02-01,gr1,matale,538.0,1,31.059103,11.700001,181.5628,6.2,104,4273.282438446077,1,311.151972859731,508.15288088695894,533.38,1
2020-03-01,gr1,matale,553.0,1,33.39503,29.199999,185.0567,5.4,104,4209.843061793456,1,320.3200414906577,526.8467566897924,531.11,1
2020-04-01,gr1,matale,524.5,0,32.131,184.00002,193.0854,5.2,104,4216.563171570178,1,335.01333651955485,523.9004996805626,512.35,1
2020-05-01,gr1,matale,514.75,0,28.980516,250.40001,187.865,4.0,104,4185.049632476706,0,340.5620712994032,514.3024901326066,515.98,1
2020-06-01,gr1,matale,501.2,1,28.044334,148.3,185.9545,3.9,104,4214.806013853229,0,313.4864310620817,519.3712165925044,498.81,1
2020-07-01,gr1,matale,511.25,1,27.549871,172.1,185.8487,4.2,104,4215.077367116681,0,314.19476550195276,513.5751446776418,495.04,1
2020-08-01,gr1,matale,546.6,1,27.75471,187.6,184.8939,4.1,104,4154.028788288309,0,316.003638143854,551.2577753701639,546.41,1
2020-09-01,gr1,matale,575.0,0,26.609335,297.5,185.0317,4.0,104,4211.61268485805,0,311.8180111657769,536.6666782356061,577.39,1
2020-10-01,gr1,matale,556.25,0,27.398258,155.90001,184.4379,4.0,104,4196.1449145292945,0,325.82097703468617,507.2538450594241,562.98,1
2020-11-01,gr1,matale,552.5,1,28.137667,281.7,184.4379,4.1,104,4242.819939716173,0,319.72485094949366,527.6597796948186,551.98,1
2020-12-01,gr1,matale,562.4,1,27.216002,383.2,187.1822,4.2,104,4228.5445255346585,0,317.2887639895743,510.99974284008374,543.59,1
2021-01-01,gr1,matale,563.0,1,27.528904,209.2,190.4918,3.0,104,4233.979887446734,0,312.6540842320195,524.2942636634106,522.04,1
2021-02-01,gr1,matale,543.0,1,29.557072,17.6,194.0665,3.3,104,4288.272712014055,1,340.574954697117,521.704188992678,511.54,1
2021-03-01,gr1,matale,634.6,1,31.461163,80.5,196.9825,4.1,104,4128.492931101969,1,322.98752908365685,514.8229119926034,608.51,1
2021-04-01,gr1,matale,707.3333333333334,0,30.026001,448.8,197.423,3.9,104,4192.410745248221,1,315.96351536758004,486.9022512754341,684.43,1
2021-05-01,gr1,matale,746.6666666666667,0,27.962774,544.9,199.5847,4.5,111,4205.866369165439,0,323.38483843461694,557.7537531468038,671.86,1
2021-06-01,gr1,matale,786.0,1,27.291002,176.90001,199.8161,5.2,111,4149.699130925015,0,310.775898155015,511.77146785767997,751.81,1
2021-07-01,gr1,matale,769.5,1,27.403097,200.59999,199.9778,5.7,111,4174.652841231444,0,328.71297297457244,523.1394592193686,749.55,1
2021-08-01,gr1,matale,758.6666666666666,1,26.864388,189.0,200.4965,6.0,111,4194.561992577157,0,318.79618836046404,526.3490652250035,732.83,1
2021-09-01,gr1,matale,815.2083333333333,0,27.179333,210.40001,201.9858,5.7,111,4170.030367727799,0,317.7653401762815,515.029427638511,785.26,1
2021-10-01,gr1,matale,871.75,0,27.622452,385.9,201.0899,7.6,111,4120.278617060281,0,330.0104609256714,517.4096550627312,837.68,1
2021-11-01,gr1,matale,1025.4,1,26.589333,374.8,201.8582,9.9,111,4203.375924070506,0,321.23204806784486,504.8841699968327,998.1,1
2021-12-01,gr1,matale,1151.0,1,28.377293,53.2,201.399,12.1,121,4114.830878032242,0,312.47843594409414,539.0309954114808,1117.54,1
2022-01-01,gr1,matale,1196.0,1,29.37084,19.0,201.4647,14.2,121,4148.237883879031,0,322.67126651011483,487.37448369078106,1142.21,1
2022-02-01,gr1,matale,1196.5,1,29.617786,74.7,201.7362,15.1,176,4228.827848152789,1,324.4194064956941,499.9556596214655,1160.14,1
2022-03-01,gr1,matale,1511.0,1,30.819225,54.5,255.8081,18.7,176,4226.945502184233,1,321.598563919974,507.6471664613261,1460.57,1
2022-04-01,gr1,matale,1907.0,0,29.669334,240.1,319.4404,29.8,289,4171.161433471583,1,302.5146802676182,553.3444822310228,1744.73,1
2022-05-01,gr1,matale,1860.5,0,27.695032,206.5,358.939,39.1,289,4139.449190011877,0,307.6565112812008,479.4838425377725,1845.21,1
2022-06-01,gr1,matale,1860.5,1,27.654333,108.1,360.2428,54.6,430,4258.38910308299,0,316.6618051024399,532.0649500114279,1843.43,1
2022-07-01,gr1,matale,1871.25,1,27.862776,168.8,360.8724,60.8,430,4283.821865613764,0,300.2070018962421,532.9297907545155,1805.43,1
2022-08-01,gr1,matale,1851.2,1,27.177292,261.4,360.9983,64.3,430,4203.57831186097,0,320.979831534709,507.44532187830987,1801.86,1
2022-09-01,gr1,matale,1809.5,0,27.679333,103.2,362.3826,69.8,415,4274.802215574459,0,330.5605680906605,527.2332212249403,1767.02,1
2022-10-01,gr1,matale,1863.5,0,27.062777,342.59998,363.1484,66.0,430,4202.786245614435,0,329.4752646212286,519.9519231816229,1808.95,1
2022-11-01,gr1,matale,1838.2,1,27.812666,244.9,363.394,61.0,420,4197.285256674109,0,319.7347874075094,552.5693710954464,1745.04,1
2022-12-01,gr1,matale,1782.5,1,26.756325,216.5,363.1652,57.2,420,4187.251139128957,0,318.06173861227194,505.81958084739017,1640.54,1
2023-01-01,gr1,matale,1811.6,1,27.230516,61.5,362.4228,51.7,405,4235.64992150862,0,330.6020990749888,540.5397252663946,1678.93,1
2023-02-01,gr1,matale,1811.6,1,28.77493,85.0,361.9766,50.6,405,4122.168541323805,1,316.9627397122334,523.9096346310658,1678.93,1
2023-03-01,gr1,matale,1774.75,1,31.12084,84.700005,329.4709,50.3,325,4237.163204701135,1,320.88657590961435,518.4555790955391,1668.46,1
2023-04-01,gr1,matale,1426.25,0,31.977667,209.2,321.4244,35.3,310,4168.759071115216,1,323.00474359610826,522.9104239553648,1409.21,1
2023-05-01,gr1,matale,1442.2,0,29.346645,142.4,310.1639,25.2,310,4206.100490732268,0,314.5588599788581,496.56691305364876,1414.43,1
2023-06-01,gr1,matale,1365.75,1,28.861,81.6,301.2612,12.0,308,4208.885050046662,0,327.18185725707934,543.0718068663385,1332.7,1
2023-07-01,gr1,matale,1552.8,1,28.062777,150.0,319.2903,6.3,306,4201.487806974787,0,318.9674523985095,519.0382298533846,1460.24,1
2023-08-01,gr1,matale,1971.75,1,30.72568,53.9,321.5764,4.0,341,4204.114199463771,0,307.4242214108538,504.08885864118236,1915.91,1
2023-09-01,gr1,matale,1969.0,0,27.764334,206.8,322.7693,1.3,351,4150.08229796306,0,305.76042847549854,551.888847834984,1925.25,1
2023-10-01,gr1,matale,2004.4,0,28.253098,387.6,324.7303,1.5,356,4158.382221344788,0,324.7240627788038,483.1984451098849,1935.31,1
2023-11-01,gr1,matale,1971.25,1,28.517668,640.9,328.25,3.4,329,4289.727893175889,0,313.50626961678574,523.8810388721175,1933.73,1
2023-12-01,gr1,matale,1982.5,1,28.299871,275.4,326.7423,4.0,358,4269.107949551876,0,304.35758388288946,566.0727750420958,1888.79,1
2024-01-01,gr1,matale,1980.4,1,28.627293,153.59999,321.1706,6.4,363,4278.872663988173,0,332.35782191822153,522.2274520368011,1891.64,1
2024-02-01,gr1,matale,1929.25,1,31.48669,12.400001,312.5801,5.9,363,4127.599304979188,1,313.22435347664344,531.928822751635,1809.61,1
2024-03-01,gr1,matale,1837.25,1,33.93858,39.2,305.665,0.9,363,4217.602769825715,1,330.5194761772292,511.377488608498,1704.27,1
2024-04-01,gr1,matale,1672.0,0,33.916,128.59999,299.4232,1.5,333,4206.40522074554,1,308.9984576702831,517.1570692611891,1566.09,1
2024-05-01,gr1,matale,1652.0,0,29.53213,450.4,299.6923,0.9,317,4201.3442919497265,0,320.07063158628176,525.2955062195596,1576.39,1
2024-06-01,gr1,matale,1652.0,1,28.141,128.40001,303.8121,1.7,317,4252.477635765967,0,321.4338846734225,509.50865972465897,1576.39,1
2024-07-01,gr1,matale,1652.0,1,28.206322,123.9,303.7559,2.4,317,4206.001566335913,0,316.40231354210914,531.6547516634773,1576.39,1
2024-08-01,gr1,matale,1652.0,1,28.062777,183.8,300.6683,0.5,307,4232.616143920671,0,305.5035478030147,500.0970303629324,1576.39,1
2024-09-01,gr1,matale,1652.0,0,28.464333,119.0,301.1505,-0.5,283,4144.0165052686925,0,330.17661466843504,536.4655983135541,1576.39,1
2024-10-01,gr1,matale,1652.0,0,27.911161,321.0,293.7851,-0.8,283,4219.096772611578,0,318.2564574209716,499.1484461065885,1576.39,1
2024-11-01,gr1,matale,1652.0,1,27.546,557.8,292.0092,-2.1,286,4193.020518592241,0,319.32821709950645,487.9945779099258,1576.39,1
2024-12-01,gr1,matale,1652.0,1,28.122452,120.200005,291.6805,-1.7,286,4231.9365111014595,0,343.63872494619363,512.0020187573773,1576.39,1
2025-01-01,gr1,matale,1652.0,1,27.73858,246.49998,296.1796,-4.0,286,4268.785340665581,0,319.86162253905763,513.7938458923019,1576.39,1
2025-02-01,gr1,matale,1652.0,1,30.833858,37.7,296.8034,-4.2,286,4075.0297142563213,1,306.7754204325643,505.5201933651478,1576.39,1
2025-03-01,gr1,matale,1652.0,1,31.699871,112.399994,295.909,-2.6,286,4144.820534139211,1,340.5654356482954,524.860094441088,1576.39,1
2025-04-01,gr1,matale,1652.0,0,30.657667,281.3,298.5312,-2.0,286,4211.195706703233,1,314.3522599582906,547.8690905504886,1576.39,1
2025-05-01,gr1,matale,1652.0,0,29.162775,190.1,299.4142,-0.7,274,4213.94970811119,0,310.0418460520977,518.1631047133009,1576.39,1
2025-06-01,gr1,matale,1652.0,1,27.764336,171.50002,299.9014,-0.6,274,4283.885040703822,0,313.7432271250379,521.2017198923032,1576.39,1
2025-07-01,gr1,matale,1652.0,1,28.143421,176.6,301.1217,-0.3,289,4139.51794906544,0,313.7565461028678,531.4101441670903,1576.39,1
2025-08-01,gr1,matale,1652.0,1,28.474066,107.9,301.4891,1.2,289,4260.6548849989595,0,334.10459145203504,526.9512322760711,1576.39,1
2025-09-01,gr1,matale,1652.0,0,29.077667,157.2,302.1955,1.5,283,4241.924538722582,0,311.52366071380914,510.5747251859496,1576.39,1
2025-10-01,gr1,matale,1652.0,0,29.396646,340.9,302.9987,2.1,277,4269.510377450865,0,311.04930157723396,520.4526170535374,1576.39,1
2025-11-01,gr1,matale,1652.0,1,28.598608,330.69998,302.9987,2.1,277,4260.938092584865,0,326.79142775438197,536.0425691723624,1576.39,1
2020-01-01,white,matale,861.0,1,29.612776,10.0,181.4036,5.7,104,4171.885623537952,0,331.96571501664494,492.01387650396117,862.35,1
2020-02-01,white,matale,832.25,1,31.059103,11.700001,181.5628,6.2,104,4241.127245605159,1,313.94285076996664,531.2576172034871,827.45,1
2020-03-01,white,matale,847.0,1,33.39503,29.199999,185.0567,5.4,104,4230.583814442043,1,331.85704154662994,551.4603945042971,814.8,1
2020-04-01,white,matale,728.5,0,32.131,184.00002,193.0854,5.2,104,4198.208698044503,1,330.72507337309804,515.8828113823932,767.3,1
2020-05-01,white,matale,807.5,0,28.980516,250.40001,187.865,4.0,104,4248.432249526644,0,326.6288126866741,523.6285324022795,800.9,1
2020-06-01,white,matale,780.8,1,28.044334,148.3,185.9545,3.9,104,4104.061439235048,0,326.7318135126996,538.3078055112032,783.08,1
2020-07-01,white,matale,799.25,1,27.549871,172.1,185.8487,4.2,104,4174.82621729419,0,311.125078221979,518.7599198126794,801.7,1
2020-08-01,white,matale,833.8,1,27.75471,187.6,184.8939,4.1,104,4226.0970782808445,0,332.0836623059314,508.2226634652261,819.84,1
2020-09-01,white,matale,872.0,0,26.609335,297.5,185.0317,4.0,104,4294.839649132698,0,335.1344974324213,513.8438305772223,808.15,1
2020-10-01,white,matale,815.0,0,27.398258,155.90001,184.4379,4.0,104,4223.661881228677,0,304.05296932733205,465.0499031454953,794.0,1
2020-11-01,white,matale,761.5,1,28.137667,281.7,184.4379,4.1,104,4153.108748004244,0,317.73521108098475,526.5901747114602,774.8,1
2020-12-01,white,matale,800.2,1,27.216002,383.2,187.1822,4.2,104,4176.4034067105285,0,306.434181953766,516.1060540776664,801.36,1
2021-01-01,white,matale,775.25,1,27.528904,209.2,190.4918,3.0,104,4243.287759708506,0,324.3655980415767,510.67009241543605,783.1,1
2021-02-01,white,matale,820.25,1,29.557072,17.6,194.0665,3.3,104,4037.9366329965465,1,304.3680919130334,503.5097167694465,792.25,1
2021-03-01,white,matale,908.2,1,31.461163,80.5,196.9825,4.1,104,4233.1065337260525,1,324.84732817294474,523.9962086743743,845.88,1
2021-04-01,white,matale,986.0,0,30.026001,448.8,197.423,3.9,104,4158.550249453896,1,345.8956364201861,526.6835283448979,921.8,1
2021-05-01,white,matale,1038.0,0,27.962774,544.9,199.5847,4.5,111,4193.4928472816155,0,328.4062002650455,463.3568880377886,944.4,1
2021-06-01,white,matale,1090.0,1,27.291002,176.90001,199.8161,5.2,111,4220.646572713781,0,322.0115965587284,513.1490159828447,1027.9,1
2021-07-01,white,matale,1120.5,1,27.403097,200.59999,199.9778,5.7,111,4185.567068053993,0,326.7257370120273,502.8645581234641,1036.75,1
2021-08-01,white,matale,1160.6666666666667,1,26.864388,189.0,200.4965,6.0,111,4243.6160318360335,0,330.85982116175035,505.3393400895202,1059.53,1
2021-09-01,white,matale,1186.5833333333335,0,27.179333,210.40001,201.9858,5.7,111,4176.541217394764,0,310.72646865809423,528.3921994404824,1122.66,1
2021-10-01,white,matale,1212.5,0,27.622452,385.9,201.0899,7.6,111,4216.61570059898,0,303.9803418810283,513.9828050571834,1185.78,1
2021-11-01,white,matale,1336.8,1,26.589333,374.8,201.8582,9.9,111,4235.877112789798,0,304.95279625969,519.2485871004104,1244.32,1
2021-12-01,white,matale,1607.0,1,28.377293,53.2,201.399,12.1,121,4150.713697683223,0,319.3933918618538,536.8396739090425,1424.98,1
2022-01-01,white,matale,1722.75,1,29.37084,19.0,201.4647,14.2,121,4084.9039417632207,0,318.68743032907696,511.68066144105285,1533.23,1
2022-02-01,white,matale,1790.5,1,29.617786,74.7,201.7362,15.1,176,4199.6013679341695,1,317.9188314272746,537.8590774021753,1580.47,1
2022-03-01,white,matale,2048.75,1,30.819225,54.5,255.8081,18.7,176,4158.452494179448,1,322.88693629279857,536.6038362372522,1839.45,1
2022-04-01,white,matale,2650.0,0,29.669334,240.1,319.4404,29.8,289,4212.986125086074,1,317.90778126255475,503.0629806774927,2214.2,1
2022-05-01,white,matale,2674.25,0,27.695032,206.5,358.939,39.1,289,4189.84773069785,0,317.412039373329,535.4384030967335,2429.95,1
2022-06-01,white,matale,2674.25,1,27.654333,108.1,360.2428,54.6,430,4098.093773241108,0,314.57326200265976,533.3083364738355,2429.95,1
2022-07-01,white,matale,2938.5,1,27.862776,168.8,360.8724,60.8,430,4212.411029315017,0,346.44343347017036,537.5291129100588,2553.2,1
2022-08-01,white,matale,2961.0,1,27.177292,261.4,360.9983,64.3,430,4220.671745161185,0,313.4623366135118,524.3324995080924,2616.13,1
2022-09-01,white,matale,2937.75,0,27.679333,103.2,362.3826,69.8,415,4267.271002307749,0,326.5590077652976,501.91863420528,2671.0,1
2022-10-01,white,matale,2902.25,0,27.062777,342.59998,363.1484,66.0,430,4187.02043243182,0,327.5429132981357,534.1215782763027,2737.7,1
2022-11-01,white,matale,2980.8,1,27.812666,244.9,363.394,61.0,420,4172.657052937981,0,303.9244013563103,500.4055755056639,2702.04,1
2022-12-01,white,matale,2930.25,1,26.756325,216.5,363.1652,57.2,420,4236.083603202162,0,315.08363814367954,530.1193110691173,2721.37,1
2023-01-01,white,matale,2789.2,1,27.230516,61.5,362.4228,51.7,405,4190.75489317785,0,316.7210528348708,549.7822621665658,2690.48,1
2023-02-01,white,matale,2789.2,1,28.77493,85.0,361.9766,50.6,405,4181.819389389308,1,318.65720837813694,536.814689642591,2690.48,1
2023-03-01,white,matale,2869.75,1,31.12084,84.700005,329.4709,50.3,325,4249.134549197276,1,314.9185980235269,537.7807424455979,2734.6,1
2023-04-01,white,matale,2493.75,0,31.977667,209.2,321.4244,35.3,310,4224.665895044044,1,336.42672953255965,461.4110261999546,2284.55,1
2023-05-01,white,matale,2562.6,0,29.346645,142.4,310.1639,25.2,310,4121.488764005478,0,320.22465892812045,498.78789867206797,2312.32,1
2023-06-01,white,matale,2255.25,1,28.861,81.6,301.2612,12.0,308,4145.947172979587,0,322.439531979085,529.9239837472663,2146.8,1
2023-07-01,white,matale,2329.2,1,28.062777,150.0,319.2903,6.3,306,4209.827738825578,0,324.98221748496786,502.4645243757631,2238.64,1
2023-08-01,white,matale,2675.0,1,30.72568,53.9,321.5764,4.0,341,4149.792961662397,0,316.4255457718957,549.9486336635925,2480.15,1
2023-09-01,white,matale,2656.75,0,27.764334,206.8,322.7693,1.3,351,4172.226144041987,0,338.0434810978674,519.2834884258707,2501.9,1
2023-10-01,white,matale,2669.2,0,28.253098,387.6,324.7303,1.5,356,4191.152638625297,0,317.52974299254004,524.4867931355617,2487.84,1
2023-11-01,white,matale,2656.25,1,28.517668,640.9,328.25,3.4,329,4255.435179029146,0,315.92963687073217,501.6374603316685,2500.8,1
2023-12-01,white,matale,2536.75,1,28.299871,275.4,326.7423,4.0,358,4232.274209057054,0,315.79238206318945,504.40294107556724,2462.4,1
2024-01-01,white,matale,2585.8,1,28.627293,153.59999,321.1706,6.4,363,4218.860593753226,0,326.79373282956504,501.0421456546203,2486.52,1
2024-02-01,white,matale,2564.25,1,31.48669,12.400001,312.5801,5.9,363,4123.723741453763,1,325.2251410526576,503.7799827274231,2405.6,1
2024-03-01,white,matale,2524.5,1,33.93858,39.2,305.665,0.9,363,4272.005860772474,1,326.65924252054464,526.2475642093315,2379.93,1
2024-04-01,white,matale,2315.8,0,33.916,128.59999,299.4232,1.5,333,4199.8198730454715,1,316.4297079919339,523.5738943362095,2255.68,1
2024-05-01,white,matale,2353.25,0,29.53213,450.4,299.6923,0.9,317,4167.653161114721,0,326.83569323200476,549.0523349097236,2283.35,1
2024-06-01,white,matale,2353.25,1,28.141,128.40001,303.8121,1.7,317,4198.782270386951,0,314.517127035094,539.9116302800406,2283.35,1
2024-07-01,white,matale,2353.25,1,28.206322,123.9,303.7559,2.4,317,4177.055786856553,0,301.53812137761906,493.03905776119666,2283.35,1
2024-08-01,white,matale,2353.25,1,28.062777,183.8,300.6683,0.5,307,4238.584935532417,0,308.51736711247383,525.5471692392936,2283.35,1
2024-09-01,white,matale,2353.25,0,28.464333,119.0,301.1505,-0.5,283,4242.511087105675,0,331.243533598705,495.4311233746848,2283.35,1
2024-10-01,white,matale,2353.25,0,27.911161,321.0,293.7851,-0.8,283,4245.816383735124,0,317.65592199683675,516.7132958822922,2283.35,1
2024-11-01,white,matale,2353.25,1,27.546,557.8,292.0092,-2.1,286,4197.11906014832,0,312.3671389582142,484.1378709493085,2283.35,1
2024-12-01,white,matale,2353.25,1,28.122452,120.200005,291.6805,-1.7,286,4259.473524446232,0,328.595878869798,500.59751479240714,2283.35,1
2025-01-01,white,matale,2353.25,1,27.73858,246.49998,296.1796,-4.0,286,4250.490854467132,0,309.148494734422,497.85686366395095,2283.35,1
2025-02-01,white,matale,2353.25,1,30.833858,37.7,296.8034,-4.2,286,4162.301770556666,1,316.864703138276,498.05263362057866,2283.35,1
2025-03-01,white,matale,2353.25,1,31.699871,112.399994,295.909,-2.6,286,4215.989096707127,1,317.8298294957563,531.6514263761761,2283.35,1
2025-04-01,white,matale,2353.25,0,30.657667,281.3,298.5312,-2.0,286,4164.07963672154,1,320.8568716140336,491.69465616151626,2283.35,1
2025-05-01,white,matale,2353.25,0,29.162775,190.1,299.4142,-0.7,274,4131.509851021046,0,323.72105472606864,523.4450877282208,2283.35,1
2025-06-01,white,matale,2353.25,1,27.764336,171.50002,299.9014,-0.6,274,4216.544011610723,0,315.08097552493797,514.4001339625104,2283.35,1
2025-07-01,white,matale,2353.25,1,28.143421,176.6,301.1217,-0.3,289,4261.804658760522,0,324.5728040461524,482.20701415807696,2283.35,1
2025-08-01,white,matale,2353.25,1,28.474066,107.9,301.4891,1.2,289,4144.831669691306,0,329.4131058076748,531.0629831275842,2283.35,1
2025-09-01,white,matale,2353.25,0,29.077667,157.2,302.1955,1.5,283,4199.5440501677895,0,309.08066099604684,531.8513454769466,2283.35,1
2025-10-01,white,matale,2353.25,0,29.396646,340.9,302.9987,2.1,277,4153.033230309063,0,300.37374308327423,506.4271387741179,2283.35,1
2025-11-01,white,matale,2353.25,1,28.598608,330.69998,302.9987,2.1,277,4125.755101577505,0,323.33859966568536,525.9929537567469,2283.35,1
2020-01-01,gr1,matara,567.5,1,29.135195,8.8,181.4036,5.7,104,4176.7135123214875,0,319.84690150827004,551.2682671766422,581.81,1
2020-02-01,gr1,matara,550.0,1,29.479965,30.300001,181.5628,6.2,104,4169.9146693885305,1,338.2600971354694,505.1503153492323,533.38,1
2020-03-01,gr1,matara,540.0,1,29.144873,15.200001,185.0567,5.4,104,4111.847992231863,1,332.00413907944426,496.9797183276099,531.11,1
2020-04-01,gr1,matara,525.0,0,29.254333,89.4,193.0854,5.2,104,4218.081801252381,1,322.6859227886326,519.3277487059257,512.35,1
2020-05-01,gr1,matara,535.0,0,28.81584,211.0,187.865,4.0,104,4216.437555482984,0,317.5130887381645,512.9615736436698,515.98,1
2020-06-01,gr1,matara,520.0,1,28.487667,114.899994,185.9545,3.9,104,4294.309295060527,0,302.3923724084418,518.0907150582185,498.81,1
2020-07-01,gr1,matara,502.5,1,27.828743,234.89998,185.8487,4.2,104,4309.522781290499,0,312.1510168691776,491.8962030639285,495.04,1
2020-08-01,gr1,matara,560.0,1,27.846485,98.4,184.8939,4.1,104,4212.994139712421,0,321.84551303197037,549.5386885223655,546.41,1
2020-09-01,gr1,matara,600.0,0,27.446001,211.4,185.0317,4.0,104,4158.965884082414,0,312.8317767939719,529.6775330237608,577.39,1
2020-10-01,gr1,matara,572.5,0,27.959389,84.49999,184.4379,4.0,104,4146.455375096944,0,302.3156063443715,475.23537533350054,562.98,1
2020-11-01,gr1,matara,547.5,1,28.237667,202.3,184.4379,4.1,104,4228.039226318412,0,318.99845923520047,525.7465780880602,551.98,1
2020-12-01,gr1,matara,535.0,1,27.89326,110.9,187.1822,4.2,104,4315.732928333676,0,314.70947322653706,521.9613507907789,543.59,1
2021-01-01,gr1,matara,502.5,1,27.49326,176.3,190.4918,3.0,104,4242.621666739811,0,311.7240977935128,515.409026892793,522.04,1
2021-02-01,gr1,matara,510.0,1,28.234213,28.0,194.0665,3.3,104,4222.190971407312,1,336.2467845846956,538.6438312852077,511.54,1
2021-03-01,gr1,matara,616.0,1,28.675518,94.4,196.9825,4.1,104,4169.98915614206,1,315.5267810434125,522.1150758254296,608.51,1
2021-04-01,gr1,matara,710.0,0,28.849335,96.0,197.423,3.9,104,4244.9799937716625,1,324.2830709720765,500.9616307995553,684.43,1
2021-05-01,gr1,matara,666.6666666666666,0,28.752935,223.00002,199.5847,4.5,111,4201.050192081638,0,332.9699454656111,492.05763629774015,671.86,1
2021-06-01,gr1,matara,755.0,1,28.111,161.40001,199.8161,5.2,111,4248.755986670888,0,323.24359281721604,529.0701742510894,751.81,1
2021-07-01,gr1,matara,752.5,1,27.830357,172.7,199.9778,5.7,111,4192.003073501829,0,326.3472146856177,505.81117995144905,749.55,1
2021-08-01,gr1,matara,731.6666666666666,1,27.480354,166.09999,200.4965,6.0,111,4272.557180389752,0,317.40453322416084,494.61339006906604,732.83,1
2021-09-01,gr1,matara,792.0833333333333,0,27.774334,192.2,201.9858,5.7,111,4224.595958575325,0,318.95550781462526,522.8717587301032,785.26,1
2021-10-01,gr1,matara,852.5,0,27.94971,183.3,201.0899,7.6,111,4235.580743904445,0,333.1491445358405,529.0120682572508,837.68,1
2021-11-01,gr1,matara,1018.0,1,27.834333,302.1,201.8582,9.9,111,4112.0630256788445,0,315.7069777548274,546.3660464970534,998.1,1
2021-12-01,gr1,matara,1145.0,1,28.357775,135.2,201.399,12.1,121,4174.3066541331655,0,312.0397414319651,505.84748210355946,1117.54,1
2022-01-01,gr1,matara,1157.5,1,27.848097,71.200005,201.4647,14.2,121,4237.875385502365,0,298.48184598670696,484.96342386496565,1142.21,1
2022-02-01,gr1,matara,1215.0,1,28.414572,35.3,201.7362,15.1,176,4167.671355787874,1,323.61503525206103,504.39601741765074,1160.14,1
2022-03-01,gr1,matara,1537.5,1,28.806162,68.1,255.8081,18.7,176,4175.643730811766,1,330.0058231804298,545.5773162662679,1460.57,1
2022-04-01,gr1,matara,1793.3333333333333,0,28.694334,122.9,319.4404,29.8,289,4161.837042172874,1,327.7966053226934,547.4107228799343,1744.73,1
2022-05-01,gr1,matara,1969.0,0,28.191647,310.3,358.939,39.1,289,4272.078431032895,0,315.63614109473434,577.3680611133353,1845.21,1
2022-06-01,gr1,matara,1944.0,1,27.796,117.59999,360.2428,54.6,430,4243.556235171584,0,342.3130014619263,515.237791273759,1843.43,1
2022-07-01,gr1,matara,1790.0,1,27.694872,99.40001,360.8724,60.8,430,4179.23560430496,0,307.7045040554758,531.0811554223181,1805.43,1
2022-08-01,gr1,matara,1827.4,1,27.078743,130.1,360.9983,64.3,430,4237.849430832268,0,319.48606276411516,496.9329897880808,1801.86,1
2022-09-01,gr1,matara,1781.5,0,27.466,110.50001,362.3826,69.8,415,4211.194201213956,0,318.05091719647316,500.3539283924537,1767.02,1
2022-10-01,gr1,matara,1836.0,0,27.440031,179.6,363.1484,66.0,430,4135.501955012947,0,325.16178287114957,492.6835168916912,1808.95,1
2022-11-01,gr1,matara,1597.2,1,28.061,164.6,363.394,61.0,420,4198.7937456445,0,320.01205475362224,516.6873717936473,1745.04,1
2022-12-01,gr1,matara,1549.0,1,27.423903,187.7,363.1652,57.2,420,4144.471207726709,0,321.83849544753696,486.3468261175463,1640.54,1
2023-01-01,gr1,matara,1629.0,1,27.586807,72.1,362.4228,51.7,405,4184.5226780343,0,311.775800676178,518.4866879134834,1678.93,1
2023-02-01,gr1,matara,1629.0,1,28.228857,95.9,361.9766,50.6,405,4198.118264878757,1,318.96778247067505,559.8310660440947,1678.93,1
2023-03-01,gr1,matara,1630.75,1,28.548098,111.6,329.4709,50.3,325,4114.870819788108,1,305.5614518386646,546.924515124055,1668.46,1
2023-04-01,gr1,matara,1424.5,0,28.997667,108.2,321.4244,35.3,310,4151.206337351134,1,310.97948445642487,510.4470883479199,1409.21,1
2023-05-01,gr1,matara,1382.8,0,28.810999,119.5,310.1639,25.2,310,4171.876661205287,0,344.1261542161292,515.6269344512992,1414.43,1
2023-06-01,gr1,matara,1301.0,1,28.419334,99.5,301.2612,12.0,308,4221.4809109566295,0,305.3247473424756,501.508717712438,1332.7,1
2023-07-01,gr1,matara,1469.4,1,27.915838,161.30002,319.2903,6.3,306,4155.269634889025,0,332.8164379500377,518.7799205628924,1460.24,1
2023-08-01,gr1,matara,1927.0,1,28.35455,125.1,321.5764,4.0,341,4178.990659145207,0,321.84740578895725,516.0412454203064,1915.91,1
2023-09-01,gr1,matara,1938.25,0,28.116001,449.4,322.7693,1.3,351,4322.765006995544,0,324.25887206193033,526.262642800263,1925.25,1
2023-10-01,gr1,matara,1953.6,0,27.635195,377.30002,324.7303,1.5,356,4214.293269536245,0,322.6587822965205,539.1677163968409,1935.31,1
2023-11-01,gr1,matara,1907.75,1,27.939333,381.6,328.25,3.4,329,4292.335366286801,0,307.88828070719217,495.54209960888875,1933.73,1
2023-12-01,gr1,matara,1797.5,1,28.361002,351.9,326.7423,4.0,358,4209.554953400995,0,319.8791105215395,560.9962419157185,1888.79,1
2024-01-01,gr1,matara,1854.8,1,28.706161,95.899994,321.1706,6.4,363,4164.993959253041,0,313.2429192083839,527.029598007044,1891.64,1
2024-02-01,gr1,matara,1758.0,1,30.221346,21.4,312.5801,5.9,363,4232.510058897933,1,329.788580507818,510.0613594976404,1809.61,1
2024-03-01,gr1,matara,1601.0,1,29.552935,68.5,305.665,0.9,363,4266.457626506622,1,316.7933237444281,564.2506207879449,1704.27,1
2024-04-01,gr1,matara,1432.2,0,29.854334,94.3,299.4232,1.5,333,4239.290007932542,1,328.49102110743144,543.8341499421413,1566.09,1
2024-05-01,gr1,matara,1602.0,0,29.193258,413.80002,299.6923,0.9,317,4228.629139067808,0,326.93478911913996,526.652150206484,1576.39,1
2024-06-01,gr1,matara,1602.0,1,28.586,201.1,303.8121,1.7,317,4183.982634590284,0,302.92642042407056,584.8618593918947,1576.39,1
2024-07-01,gr1,matara,1602.0,1,28.310999,99.3,303.7559,2.4,317,4126.781255989509,0,317.6959928579423,517.5588573575744,1576.39,1
2024-08-01,gr1,matara,1602.0,1,28.259388,225.5,300.6683,0.5,307,4198.722296450428,0,333.4046105179035,506.15499341468205,1576.39,1
2024-09-01,gr1,matara,1602.0,0,28.311,154.7,301.1505,-0.5,283,4175.312170841934,0,304.6889249744428,504.80593765039424,1576.39,1
2024-10-01,gr1,matara,1602.0,0,28.080357,204.8,293.7851,-0.8,283,4236.632003860779,0,326.89707805245195,525.1439794071185,1576.39,1
2024-11-01,gr1,matara,1602.0,1,28.119333,209.1,292.0092,-2.1,286,4224.78409439863,0,324.8224895268066,528.4038308578998,1576.39,1
2024-12-01,gr1,matara,1602.0,1,28.341646,141.3,291.6805,-1.7,286,4280.685563452932,0,337.19377906207296,515.9495154587034,1576.39,1
2025-01-01,gr1,matara,1602.0,1,27.425518,267.4,296.1796,-4.0,286,4092.330494319814,0,325.7061299721953,491.33696370950577,1576.39,1
2025-02-01,gr1,matara,1602.0,1,29.186,40.399998,296.8034,-4.2,286,4237.946429489339,1,311.48593565739685,522.7977446567826,1576.39,1
2025-03-01,gr1,matara,1602.0,1,28.704548,77.5,295.909,-2.6,286,4151.582777256818,1,307.54282623553615,516.7575204904028,1576.39,1
2025-04-01,gr1,matara,1602.0,0,28.754333,202.1,298.5312,-2.0,286,4129.869736410015,1,320.0337550659716,546.5086421819016,1576.39,1
2025-05-01,gr1,matara,1602.0,0,28.967453,159.20001,299.4142,-0.7,274,4192.649899918576,0,334.6417723875244,513.2722610917773,1576.39,1
2025-06-01,gr1,matara,1602.0,1,28.312666,151.79999,299.9014,-0.6,274,4201.704173412962,0,297.53110666015397,511.7555850995106,1576.39,1
2025-07-01,gr1,matara,1602.0,1,28.204548,94.399994,301.1217,-0.3,289,4129.314275154751,0,325.9879438956191,535.3767935193779,1576.39,1
2025-08-01,gr1,matara,1602.0,1,27.962612,77.399994,301.4891,1.2,289,4160.700526974602,0,323.11308673442886,583.0411346902417,1576.39,1
2025-09-01,gr1,matara,1602.0,0,28.457668,112.7,302.1955,1.5,283,4162.212742025357,0,325.107920885276,519.3759302212184,1576.39,1
2025-10-01,gr1,matara,1602.0,0,28.60455,219.70001,302.9987,2.1,277,4196.475061097045,0,325.8202656708473,563.3987317616109,1576.39,1
2025-11-01,gr1,matara,1602.0,1,28.658827,167.90001,302.9987,2.1,277,4200.152301007671,0,309.833168714235,506.2222891484919,1576.39,1
2020-01-01,gr1,monaragala,579.75,1,29.059225,41.8,181.4036,5.7,104,4104.33598776711,0,321.19580368414154,550.6473544935623,581.81,1
2020-02-01,gr1,monaragala,544.0,1,30.181862,40.500004,181.5628,6.2,104,4199.3251387631035,1,315.12088591854297,544.6174902630947,533.38,1
2020-03-01,gr1,monaragala,548.5,1,32.87535,22.0,185.0567,5.4,104,4180.745885979184,1,309.5308901731806,515.9105755802776,531.11,1
2020-04-01,gr1,monaragala,488.0,0,32.810997,198.3,193.0854,5.2,104,4218.06978027542,1,325.07835756289626,509.6714071222486,512.35,1
2020-05-01,gr1,monaragala,526.75,0,32.480194,99.3,187.865,4.0,104,4225.663371655668,0,324.90974951638253,494.0776667150021,515.98,1
2020-06-01,gr1,monaragala,496.6,1,35.427666,40.5,185.9545,3.9,104,4212.877519536139,0,323.81158384882775,518.3880050140648,498.81,1
2020-07-01,gr1,monaragala,502.0,1,33.36406,98.6,185.8487,4.2,104,4171.685113519861,0,318.79051851392217,554.0821103251099,495.04,1
2020-08-01,gr1,monaragala,556.0,1,35.556,28.300001,184.8939,4.1,104,4138.152464456096,0,340.0609288815912,524.3355112752525,546.41,1
2020-09-01,gr1,monaragala,593.25,0,34.065998,85.3,185.0317,4.0,104,4220.639046346825,0,319.173193141573,533.6271902088589,577.39,1
2020-10-01,gr1,monaragala,570.75,0,36.13503,139.1,184.4379,4.0,104,4188.826860733708,0,318.52397413701334,507.8626964428565,562.98,1
2020-11-01,gr1,monaragala,574.25,1,29.767668,370.1,184.4379,4.1,104,4252.690102601745,0,311.2201741324344,511.5152733320391,551.98,1
2020-12-01,gr1,monaragala,570.8,1,28.935034,310.2,187.1822,4.2,104,4234.313009518725,0,307.4571057683075,505.6233522478254,543.59,1
2021-01-01,gr1,monaragala,563.25,1,27.875355,367.5,190.4918,3.0,104,4194.263177926655,0,309.2786098801439,512.1505778787825,522.04,1
2021-02-01,gr1,monaragala,539.5,1,29.380999,52.0,194.0665,3.3,104,4153.653476421096,1,317.4764649787371,542.7124029436588,511.54,1
2021-03-01,gr1,monaragala,636.4,1,30.180193,140.5,196.9825,4.1,104,4180.734320156912,1,320.67855510527403,503.0736804506853,608.51,1
2021-04-01,gr1,monaragala,714.6666666666666,0,32.096,147.6,197.423,3.9,104,4240.643105941948,1,329.8572999567986,525.155050802855,684.43,1
2021-05-01,gr1,monaragala,699.0,0,31.676966,179.5,199.5847,4.5,111,4184.486662170327,0,310.0069776770509,540.7675770203863,671.86,1
2021-06-01,gr1,monaragala,783.0,1,34.499332,45.6,199.8161,5.2,111,4158.725140160374,0,331.8767938846156,521.179684431792,751.81,1
2021-07-01,gr1,monaragala,766.0,1,35.3689,67.5,199.9778,5.7,111,4149.873531768109,0,324.09818656928513,504.32492957751145,749.55,1
2021-08-01,gr1,monaragala,746.3333333333334,1,34.938255,93.1,200.4965,6.0,111,4307.659122875578,0,326.1536748401305,524.046575928456,732.83,1
2021-09-01,gr1,monaragala,796.9166666666667,0,34.679333,94.7,201.9858,5.7,111,4291.5729382927175,0,320.70052163113183,535.1942459096833,785.26,1
2021-10-01,gr1,monaragala,847.5,0,32.333416,198.1,201.0899,7.6,111,4123.2942914632185,0,327.4212749107189,496.76432312175274,837.68,1
2021-11-01,gr1,monaragala,1024.6,1,29.171,381.3,201.8582,9.9,111,4098.038391111995,0,305.9368253632817,511.7701371087564,998.1,1
2021-12-01,gr1,monaragala,1162.0,1,28.964064,120.4,201.399,12.1,121,4196.866045136341,0,320.2131164867194,517.7866926288534,1117.54,1
2022-01-01,gr1,monaragala,1201.0,1,29.115677,88.0,201.4647,14.2,121,4171.209087967766,0,317.88869761172305,523.1610697984027,1142.21,1
2022-02-01,gr1,monaragala,1158.6666666666667,1,30.43457,55.1,201.7362,15.1,176,4284.357081753628,1,321.08559705776526,496.0642270714738,1160.14,1
2022-03-01,gr1,monaragala,1487.5,1,31.85761,98.7,255.8081,18.7,176,4156.800461516009,1,333.9246530006433,506.4600972308294,1460.57,1
2022-04-01,gr1,monaragala,1770.0,0,31.579334,205.7,319.4404,29.8,289,4118.622878105842,1,333.95683810789956,525.67502047323,1744.73,1
2022-05-01,gr1,monaragala,1826.5,0,33.09148,66.0,358.939,39.1,289,4160.155237226476,0,319.11637040794665,541.1745705976775,1845.21,1
2022-06-01,gr1,monaragala,1826.5,1,34.00433,66.4,360.2428,54.6,430,4260.060696108198,0,325.00844474944455,501.90771250012466,1843.43,1
2022-07-01,gr1,monaragala,1821.5,1,34.041485,155.5,360.8724,60.8,430,4313.534642890219,0,315.34689543219946,520.6006295832816,1805.43,1
2022-08-01,gr1,monaragala,1822.2,1,32.583416,134.5,360.9983,64.3,430,4243.480296005283,0,332.6192150071399,526.7710575257183,1801.86,1
2022-09-01,gr1,monaragala,1805.0,0,33.992664,47.3,362.3826,69.8,415,4223.5734178568,0,325.93556722280863,566.4008144403451,1767.02,1
2022-10-01,gr1,monaragala,1836.5,0,31.456,309.1,363.1484,66.0,430,4183.210765035494,0,324.3192254467394,530.0556885379038,1808.95,1
2022-11-01,gr1,monaragala,1803.8,1,29.404333,258.2,363.394,61.0,420,4192.781979403803,0,326.5924566843241,477.42531811170375,1745.04,1
2022-12-01,gr1,monaragala,1804.0,1,28.368902,208.20001,363.1652,57.2,420,4246.783919657373,0,332.3894635293944,514.4037931524599,1640.54,1
2023-01-01,gr1,monaragala,1814.0,1,28.252773,89.6,362.4228,51.7,405,4137.444321180735,0,320.002070649182,492.28024115202004,1678.93,1
2023-02-01,gr1,monaragala,1814.0,1,28.548857,134.20001,361.9766,50.6,405,4205.711382433102,1,314.17241342388417,508.9976943412692,1678.93,1
2023-03-01,gr1,monaragala,1781.0,1,30.202774,128.9,329.4709,50.3,325,4223.629874120652,1,314.49463150508416,518.0416950711419,1668.46,1
2023-04-01,gr1,monaragala,1428.25,0,32.161,162.7,321.4244,35.3,310,4152.530055558403,1,331.2543478441477,517.4469063696362,1409.21,1
2023-05-01,gr1,monaragala,1432.4,0,32.588257,126.4,310.1639,25.2,310,4248.627722481337,0,319.80739620265604,518.3824300426908,1414.43,1
2023-06-01,gr1,monaragala,1408.5,1,36.141,40.4,301.2612,12.0,308,4213.578941859769,0,320.50887701856016,513.4596536478045,1332.7,1
2023-07-01,gr1,monaragala,1567.2,1,35.65761,56.2,319.2903,6.3,306,4178.013447086291,0,308.88542043062967,509.3279938712167,1460.24,1
2023-08-01,gr1,monaragala,1981.0,1,37.39632,28.1,321.5764,4.0,341,4132.777474448286,0,320.0679984456,483.36635505587947,1915.91,1
2023-09-01,gr1,monaragala,1988.0,0,32.327663,98.7,322.7693,1.3,351,4173.4501522499095,0,313.5851309095569,549.3308171855721,1925.25,1
2023-10-01,gr1,monaragala,2039.6,0,29.896322,377.9,324.7303,1.5,356,4232.927213633641,0,319.3386738537418,524.581493764114,1935.31,1
2023-11-01,gr1,monaragala,1970.0,1,29.261,554.2,328.25,3.4,329,4182.035395460647,0,320.14273067836433,494.12984749591806,1933.73,1
2023-12-01,gr1,monaragala,1962.0,1,28.373741,378.0,326.7423,4.0,358,4132.007192951004,0,323.6363188262497,535.6426000306292,1888.79,1
2024-01-01,gr1,monaragala,1990.4,1,28.746323,210.2,321.1706,6.4,363,4123.840654760811,0,309.12754061137196,520.9386980412074,1891.64,1
2024-02-01,gr1,monaragala,1951.5,1,30.873241,26.6,312.5801,5.9,363,4292.331849802384,1,311.91734278359075,500.20084414895973,1809.61,1
2024-03-01,gr1,monaragala,1764.0,1,33.393093,83.0,305.665,0.9,363,4235.450187879425,1,322.30070759191403,505.43845804289356,1704.27,1
2024-04-01,gr1,monaragala,1720.0,0,33.766,146.6,299.4232,1.5,333,4151.651192843539,1,319.28400748141934,497.6090774323366,1566.09,1
2024-05-01,gr1,monaragala,1730.0,0,32.87858,206.3,299.6923,0.9,317,4246.231684145639,0,330.5993638404662,515.5455859844678,1576.39,1
2024-06-01,gr1,monaragala,1730.0,1,33.490997,35.7,303.8121,1.7,317,4226.141774401775,0,332.3581162000694,516.3710186150497,1576.39,1
2024-07-01,gr1,monaragala,1730.0,1,35.27374,24.5,303.7559,2.4,317,4252.354915130608,0,328.9019841112479,516.8127553570819,1576.39,1
2024-08-01,gr1,monaragala,1730.0,1,32.86729,136.5,300.6683,0.5,307,4227.180007729721,0,328.29732417879177,522.0687625861622,1576.39,1
2024-09-01,gr1,monaragala,1730.0,0,35.079334,110.600006,301.1505,-0.5,283,4178.594241951704,0,325.72057441714145,529.4308476083642,1576.39,1
2024-10-01,gr1,monaragala,1730.0,0,31.297934,200.9,293.7851,-0.8,283,4203.9317595158045,0,322.6348721533106,520.1576036938945,1576.39,1
2024-11-01,gr1,monaragala,1730.0,1,29.799334,462.5,292.0092,-2.1,286,4218.248050123311,0,328.6915606438927,521.9534075349667,1576.39,1
2024-12-01,gr1,monaragala,1730.0,1,29.699547,303.0,291.6805,-1.7,286,4187.792168235467,0,312.3334341221665,540.7217530209251,1576.39,1
2025-01-01,gr1,monaragala,1730.0,1,27.714064,331.3,296.1796,-4.0,286,4133.8455103296255,0,316.68691616816676,529.873096952863,1576.39,1
2025-02-01,gr1,monaragala,1730.0,1,30.348858,110.8,296.8034,-4.2,286,4205.210055197594,1,349.8525900260341,492.19556149693074,1576.39,1
2025-03-01,gr1,monaragala,1730.0,1,30.788258,174.3,295.909,-2.6,286,4133.29872525409,1,312.9042014525083,536.9922397703242,1576.39,1
2025-04-01,gr1,monaragala,1730.0,0,31.136,260.5,298.5312,-2.0,286,4137.8068382304355,1,329.2427013953783,531.7180840232929,1576.39,1
2025-05-01,gr1,monaragala,1730.0,0,31.97858,54.9,299.4142,-0.7,274,4310.526150079568,0,322.8063640449014,529.249672481337,1576.39,1
2025-06-01,gr1,monaragala,1730.0,1,34.036,35.5,299.9014,-0.6,274,4211.689295589537,0,322.1128369227947,530.7525980589976,1576.39,1
2025-07-01,gr1,monaragala,1730.0,1,35.081806,70.1,301.1217,-0.3,289,4154.80461792676,0,312.65826201221506,527.2623125548905,1576.39,1
2025-08-01,gr1,monaragala,1730.0,1,35.32697,60.199997,301.4891,1.2,289,4108.189731344835,0,330.71543152234887,524.8576402630055,1576.39,1
2025-09-01,gr1,monaragala,1730.0,0,35.010998,65.8,302.1955,1.5,283,4155.076600910448,0,313.4216544614786,529.4526069168681,1576.39,1
2025-10-01,gr1,monaragala,1730.0,0,32.44632,285.69998,302.9987,2.1,277,4203.223720740506,0,314.6115814380726,482.96314536850684,1576.39,1
2025-11-01,gr1,monaragala,1730.0,1,30.825563,398.6,302.9987,2.1,277,4259.532313739317,0,319.60692712372366,535.3175655896123,1576.39,1
2020-01-01,white,monaragala,790.5,1,29.059225,41.8,181.4036,5.7,104,4154.59879622394,0,310.66732040926803,532.5101603366207,862.35,1
2020-02-01,white,monaragala,770.0,1,30.181862,40.500004,181.5628,6.2,104,4102.016493806012,1,333.01741289398797,509.3805820437607,827.45,1
2020-03-01,white,monaragala,780.0,1,32.87535,22.0,185.0567,5.4,104,4158.039123838868,1,312.4320491143054,518.5210486878321,814.8,1
2020-04-01,white,monaragala,658.0,0,32.810997,198.3,193.0854,5.2,104,4241.0951252187615,1,309.55190805978964,489.02763402272507,767.3,1
2020-05-01,white,monaragala,784.75,0,32.480194,99.3,187.865,4.0,104,4180.394592343392,0,307.0316805204415,511.74004355713134,800.9,1
2020-06-01,white,monaragala,771.2,1,35.427666,40.5,185.9545,3.9,104,4323.162105624264,0,317.90976742713974,507.28884317191194,783.08,1
2020-07-01,white,monaragala,784.0,1,33.36406,98.6,185.8487,4.2,104,4146.884814313695,0,316.27166847908234,485.9225682634656,801.7,1
2020-08-01,white,monaragala,789.4,1,35.556,28.300001,184.8939,4.1,104,4217.322410474849,0,327.78361076166635,509.2175459370204,819.84,1
2020-09-01,white,monaragala,797.0,0,34.065998,85.3,185.0317,4.0,104,4155.524278518724,0,338.5409256633419,530.6963467269183,808.15,1
2020-10-01,white,monaragala,772.5,0,36.13503,139.1,184.4379,4.0,104,4124.257638765706,0,308.3008316428971,547.766755564169,794.0,1
2020-11-01,white,monaragala,776.25,1,29.767668,370.1,184.4379,4.1,104,4225.752384315302,0,311.9682104931966,511.6761119022949,774.8,1
2020-12-01,white,monaragala,786.0,1,28.935034,310.2,187.1822,4.2,104,4146.1127611035345,0,303.8486818409449,525.0448079285336,801.36,1
2021-01-01,white,monaragala,770.75,1,27.875355,367.5,190.4918,3.0,104,4176.252734441952,0,309.9026929529006,526.4811405644313,783.1,1
2021-02-01,white,monaragala,782.75,1,29.380999,52.0,194.0665,3.3,104,4137.610840901758,1,318.19520086409375,498.8688471447949,792.25,1
2021-03-01,white,monaragala,842.6,1,30.180193,140.5,196.9825,4.1,104,4306.651668732813,1,330.2996081758116,534.6498420555961,845.88,1
2021-04-01,white,monaragala,926.6666666666666,0,32.096,147.6,197.423,3.9,104,4230.518513271673,1,321.9438430157734,502.79229978441,921.8,1
2021-05-01,white,monaragala,960.0,0,31.676966,179.5,199.5847,4.5,111,4159.088965838327,0,316.3317558818531,544.0052349947766,944.4,1
2021-06-01,white,monaragala,1033.0,1,34.499332,45.6,199.8161,5.2,111,4212.184360574595,0,325.86693801475275,515.8677744060791,1027.9,1
2021-07-01,white,monaragala,1066.5,1,35.3689,67.5,199.9778,5.7,111,4225.9673257120585,0,310.2547069532936,495.9570094784782,1036.75,1
2021-08-01,white,monaragala,1116.6666666666667,1,34.938255,93.1,200.4965,6.0,111,4159.585085732242,0,323.6728731340134,531.0608017170472,1059.53,1
2021-09-01,white,monaragala,1184.9583333333335,0,34.679333,94.7,201.9858,5.7,111,4194.273007737369,0,325.0109416993985,540.8344932811771,1122.66,1
2021-10-01,white,monaragala,1253.25,0,32.333416,198.1,201.0899,7.6,111,4205.783731714643,0,341.70942717497815,525.0294721788102,1185.78,1
2021-11-01,white,monaragala,1303.2,1,29.171,381.3,201.8582,9.9,111,4281.430777278564,0,305.4244850053507,520.8265126454123,1244.32,1
2021-12-01,white,monaragala,1431.5,1,28.964064,120.4,201.399,12.1,121,4160.356358386883,0,301.96860323744056,512.5035588675639,1424.98,1
2022-01-01,white,monaragala,1546.6666666666667,1,29.115677,88.0,201.4647,14.2,121,4282.248385675064,0,313.4999741917654,493.6573616010683,1533.23,1
2022-02-01,white,monaragala,1633.3333333333333,1,30.43457,55.1,201.7362,15.1,176,4156.935789933586,1,314.5127509225904,534.2464431916032,1580.47,1
2022-03-01,white,monaragala,1875.0,1,31.85761,98.7,255.8081,18.7,176,4188.05259765668,1,328.10808273159785,543.6698733377985,1839.45,1
2022-04-01,white,monaragala,2170.0,0,31.579334,205.7,319.4404,29.8,289,4116.923996886552,1,329.6485163309746,519.2196096124491,2214.2,1
2022-05-01,white,monaragala,2620.75,0,33.09148,66.0,358.939,39.1,289,4204.329489373645,0,317.0451968197084,524.5799278491868,2429.95,1
2022-06-01,white,monaragala,2620.75,1,34.00433,66.4,360.2428,54.6,430,4182.424325797934,0,318.3185618141521,512.4398420196356,2429.95,1
2022-07-01,white,monaragala,2655.0,1,34.041485,155.5,360.8724,60.8,430,4241.516790827212,0,324.6769317176543,513.397598120671,2553.2,1
2022-08-01,white,monaragala,2790.0,1,32.583416,134.5,360.9983,64.3,430,4137.767264834429,0,298.64325786021305,541.2274192974627,2616.13,1
2022-09-01,white,monaragala,2790.75,0,33.992664,47.3,362.3826,69.8,415,4150.519758987071,0,316.11481546911114,542.0775468663252,2671.0,1
2022-10-01,white,monaragala,2884.0,0,31.456,309.1,363.1484,66.0,430,4186.363821512617,0,323.51448207541586,544.600011454383,2737.7,1
2022-11-01,white,monaragala,2845.6,1,29.404333,258.2,363.394,61.0,420,4164.357710866142,0,310.60096898891135,484.1221500426422,2702.04,1
2022-12-01,white,monaragala,2867.5,1,28.368902,208.20001,363.1652,57.2,420,4224.468728061396,0,324.7635776935622,543.8109718868719,2721.37,1
2023-01-01,white,monaragala,2878.0,1,28.252773,89.6,362.4228,51.7,405,4164.782815472862,0,311.328697842891,529.828589054404,2690.48,1
2023-02-01,white,monaragala,2878.0,1,28.548857,134.20001,361.9766,50.6,405,4114.491580367168,1,329.6539748459117,509.3566287374562,2690.48,1
2023-03-01,white,monaragala,2830.0,1,30.202774,128.9,329.4709,50.3,325,4107.956288433417,1,334.5246753447075,494.2338476507292,2734.6,1
2023-04-01,white,monaragala,2426.5,0,32.161,162.7,321.4244,35.3,310,4235.01549397045,1,316.7138152425102,512.4739855015001,2284.55,1
2023-05-01,white,monaragala,2318.8,0,32.588257,126.4,310.1639,25.2,310,4196.278328544998,0,331.1432169466887,539.556310993724,2312.32,1
2023-06-01,white,monaragala,2063.75,1,36.141,40.4,301.2612,12.0,308,4234.0750348686315,0,303.99096021523485,558.7030808012046,2146.8,1
2023-07-01,white,monaragala,2181.0,1,35.65761,56.2,319.2903,6.3,306,4213.352513293463,0,309.8490580817213,528.6954012911378,2238.64,1
2023-08-01,white,monaragala,2390.0,1,37.39632,28.1,321.5764,4.0,341,4211.7107366268265,0,297.88138088670496,495.2189459494671,2480.15,1
2023-09-01,white,monaragala,2382.5,0,32.327663,98.7,322.7693,1.3,351,4271.025212399492,0,307.06727042128836,526.9341995520984,2501.9,1
2023-10-01,white,monaragala,2305.0,0,29.896322,377.9,324.7303,1.5,356,4163.453498002904,0,327.44191971499936,546.2396747714789,2487.84,1
2023-11-01,white,monaragala,2343.75,1,29.261,554.2,328.25,3.4,329,4253.333734479458,0,325.84412980472484,541.3675866738803,2500.8,1
2023-12-01,white,monaragala,2415.0,1,28.373741,378.0,326.7423,4.0,358,4210.957516383197,0,324.3673855173351,511.69572464189457,2462.4,1
2024-01-01,white,monaragala,2444.0,1,28.746323,210.2,321.1706,6.4,363,4172.24002366534,0,324.6259129285395,489.1439696958071,2486.52,1
2024-02-01,white,monaragala,2374.25,1,30.873241,26.6,312.5801,5.9,363,4212.166972466134,1,326.5045009253614,524.2547955171532,2405.6,1
2024-03-01,white,monaragala,2311.6666666666665,1,33.393093,83.0,305.665,0.9,363,4197.992102467782,1,313.82746813453076,534.6276050514998,2379.93,1
2024-04-01,white,monaragala,2096.0,0,33.766,146.6,299.4232,1.5,333,4243.868114528784,1,325.0066572138121,502.98929442505914,2255.68,1
2024-05-01,white,monaragala,2107.5,0,32.87858,206.3,299.6923,0.9,317,4244.759661001387,0,322.61250531233856,517.1924988218933,2283.35,1
2024-06-01,white,monaragala,2107.5,1,33.490997,35.7,303.8121,1.7,317,4221.816183483702,0,331.1739881590246,484.2724906929063,2283.35,1
2024-07-01,white,monaragala,2107.5,1,35.27374,24.5,303.7559,2.4,317,4191.368635002959,0,313.499760655931,526.43357082753,2283.35,1
2024-08-01,white,monaragala,2107.5,1,32.86729,136.5,300.6683,0.5,307,4113.014311061095,0,308.7745519375559,519.778159921028,2283.35,1
2024-09-01,white,monaragala,2107.5,0,35.079334,110.600006,301.1505,-0.5,283,4183.918247439131,0,309.80335661307885,516.9935907945626,2283.35,1
2024-10-01,white,monaragala,2107.5,0,31.297934,200.9,293.7851,-0.8,283,4055.1872310903154,0,310.83808084518756,499.6824234602004,2283.35,1
2024-11-01,white,monaragala,2107.5,1,29.799334,462.5,292.0092,-2.1,286,4255.2762966478995,0,317.90686180420636,512.0464061277079,2283.35,1
2024-12-01,white,monaragala,2107.5,1,29.699547,303.0,291.6805,-1.7,286,4235.058637115545,0,320.25388420542413,527.5953527208179,2283.35,1
2025-01-01,white,monaragala,2107.5,1,27.714064,331.3,296.1796,-4.0,286,4249.0882743495795,0,332.4467958073679,492.0842159561503,2283.35,1
2025-02-01,white,monaragala,2107.5,1,30.348858,110.8,296.8034,-4.2,286,4195.0830186602625,1,324.2009449045184,543.8379866882715,2283.35,1
2025-03-01,white,monaragala,2107.5,1,30.788258,174.3,295.909,-2.6,286,4199.018110053666,1,324.32959825360695,512.138944858772,2283.35,1
2025-04-01,white,monaragala,2107.5,0,31.136,260.5,298.5312,-2.0,286,4262.387103633687,1,311.04653677636975,503.10117122813006,2283.35,1
2025-05-01,white,monaragala,2107.5,0,31.97858,54.9,299.4142,-0.7,274,4159.816271601513,0,332.2356888241863,537.7500793482811,2283.35,1
2025-06-01,white,monaragala,2107.5,1,34.036,35.5,299.9014,-0.6,274,4218.702828492379,0,313.64637611174373,503.3143637993075,2283.35,1
2025-07-01,white,monaragala,2107.5,1,35.081806,70.1,301.1217,-0.3,289,4145.384361766371,0,327.8905668737552,512.0560936770803,2283.35,1
2025-08-01,white,monaragala,2107.5,1,35.32697,60.199997,301.4891,1.2,289,4324.64997587164,0,338.0930634973311,504.5077005996284,2283.35,1
2025-09-01,white,monaragala,2107.5,0,35.010998,65.8,302.1955,1.5,283,4198.748652062743,0,325.5325121998478,510.2345231509691,2283.35,1
2025-10-01,white,monaragala,2107.5,0,32.44632,285.69998,302.9987,2.1,277,4229.99643649981,0,320.9534419944131,514.8039971846498,2283.35,1
2025-11-01,white,monaragala,2107.5,1,30.825563,398.6,302.9987,2.1,277,4131.656065079229,0,306.87780806568594,534.0140122424117,2283.35,1
2020-01-01,gr1,nuwaraeliya,570.0,1,20.404142,18.1,181.4036,5.7,104,4232.384426905035,0,301.9801956241998,527.7361704137841,581.81,1
2020-02-01,gr1,nuwaraeliya,531.5,1,21.228672,48.800003,181.5628,6.2,104,4188.711184975673,1,318.27053940076576,522.4709539191116,533.38,1
2020-03-01,gr1,nuwaraeliya,516.0,1,23.11221,22.8,185.0567,5.4,104,4236.92332899977,1,312.46582129653814,551.0832084142955,531.11,1
2020-04-01,gr1,nuwaraeliya,495.0,0,21.911833,191.5,193.0854,5.2,104,4248.7772563561175,1,316.77320161157866,504.8343586222482,512.35,1
2020-05-01,gr1,nuwaraeliya,520.5,0,20.270273,287.3,187.865,4.0,104,4204.588038826775,0,308.96791634278316,514.8764049500924,515.98,1
2020-06-01,gr1,nuwaraeliya,498.8,1,18.7885,110.2,185.9545,3.9,104,4213.052763608995,0,314.7138331825024,503.0314273161837,498.81,1
2020-07-01,gr1,nuwaraeliya,493.75,1,18.578337,172.3,185.8487,4.2,104,4198.264411514738,0,325.8857840442061,556.6511408695841,495.04,1
2020-08-01,gr1,nuwaraeliya,530.0,1,18.812208,231.5,184.8939,4.1,104,4277.496720250877,0,322.2468472575189,514.5201383634139,546.41,1
2020-09-01,gr1,nuwaraeliya,555.5,0,17.606833,318.6,185.0317,4.0,104,4214.6536236649345,0,319.9662554258905,497.9027441387496,577.39,1
2020-10-01,gr1,nuwaraeliya,541.0,0,18.700918,195.0,184.4379,4.0,104,4217.057598740832,0,317.7351590115017,529.1677340710297,562.98,1
2020-11-01,gr1,nuwaraeliya,531.0,1,19.451834,261.19998,184.4379,4.1,104,4210.70468720651,0,337.7225159666974,522.8251428017493,551.98,1
2020-12-01,gr1,nuwaraeliya,541.25,1,18.970274,224.8,187.1822,4.2,104,4256.77828200903,0,319.78632705651563,545.1429843372515,543.59,1
2021-01-01,gr1,nuwaraeliya,523.0,1,19.115435,320.19998,190.4918,3.0,104,4163.481668414143,0,311.8974756298562,551.5623611512436,522.04,1
2021-02-01,gr1,nuwaraeliya,506.25,1,20.173498,39.300003,194.0665,3.3,104,4220.249085548047,1,320.2079370767541,460.17728058198554,511.54,1
2021-03-01,gr1,nuwaraeliya,592.8,1,20.3235,92.4,196.9825,4.1,104,4177.997775665151,1,312.48208949904813,527.0500993671376,608.51,1
2021-04-01,gr1,nuwaraeliya,656.3333333333334,0,20.685167,260.4,197.423,3.9,104,4229.415860324229,1,310.44877420650647,500.79907409441074,684.43,1
2021-05-01,gr1,nuwaraeliya,651.0,0,19.481564,527.5,199.5847,4.5,111,4263.883244789421,0,317.04598589860973,531.1310624906752,671.86,1
2021-06-01,gr1,nuwaraeliya,730.0,1,18.755165,245.79999,199.8161,5.2,111,4139.2905693606135,0,336.1537568946944,543.0780146851149,751.81,1
2021-07-01,gr1,nuwaraeliya,733.3333333333334,1,18.260597,286.0,199.9778,5.7,111,4176.448084719083,0,306.5402031975325,508.2693746087213,749.55,1
2021-08-01,gr1,nuwaraeliya,725.0,1,18.055758,199.79999,200.4965,6.0,111,4220.085586104947,0,298.2733045398596,513.3427919123498,732.83,1
2021-09-01,gr1,nuwaraeliya,763.3333333333333,0,18.4585,199.7,201.9858,5.7,111,4093.8052137845098,0,316.506832038818,544.0106331694775,785.26,1
2021-10-01,gr1,nuwaraeliya,801.6666666666666,0,18.970274,301.8,201.0899,7.6,111,4170.031248852311,0,292.96767707000765,531.5971457059027,837.68,1
2021-11-01,gr1,nuwaraeliya,980.0,1,18.2335,297.1,201.8582,9.9,111,4303.037396244099,0,325.51485376040466,540.9741425283313,998.1,1
2021-12-01,gr1,nuwaraeliya,1108.75,1,19.46221,61.600002,201.399,12.1,121,4197.222615055169,0,323.1917451041918,499.576750848794,1117.54,1
2022-01-01,gr1,nuwaraeliya,1147.5,1,19.471886,61.899998,201.4647,14.2,121,4172.3175347326405,0,325.0872502322993,495.25146723554855,1142.21,1
2022-02-01,gr1,nuwaraeliya,1108.75,1,20.466356,49.100002,201.7362,15.1,176,4215.562507727177,1,309.09600922557155,504.9512952529393,1160.14,1
2022-03-01,gr1,nuwaraeliya,1427.5,1,21.192854,49.4,255.8081,18.7,176,4148.137692283677,1,309.7232485907404,489.2991950493528,1460.57,1
2022-04-01,gr1,nuwaraeliya,1623.3333333333333,0,20.4085,164.90001,319.4404,29.8,289,4237.769561291288,1,333.0434024287815,550.4647724342451,1744.73,1
2022-05-01,gr1,nuwaraeliya,1803.75,0,18.518661,371.4,358.939,39.1,289,4167.408194609892,0,314.07535740847106,498.5829516263112,1845.21,1
2022-06-01,gr1,nuwaraeliya,1803.75,1,18.301832,137.3,360.2428,54.6,430,4212.721042165061,0,331.7312463758664,525.9631693198105,1843.43,1
2022-07-01,gr1,nuwaraeliya,1825.0,1,18.041243,334.1,360.8724,60.8,430,4216.346368688208,0,327.47910256117535,515.6866472490474,1805.43,1
2022-08-01,gr1,nuwaraeliya,1790.0,1,17.783178,381.5,360.9983,64.3,430,4176.117127661744,0,323.08050539504103,514.2392225215584,1801.86,1
2022-09-01,gr1,nuwaraeliya,1762.5,0,18.7435,158.6,362.3826,69.8,415,4232.718282817703,0,322.2323891412916,555.2237624973475,1767.02,1
2022-10-01,gr1,nuwaraeliya,1782.5,0,18.326725,359.2,363.1484,66.0,430,4254.709575923547,0,312.2712233217639,508.2145669642139,1808.95,1
2022-11-01,gr1,nuwaraeliya,1786.0,1,18.936832,140.8,363.394,61.0,420,4188.4532734895665,0,311.1812534877228,514.3123070078698,1745.04,1
2022-12-01,gr1,nuwaraeliya,1772.5,1,18.133177,153.7,363.1652,57.2,420,4275.199649429134,0,317.3548515868939,559.0651827505313,1640.54,1
2023-01-01,gr1,nuwaraeliya,1724.0,1,18.878338,72.200005,362.4228,51.7,405,4187.9837300920935,0,347.5966003891108,542.1180084871462,1678.93,1
2023-02-01,gr1,nuwaraeliya,1724.0,1,19.543142,86.8,361.9766,50.6,405,4230.300497567282,1,306.54129076526783,518.0230959752139,1678.93,1
2023-03-01,gr1,nuwaraeliya,1660.0,1,20.19124,90.9,329.4709,50.3,325,4208.543271906397,1,321.97315707405596,528.5168731725965,1668.46,1
2023-04-01,gr1,nuwaraeliya,1387.5,0,21.353498,141.7,321.4244,35.3,310,4201.304552510542,1,326.22207144043404,507.7175486998337,1409.21,1
2023-05-01,gr1,nuwaraeliya,1449.2,0,20.533178,99.299995,310.1639,25.2,310,4328.00422691344,0,318.3720709392771,553.9144575562173,1414.43,1
2023-06-01,gr1,nuwaraeliya,1389.0,1,19.350166,98.2,301.2612,12.0,308,4133.232782064495,0,324.3847573880973,547.7269879452568,1332.7,1
2023-07-01,gr1,nuwaraeliya,1490.2,1,18.14608,210.3,319.2903,6.3,306,4246.914190298799,0,303.5681118884583,516.3369905789341,1460.24,1
2023-08-01,gr1,nuwaraeliya,1905.5,1,20.199305,102.0,321.5764,4.0,341,4253.274018753267,0,317.6598014089302,528.4878787572203,1915.91,1
2023-09-01,gr1,nuwaraeliya,1914.5,0,18.773499,264.9,322.7693,1.3,351,4249.216119923829,0,317.33347670765585,533.5789397552446,1925.25,1
2023-10-01,gr1,nuwaraeliya,1909.0,0,19.363823,489.4,324.7303,1.5,356,4223.57077781932,0,334.84116028535965,519.3543877790106,1935.31,1
2023-11-01,gr1,nuwaraeliya,1906.5,1,19.821833,572.2,328.25,3.4,329,4174.119435048191,0,333.21304032273014,494.59877822575936,1933.73,1
2023-12-01,gr1,nuwaraeliya,1849.5,1,19.376724,320.6,326.7423,4.0,358,4232.435494379482,0,336.17212574968624,490.41111553720555,1888.79,1
2024-01-01,gr1,nuwaraeliya,1874.2,1,19.965435,147.1,321.1706,6.4,363,4195.235223380652,0,309.2894632035095,516.4181342996769,1891.64,1
2024-02-01,gr1,nuwaraeliya,1740.5,1,20.818327,25.800001,312.5801,5.9,363,4090.059702168996,1,331.9410940304737,507.3142830462119,1809.61,1
2024-03-01,gr1,nuwaraeliya,1705.5,1,22.647694,43.600002,305.665,0.9,363,4137.4230287904775,1,310.01939372685587,528.1610569367351,1704.27,1
2024-04-01,gr1,nuwaraeliya,1566.2,0,23.030165,81.1,299.4232,1.5,333,4165.947417126256,1,324.39501230620226,526.7737463584338,1566.09,1
2024-05-01,gr1,nuwaraeliya,1620.0,0,20.713821,551.10004,299.6923,0.9,317,4210.419140397377,0,313.39678860526556,545.5078147599803,1576.39,1
2024-06-01,gr1,nuwaraeliya,1620.0,1,19.681831,263.4,303.8121,1.7,317,4173.238239421971,0,302.2376476710168,547.0440535773429,1576.39,1
2024-07-01,gr1,nuwaraeliya,1620.0,1,18.317049,208.5,303.7559,2.4,317,4230.675898636521,0,306.7395231391796,529.9374718101519,1576.39,1
2024-08-01,gr1,nuwaraeliya,1620.0,1,19.233175,205.5,300.6683,0.5,307,4121.180392150787,0,310.78140186874685,516.3699367572866,1576.39,1
2024-09-01,gr1,nuwaraeliya,1620.0,0,18.7735,164.0,301.1505,-0.5,283,4135.265926213955,0,322.71495310825645,524.5152304622351,1576.39,1
2024-10-01,gr1,nuwaraeliya,1620.0,0,19.310596,215.3,293.7851,-0.8,283,4221.502082359553,0,322.2530792204094,496.5553249312672,1576.39,1
2024-11-01,gr1,nuwaraeliya,1620.0,1,19.146832,471.0,292.0092,-2.1,286,4255.409140836876,0,312.8424001088925,495.6543461555904,1576.39,1
2024-12-01,gr1,nuwaraeliya,1620.0,1,19.900919,149.5,291.6805,-1.7,286,4142.849754363476,0,312.1401396736502,525.3858950516146,1576.39,1
2025-01-01,gr1,nuwaraeliya,1620.0,1,19.192854,276.5,296.1796,-4.0,286,4192.4972206483735,0,313.10272225935825,507.7135371180741,1576.39,1
2025-02-01,gr1,nuwaraeliya,1620.0,1,21.266357,52.2,296.8034,-4.2,286,4314.547128629537,1,324.8186606171849,516.0921929764595,1576.39,1
2025-03-01,gr1,nuwaraeliya,1620.0,1,21.299307,86.9,295.909,-2.6,286,4208.994707557674,1,308.69111564674085,489.34598880220136,1576.39,1
2025-04-01,gr1,nuwaraeliya,1620.0,0,20.526833,227.40001,298.5312,-2.0,286,4268.2070214986925,1,330.213832954294,534.2109820459557,1576.39,1
2025-05-01,gr1,nuwaraeliya,1620.0,0,19.518661,269.6,299.4142,-0.7,274,4158.232647337012,0,326.51136241823656,518.2512934244564,1576.39,1
2025-06-01,gr1,nuwaraeliya,1620.0,1,18.203499,277.19998,299.9014,-0.6,274,4172.3205879146,0,306.8075280540123,527.766240108469,1576.39,1
2025-07-01,gr1,nuwaraeliya,1620.0,1,17.770273,450.40002,301.1217,-0.3,289,4283.6286193418855,0,318.1547464234415,508.387033948921,1576.39,1
2025-08-01,gr1,nuwaraeliya,1620.0,1,18.313822,199.1,301.4891,1.2,289,4207.085845681995,0,324.097627959595,521.7339539882879,1576.39,1
2025-09-01,gr1,nuwaraeliya,1620.0,0,18.680166,166.9,302.1955,1.5,283,4204.091467927378,0,313.4791111140694,480.49024457565724,1576.39,1
2025-10-01,gr1,nuwaraeliya,1620.0,0,19.554144,269.6,302.9987,2.1,277,4227.890515317593,0,325.97228218253383,491.88873892287427,1576.39,1
2025-11-01,gr1,nuwaraeliya,1620.0,1,19.936543,253.1,302.9987,2.1,277,4189.327856453489,0,316.9795450051014,537.2444702377395,1576.39,1
2020-01-01,gr1,ratnapura,559.25,1,30.479452,37.600002,181.4036,5.7,104,4188.292331263833,0,327.59155160302646,560.2454089140153,581.81,1
2020-02-01,gr1,ratnapura,534.25,1,32.54024,70.0,181.5628,6.2,104,4128.762590689327,1,306.2809885706864,509.88506591476124,533.38,1
2020-03-01,gr1,ratnapura,512.5,1,33.248806,66.5,185.0567,5.4,104,4194.217585880588,1,313.22284630247896,528.2973100072383,531.11,1
2020-04-01,gr1,ratnapura,470.0,0,31.841333,283.7,193.0854,5.2,104,4190.717051166809,1,333.2819414184906,532.4542244780054,512.35,1
2020-05-01,gr1,ratnapura,471.75,0,29.802034,406.0,187.865,4.0,104,4189.016405608125,0,317.2318670011108,518.7647160027974,515.98,1
2020-06-01,gr1,ratnapura,481.0,1,29.358,354.9,185.9545,3.9,104,4188.270643331242,0,332.38283071433636,484.28267016131775,498.81,1
2020-07-01,gr1,ratnapura,484.25,1,28.876226,428.2,185.8487,4.2,104,4257.141140725751,0,323.94671529822983,529.6413345467078,495.04,1
2020-08-01,gr1,ratnapura,552.6,1,29.208485,331.8,184.8939,4.1,104,4183.896924189717,0,305.81634267066966,514.0032360745024,546.41,1
2020-09-01,gr1,ratnapura,584.75,0,28.063,492.19998,185.0317,4.0,104,4293.288725557238,0,315.46771950672724,544.3591830461112,577.39,1
2020-10-01,gr1,ratnapura,538.0,0,28.953646,231.1,184.4379,4.0,104,4241.359162451801,0,316.2779322392895,508.307645386856,562.98,1
2020-11-01,gr1,ratnapura,559.75,1,29.486334,403.89996,184.4379,4.1,104,4208.659046292559,0,315.4290374341373,535.3641443326347,551.98,1
2020-12-01,gr1,ratnapura,539.8,1,28.903645,188.7,187.1822,4.2,104,4232.56956256529,0,295.75759739727056,527.1690723641924,543.59,1
2021-01-01,gr1,ratnapura,523.5,1,28.911709,270.40002,190.4918,3.0,104,4202.27859199519,0,331.48637349428714,537.383091849938,522.04,1
2021-02-01,gr1,ratnapura,506.75,1,30.448,62.5,194.0665,3.3,104,4245.893097352739,1,318.1710355889516,487.39053512569717,511.54,1
2021-03-01,gr1,ratnapura,616.0,1,30.129452,267.1,196.9825,4.1,104,4272.063664453306,1,331.48445709196756,483.58793398902964,608.51,1
2021-04-01,gr1,ratnapura,705.0,0,30.303001,177.2,197.423,3.9,104,4168.86502400897,1,340.62524919243145,521.867447485533,684.43,1
2021-05-01,gr1,ratnapura,666.3333333333334,0,29.724613,602.8,199.5847,4.5,111,4227.354869058502,0,333.1759753560796,529.7207257883528,671.86,1
2021-06-01,gr1,ratnapura,768.0,1,28.783,378.5,199.8161,5.2,111,4239.583134698147,0,332.17158520825495,512.2295844963398,751.81,1
2021-07-01,gr1,ratnapura,728.0,1,28.921389,400.30002,199.9778,5.7,111,4127.595782925134,0,339.3892899905828,534.2921958127324,749.55,1
2021-08-01,gr1,ratnapura,722.0,1,28.413324,501.80002,200.4965,6.0,111,4179.938976405708,0,314.6467181404608,509.4133577510326,732.83,1
2021-09-01,gr1,ratnapura,781.625,0,28.664667,436.40002,201.9858,5.7,111,4162.043366922315,0,316.96820217165725,480.658605928257,785.26,1
2021-10-01,gr1,ratnapura,841.25,0,28.889128,406.2,201.0899,7.6,111,4202.349029688237,0,313.4592431687258,537.1111131804142,837.68,1
2021-11-01,gr1,ratnapura,1011.0,1,28.031334,538.0,201.8582,9.9,111,4187.551792576046,0,336.9505104043075,510.32877032306925,998.1,1
2021-12-01,gr1,ratnapura,1155.0,1,29.45526,184.8,201.399,12.1,121,4198.3652625952955,0,301.2482753035425,514.6471781820242,1117.54,1
2022-01-01,gr1,ratnapura,1178.5,1,30.40042,75.6,201.4647,14.2,121,4298.23625664582,0,328.9503831407612,546.5728165649646,1142.21,1
2022-02-01,gr1,ratnapura,1156.25,1,31.498,75.1,201.7362,15.1,176,4255.978745571729,1,319.0141186771574,509.9719570622873,1160.14,1
2022-03-01,gr1,ratnapura,1488.5,1,31.418161,91.700005,255.8081,18.7,176,4156.219087330762,1,311.338251517855,534.2542405772266,1460.57,1
2022-04-01,gr1,ratnapura,1822.5,0,30.036335,335.1,319.4404,29.8,289,4151.1222377600725,1,330.32546204341656,555.6359781754212,1744.73,1
2022-05-01,gr1,ratnapura,1846.5,0,28.613323,775.0,358.939,39.1,289,4156.979331735803,0,322.80161158819607,494.3908885799507,1845.21,1
2022-06-01,gr1,ratnapura,1846.5,1,28.598,301.1,360.2428,54.6,430,4179.406151693876,0,318.9269785599577,541.162366501743,1843.43,1
2022-07-01,gr1,ratnapura,1823.25,1,28.860098,326.6,360.8724,60.8,430,4241.470279059175,0,322.3924686411115,537.6281505784714,1805.43,1
2022-08-01,gr1,ratnapura,1789.2,1,28.324614,376.1,360.9983,64.3,430,4216.683105264347,0,322.69126941245105,470.2438268692984,1801.86,1
2022-09-01,gr1,ratnapura,1806.25,0,28.759668,232.0,362.3826,69.8,415,4213.998431315991,0,322.8555407485766,496.36251749158396,1767.02,1
2022-10-01,gr1,ratnapura,1840.0,0,28.019775,517.2,363.1484,66.0,430,4276.477515973031,0,310.28343265458716,536.6950265264976,1808.95,1
2022-11-01,gr1,ratnapura,1716.0,1,29.032999,269.6,363.394,61.0,420,4292.447804747268,0,312.5509735519355,533.5786258011856,1745.04,1
2022-12-01,gr1,ratnapura,1708.0,1,28.656872,202.0,363.1652,57.2,420,4254.575342596123,0,326.3541803020923,523.5550021253606,1640.54,1
2023-01-01,gr1,ratnapura,1742.4,1,29.037518,134.5,362.4228,51.7,405,4235.547998410175,0,314.910363742925,503.6756551091607,1678.93,1
2023-02-01,gr1,ratnapura,1742.4,1,29.698,162.20001,361.9766,50.6,405,4287.739709099218,1,315.23779126455344,469.3550782956063,1678.93,1
2023-03-01,gr1,ratnapura,1670.0,1,31.224613,95.8,329.4709,50.3,325,4200.9216966532695,1,316.8392714397295,484.47976491903194,1668.46,1
2023-04-01,gr1,ratnapura,1371.75,0,32.329666,193.5,321.4244,35.3,310,4163.712809342327,1,330.3911178742027,551.7725385608719,1409.21,1
2023-05-01,gr1,ratnapura,1395.4,0,29.75042,302.5,310.1639,25.2,310,4257.463666314284,0,309.9781254421853,523.1338745649305,1414.43,1
2023-06-01,gr1,ratnapura,1299.75,1,28.996334,388.5,301.2612,12.0,308,4230.529287264191,0,326.7286123596682,467.93725824345404,1332.7,1
2023-07-01,gr1,ratnapura,1502.0,1,29.011711,363.30002,319.2903,6.3,306,4204.806038847049,0,336.6147016572802,543.6128182490429,1460.24,1
2023-08-01,gr1,ratnapura,1970.0,1,30.010096,221.5,321.5764,4.0,341,4270.467372009279,0,329.873345165891,475.6636232129187,1915.91,1
2023-09-01,gr1,ratnapura,1944.0,0,28.536335,719.9,322.7693,1.3,351,4197.526814517379,0,325.8855326977072,519.0194131832393,1925.25,1
2023-10-01,gr1,ratnapura,1958.8,0,28.887516,704.3,324.7303,1.5,356,4231.646590887775,0,316.86941969476845,522.4615640331236,1935.31,1
2023-11-01,gr1,ratnapura,1919.0,1,29.326334,663.7,328.25,3.4,329,4199.178855196363,0,313.995764342613,503.360901650111,1933.73,1
2023-12-01,gr1,ratnapura,1877.25,1,29.30042,451.69998,326.7423,4.0,358,4207.335684321666,0,311.01215951676875,542.9288174080145,1888.79,1
2024-01-01,gr1,ratnapura,1946.2,1,29.943968,157.6,321.1706,6.4,363,4230.394825485827,0,331.92507512477977,533.8571151163562,1891.64,1
2024-02-01,gr1,ratnapura,1853.0,1,32.0799,43.0,312.5801,5.9,363,4174.897288782369,1,315.35595737690613,534.8837142063007,1809.61,1
2024-03-01,gr1,ratnapura,1610.75,1,33.903645,115.6,305.665,0.9,363,4195.892441080372,1,322.50200206251696,528.8954761566318,1704.27,1
2024-04-01,gr1,ratnapura,1570.6666666666667,0,33.254665,216.5,299.4232,1.5,333,4167.368801034881,1,324.57772866151885,537.446307600569,1566.09,1
2024-05-01,gr1,ratnapura,1568.0,0,30.19558,811.1,299.6923,0.9,317,4187.64113087397,0,324.2097294438939,530.667184894109,1576.39,1
2024-06-01,gr1,ratnapura,1568.0,1,29.344667,418.6,303.8121,1.7,317,4209.87998023462,0,309.7062849181793,520.7889409648147,1576.39,1
2024-07-01,gr1,ratnapura,1568.0,1,29.476225,350.5,303.7559,2.4,317,4187.131173128832,0,322.6028050658289,496.0060494326938,1576.39,1
2024-08-01,gr1,ratnapura,1568.0,1,29.014936,455.00003,300.6683,0.5,307,4269.004567707372,0,322.07267329398945,523.5695332777078,1576.39,1
2024-09-01,gr1,ratnapura,1568.0,0,29.334667,350.30002,301.1505,-0.5,283,4176.614939934406,0,323.40589216400497,500.492679454435,1576.39,1
2024-10-01,gr1,ratnapura,1568.0,0,28.785904,506.6,293.7851,-0.8,283,4211.9394579513255,0,318.6852740432833,508.9889613658302,1576.39,1
2024-11-01,gr1,ratnapura,1568.0,1,29.499666,405.90002,292.0092,-2.1,286,4230.638695253128,0,334.87246155335924,502.1442496901623,1576.39,1
2024-12-01,gr1,ratnapura,1568.0,1,30.482677,204.3,291.6805,-1.7,286,4142.682730349065,0,323.0381859560488,523.6500206119842,1576.39,1
2025-01-01,gr1,ratnapura,1568.0,1,29.802034,285.7,296.1796,-4.0,286,4191.3464087858065,0,334.43632003468815,539.5777911711356,1576.39,1
2025-02-01,gr1,ratnapura,1568.0,1,32.515858,98.5,296.8034,-4.2,286,4117.7300626521555,1,325.48883835317366,504.2132298856065,1576.39,1
2025-03-01,gr1,ratnapura,1568.0,1,32.142353,154.7,295.909,-2.6,286,4245.915830300116,1,310.73618870018464,526.0340001780347,1576.39,1
2025-04-01,gr1,ratnapura,1568.0,0,31.054667,339.5,298.5312,-2.0,286,4178.529722943737,1,304.1401668776204,527.5927929677193,1576.39,1
2025-05-01,gr1,ratnapura,1568.0,0,30.206871,374.7,299.4142,-0.7,274,4140.6200790485245,0,317.6537943004259,538.9918914272897,1576.39,1
2025-06-01,gr1,ratnapura,1568.0,1,29.329668,498.6,299.9014,-0.6,274,4281.419831156427,0,311.9996143560235,493.344452050407,1576.39,1
2025-07-01,gr1,ratnapura,1568.0,1,29.41655,484.5,301.1217,-0.3,289,4164.74940721208,0,297.9443394290093,518.1411158677282,1576.39,1
2025-08-01,gr1,ratnapura,1568.0,1,29.502031,328.0,301.4891,1.2,289,4219.665891969718,0,334.0336997012519,523.8315479238818,1576.39,1
2025-09-01,gr1,ratnapura,1568.0,0,29.634668,308.3,302.1955,1.5,283,4245.953824149388,0,312.15238091872294,478.6983390748736,1576.39,1
2025-10-01,gr1,ratnapura,1568.0,0,30.563322,350.7,302.9987,2.1,277,4134.408188382492,0,324.63206292099125,523.9736001909481,1576.39,1
2025-11-01,gr1,ratnapura,1568.0,1,30.390392,282.2,302.9987,2.1,277,4207.433372860106,0,327.318707042883,496.97692526894264,1576.39,1
