Month,Grade,Region,Regional_Price,National_Price,Seasonal_Impact,Indonesia_Price_in_USD,Madagascar_Price_in_USD,Tanzania_Price_in_USD,Local_Production_Volume,Local_Export_Volume,Global_Production_Volume,Temperature,Rainfall,Exchange_Rate,Inflation_Rate,Fuel_Price
1/1/2020,Clove,Kandy,1019.25,942.22,1,3.9,4.5,4.9,2013.2,156,10724,25.96,45.68,181.4036,5.7,104
1/1/2020,Clove,Matale,1008.25,942.22,1,3.9,4.5,4.9,2013.2,156,10724,25.96,45.68,181.4036,5.7,104
1/1/2020,Clove,Nuwaraeliya,949.50,942.22,1,3.9,4.5,4.9,2013.2,156,10724,25.96,45.68,181.4036,5.7,104
1/1/2020,Clove,Kegalle,1020.50,942.22,1,3.9,4.5,4.9,2013.2,156,10724,25.96,45.68,181.4036,5.7,104
1/1/2020,Clove,Ratnapura,903.00,942.22,1,3.9,4.5,4.9,2013.2,156,10724,25.96,45.68,181.4036,5.7,104
1/1/2020,Clove,Badulla,858.00,942.22,1,3.9,4.5,4.9,2013.2,156,10724,25.96,45.68,181.4036,5.7,104
1/1/2020,Clove,Kurunegala,936.75,942.22,1,3.9,4.5,4.9,2013.2,156,10724,25.96,45.68,181.4036,5.7,104
1/1/2020,Clove,Colombo,954.33,942.22,1,3.9,4.5,4.9,2013.2,156,10724,25.96,45.68,181.4036,5.7,104
1/1/2020,Clove,Gampaha,935.00,942.22,1,3.9,4.5,4.9,2013.2,156,10724,25.96,45.68,181.4036,5.7,104
1/1/2020,Clove,Kalutara,927.75,942.22,1,3.9,4.5,4.9,2013.2,156,10724,25.96,45.68,181.4036,5.7,104
1/1/2020,Clove,Galle,893.75,942.22,1,3.9,4.5,4.9,2013.2,156,10724,25.96,45.68,181.4036,5.7,104
1/1/2020,Clove,Matara,964.25,942.22,1,3.9,4.5,4.9,2013.2,156,10724,25.96,45.68,181.4036,5.7,104
1/1/2020,Clove,Hambantota,945.50,942.22,1,3.9,4.5,4.9,2013.2,156,10724,25.96,45.68,181.4036,5.7,104
1/1/2020,Clove,Monaragala,877.00,942.22,1,3.9,4.5,4.9,2013.2,156,10724,25.96,45.68,181.4036,5.7,104
1/1/2020,Stem,Kandy,93.00,82.35,1,3.9,4.5,4.9,2013.2,156,10724,25.96,45.68,181.4036,5.7,104
1/1/2020,Stem,Matale,94.50,82.35,1,3.9,4.5,4.9,2013.2,156,10724,25.96,45.68,181.4036,5.7,104
1/1/2020,Stem,Nuwaraeliya,79.33,82.35,1,3.9,4.5,4.9,2013.2,156,10724,25.96,45.68,181.4036,5.7,104
1/1/2020,Stem,Kegalle,89.00,82.35,1,3.9,4.5,4.9,2013.2,156,10724,25.96,45.68,181.4036,5.7,104
1/1/2020,Stem,Kurunegala,69.50,82.35,1,3.9,4.5,4.9,2013.2,156,10724,25.96,45.68,181.4036,5.7,104
1/1/2020,Stem,Gampaha,70.75,82.35,1,3.9,4.5,4.9,2013.2,156,10724,25.96,45.68,181.4036,5.7,104
1/1/2020,Stem,Matara,80.00,82.35,1,3.9,4.5,4.9,2013.2,156,10724,25.96,45.68,181.4036,5.7,104
2/1/2020,Clove,Kandy,972.50,946.73,1,3.85,4.45,4.85,0,467,12088,26.19,23.63,181.5628,6.2,104
2/1/2020,Clove,Matale,961.25,946.73,1,3.85,4.45,4.85,0,467,12088,26.19,23.63,181.5628,6.2,104
2/1/2020,Clove,Nuwaraeliya,938.75,946.73,1,3.85,4.45,4.85,0,467,12088,26.19,23.63,181.5628,6.2,104
2/1/2020,Clove,Kegalle,916.25,946.73,1,3.85,4.45,4.85,0,467,12088,26.19,23.63,181.5628,6.2,104
2/1/2020,Clove,Ratnapura,884.50,946.73,1,3.85,4.45,4.85,0,467,12088,26.19,23.63,181.5628,6.2,104
2/1/2020,Clove,Badulla,907.00,946.73,1,3.85,4.45,4.85,0,467,12088,26.19,23.63,181.5628,6.2,104
2/1/2020,Clove,Kurunegala,912.50,946.73,1,3.85,4.45,4.85,0,467,12088,26.19,23.63,181.5628,6.2,104
2/1/2020,Clove,Colombo,962.50,946.73,1,3.85,4.45,4.85,0,467,12088,26.19,23.63,181.5628,6.2,104
2/1/2020,Clove,Gampaha,962.50,946.73,1,3.85,4.45,4.85,0,467,12088,26.19,23.63,181.5628,6.2,104
2/1/2020,Clove,Kalutara,931.75,946.73,1,3.85,4.45,4.85,0,467,12088,26.19,23.63,181.5628,6.2,104
2/1/2020,Clove,Galle,987.50,946.73,1,3.85,4.45,4.85,0,467,12088,26.19,23.63,181.5628,6.2,104
2/1/2020,Clove,Matara,966.75,946.73,1,3.85,4.45,4.85,0,467,12088,26.19,23.63,181.5628,6.2,104
2/1/2020,Clove,Hambantota,1015.25,946.73,1,3.85,4.45,4.85,0,467,12088,26.19,23.63,181.5628,6.2,104
2/1/2020,Clove,Monaragala,935.25,946.73,1,3.85,4.45,4.85,0,467,12088,26.19,23.63,181.5628,6.2,104
2/1/2020,Stem,Kandy,96.00,82.72,1,3.85,4.45,4.85,0,467,12088,26.19,23.63,181.5628,6.2,104
2/1/2020,Stem,Matale,82.75,82.72,1,3.85,4.45,4.85,0,467,12088,26.19,23.63,181.5628,6.2,104
2/1/2020,Stem,Nuwaraeliya,96.00,82.72,1,3.85,4.45,4.85,0,467,12088,26.19,23.63,181.5628,6.2,104
2/1/2020,Stem,Kegalle,92.00,82.72,1,3.85,4.45,4.85,0,467,12088,26.19,23.63,181.5628,6.2,104
2/1/2020,Stem,Kurunegala,63.50,82.72,1,3.85,4.45,4.85,0,467,12088,26.19,23.63,181.5628,6.2,104
2/1/2020,Stem,Gampaha,66.75,82.72,1,3.85,4.45,4.85,0,467,12088,26.19,23.63,181.5628,6.2,104
2/1/2020,Stem,Matara,82.00,82.72,1,3.85,4.45,4.85,0,467,12088,26.19,23.63,181.5628,6.2,104
3/1/2020,Clove,Kandy,882.00,898.65,0,3.8,4.4,4.8,0,727,12289,27.61,21.74,185.0567,5.4,104
3/1/2020,Clove,Matale,915.00,898.65,0,3.8,4.4,4.8,0,727,12289,27.61,21.74,185.0567,5.4,104
3/1/2020,Clove,Nuwaraeliya,900.00,898.65,0,3.8,4.4,4.8,0,727,12289,27.61,21.74,185.0567,5.4,104
3/1/2020,Clove,Kegalle,824.50,898.65,0,3.8,4.4,4.8,0,727,12289,27.61,21.74,185.0567,5.4,104
3/1/2020,Clove,Ratnapura,862.50,898.65,0,3.8,4.4,4.8,0,727,12289,27.61,21.74,185.0567,5.4,104
3/1/2020,Clove,Badulla,881.00,898.65,0,3.8,4.4,4.8,0,727,12289,27.61,21.74,185.0567,5.4,104
3/1/2020,Clove,Kurunegala,858.50,898.65,0,3.8,4.4,4.8,0,727,12289,27.61,21.74,185.0567,5.4,104
3/1/2020,Clove,Colombo,950.00,898.65,0,3.8,4.4,4.8,0,727,12289,27.61,21.74,185.0567,5.4,104
3/1/2020,Clove,Gampaha,940.00,898.65,0,3.8,4.4,4.8,0,727,12289,27.61,21.74,185.0567,5.4,104
3/1/2020,Clove,Kalutara,967.00,898.65,0,3.8,4.4,4.8,0,727,12289,27.61,21.74,185.0567,5.4,104
3/1/2020,Clove,Galle,887.50,898.65,0,3.8,4.4,4.8,0,727,12289,27.61,21.74,185.0567,5.4,104
3/1/2020,Clove,Matara,925.50,898.65,0,3.8,4.4,4.8,0,727,12289,27.61,21.74,185.0567,5.4,104
3/1/2020,Clove,Hambantota,900.00,898.65,0,3.8,4.4,4.8,0,727,12289,27.61,21.74,185.0567,5.4,104
3/1/2020,Clove,Monaragala,887.50,898.65,0,3.8,4.4,4.8,0,727,12289,27.61,21.74,185.0567,5.4,104
3/1/2020,Stem,Kandy,97.50,82.27,0,3.8,4.4,4.8,0,727,12289,27.61,21.74,185.0567,5.4,104
3/1/2020,Stem,Matale,65.00,82.27,0,3.8,4.4,4.8,0,727,12289,27.61,21.74,185.0567,5.4,104
3/1/2020,Stem,Nuwaraeliya,95.00,82.27,0,3.8,4.4,4.8,0,727,12289,27.61,21.74,185.0567,5.4,104
3/1/2020,Stem,Kegalle,102.50,82.27,0,3.8,4.4,4.8,0,727,12289,27.61,21.74,185.0567,5.4,104
3/1/2020,Stem,Kurunegala,67.00,82.27,0,3.8,4.4,4.8,0,727,12289,27.61,21.74,185.0567,5.4,104
3/1/2020,Stem,Gampaha,68.50,82.27,0,3.8,4.4,4.8,0,727,12289,27.61,21.74,185.0567,5.4,104
3/1/2020,Stem,Matara,87.00,82.27,0,3.8,4.4,4.8,0,727,12289,27.61,21.74,185.0567,5.4,104
4/1/2020,Clove,Kandy,805.50,829.24,0,3.7,4.3,4.75,0,571,6192,28.87,108.92,193.0854,5.2,104
4/1/2020,Clove,Matale,722.50,829.24,0,3.7,4.3,4.75,0,571,6192,28.87,108.92,193.0854,5.2,104
4/1/2020,Clove,Nuwaraeliya,700.00,829.24,0,3.7,4.3,4.75,0,571,6192,28.87,108.92,193.0854,5.2,104
4/1/2020,Clove,Kegalle,712.50,829.24,0,3.7,4.3,4.75,0,571,6192,28.87,108.92,193.0854,5.2,104
4/1/2020,Clove,Ratnapura,862.50,829.24,0,3.7,4.3,4.75,0,571,6192,28.87,108.92,193.0854,5.2,104
4/1/2020,Clove,Badulla,818.50,829.24,0,3.7,4.3,4.75,0,571,6192,28.87,108.92,193.0854,5.2,104
4/1/2020,Clove,Kurunegala,875.00,829.24,0,3.7,4.3,4.75,0,571,6192,28.87,108.92,193.0854,5.2,104
4/1/2020,Clove,Colombo,829.24,829.24,0,3.7,4.3,4.75,0,571,6192,28.87,108.92,193.0854,5.2,104
4/1/2020,Clove,Gampaha,829.24,829.24,0,3.7,4.3,4.75,0,571,6192,28.87,108.92,193.0854,5.2,104
4/1/2020,Clove,Kalutara,829.24,829.24,0,3.7,4.3,4.75,0,571,6192,28.87,108.92,193.0854,5.2,104
4/1/2020,Clove,Galle,862.50,829.24,0,3.7,4.3,4.75,0,571,6192,28.87,108.92,193.0854,5.2,104
4/1/2020,Clove,Matara,855.00,829.24,0,3.7,4.3,4.75,0,571,6192,28.87,108.92,193.0854,5.2,104
4/1/2020,Clove,Hambantota,862.50,829.24,0,3.7,4.3,4.75,0,571,6192,28.87,108.92,193.0854,5.2,104
4/1/2020,Clove,Monaragala,875.00,829.24,0,3.7,4.3,4.75,0,571,6192,28.87,108.92,193.0854,5.2,104
4/1/2020,Stem,Kandy,99.00,86.95,0,3.7,4.3,4.75,0,571,6192,28.87,108.92,193.0854,5.2,104
4/1/2020,Stem,Matale,80.50,86.95,0,3.7,4.3,4.75,0,571,6192,28.87,108.92,193.0854,5.2,104
4/1/2020,Stem,Nuwaraeliya,88.00,86.95,0,3.7,4.3,4.75,0,571,6192,28.87,108.92,193.0854,5.2,104
4/1/2020,Stem,Kegalle,101.00,86.95,0,3.7,4.3,4.75,0,571,6192,28.87,108.92,193.0854,5.2,104
4/1/2020,Stem,Kurunegala,67.00,86.95,0,3.7,4.3,4.75,0,571,6192,28.87,108.92,193.0854,5.2,104
4/1/2020,Stem,Gampaha,86.95,86.95,0,3.7,4.3,4.75,0,571,6192,28.87,108.92,193.0854,5.2,104
4/1/2020,Stem,Matara,85.50,86.95,0,3.7,4.3,4.75,0,571,6192,28.87,108.92,193.0854,5.2,104
5/1/2020,Clove,Kandy,789.00,843.36,0,3.65,4.25,4.75,0,260,0,28.68,196.94,187.865,4,104
5/1/2020,Clove,Matale,784.75,843.36,0,3.65,4.25,4.75,0,260,0,28.68,196.94,187.865,4,104
5/1/2020,Clove,Nuwaraeliya,784.25,843.36,0,3.65,4.25,4.75,0,260,0,28.68,196.94,187.865,4,104
5/1/2020,Clove,Kegalle,766.50,843.36,0,3.65,4.25,4.75,0,260,0,28.68,196.94,187.865,4,104
5/1/2020,Clove,Ratnapura,843.75,843.36,0,3.65,4.25,4.75,0,260,0,28.68,196.94,187.865,4,104
5/1/2020,Clove,Badulla,846.50,843.36,0,3.65,4.25,4.75,0,260,0,28.68,196.94,187.865,4,104
5/1/2020,Clove,Kurunegala,854.25,843.36,0,3.65,4.25,4.75,0,260,0,28.68,196.94,187.865,4,104
5/1/2020,Clove,Colombo,843.36,843.36,0,3.65,4.25,4.75,0,260,0,28.68,196.94,187.865,4,104
5/1/2020,Clove,Gampaha,843.36,843.36,0,3.65,4.25,4.75,0,260,0,28.68,196.94,187.865,4,104
5/1/2020,Clove,Kalutara,961.67,843.36,0,3.65,4.25,4.75,0,260,0,28.68,196.94,187.865,4,104
5/1/2020,Clove,Galle,952.50,843.36,0,3.65,4.25,4.75,0,260,0,28.68,196.94,187.865,4,104
5/1/2020,Clove,Matara,847.00,843.36,0,3.65,4.25,4.75,0,260,0,28.68,196.94,187.865,4,104
5/1/2020,Clove,Hambantota,874.50,843.36,0,3.65,4.25,4.75,0,260,0,28.68,196.94,187.865,4,104
5/1/2020,Clove,Monaragala,893.75,843.36,0,3.65,4.25,4.75,0,260,0,28.68,196.94,187.865,4,104
5/1/2020,Stem,Kandy,99.00,85.75,0,3.65,4.25,4.75,0,260,0,28.68,196.94,187.865,4,104
5/1/2020,Stem,Matale,84.00,85.75,0,3.65,4.25,4.75,0,260,0,28.68,196.94,187.865,4,104
5/1/2020,Stem,Nuwaraeliya,90.50,85.75,0,3.65,4.25,4.75,0,260,0,28.68,196.94,187.865,4,104
5/1/2020,Stem,Kegalle,89.50,85.75,0,3.65,4.25,4.75,0,260,0,28.68,196.94,187.865,4,104
5/1/2020,Stem,Kurunegala,67.00,85.75,0,3.65,4.25,4.75,0,260,0,28.68,196.94,187.865,4,104
5/1/2020,Stem,Gampaha,85.75,85.75,0,3.65,4.25,4.75,0,260,0,28.68,196.94,187.865,4,104
5/1/2020,Stem,Matara,84.50,85.75,0,3.65,4.25,4.75,0,260,0,28.68,196.94,187.865,4,104
6/1/2020,Clove,Kandy,794.80,834.59,0,3.6,4.2,4.7,0,130,3522,28.17,91.65,185.9545,3.9,104
6/1/2020,Clove,Matale,782.80,834.59,0,3.6,4.2,4.7,0,130,3522,28.17,91.65,185.9545,3.9,104
6/1/2020,Clove,Nuwaraeliya,738.80,834.59,0,3.6,4.2,4.7,0,130,3522,28.17,91.65,185.9545,3.9,104
6/1/2020,Clove,Kegalle,756.20,834.59,0,3.6,4.2,4.7,0,130,3522,28.17,91.65,185.9545,3.9,104
6/1/2020,Clove,Ratnapura,758.40,834.59,0,3.6,4.2,4.7,0,130,3522,28.17,91.65,185.9545,3.9,104
6/1/2020,Clove,Badulla,820.60,834.59,0,3.6,4.2,4.7,0,130,3522,28.17,91.65,185.9545,3.9,104
6/1/2020,Clove,Kurunegala,834.60,834.59,0,3.6,4.2,4.7,0,130,3522,28.17,91.65,185.9545,3.9,104
6/1/2020,Clove,Colombo,982.60,834.59,0,3.6,4.2,4.7,0,130,3522,28.17,91.65,185.9545,3.9,104
6/1/2020,Clove,Gampaha,864.00,834.59,0,3.6,4.2,4.7,0,130,3522,28.17,91.65,185.9545,3.9,104
6/1/2020,Clove,Kalutara,973.80,834.59,0,3.6,4.2,4.7,0,130,3522,28.17,91.65,185.9545,3.9,104
6/1/2020,Clove,Galle,885.00,834.59,0,3.6,4.2,4.7,0,130,3522,28.17,91.65,185.9545,3.9,104
6/1/2020,Clove,Matara,849.60,834.59,0,3.6,4.2,4.7,0,130,3522,28.17,91.65,185.9545,3.9,104
6/1/2020,Clove,Hambantota,813.00,834.59,0,3.6,4.2,4.7,0,130,3522,28.17,91.65,185.9545,3.9,104
6/1/2020,Clove,Monaragala,850.00,834.59,0,3.6,4.2,4.7,0,130,3522,28.17,91.65,185.9545,3.9,104
6/1/2020,Stem,Kandy,95.80,82.52,0,3.6,4.2,4.7,0,130,3522,28.17,91.65,185.9545,3.9,104
6/1/2020,Stem,Matale,81.40,82.52,0,3.6,4.2,4.7,0,130,3522,28.17,91.65,185.9545,3.9,104
6/1/2020,Stem,Nuwaraeliya,89.00,82.52,0,3.6,4.2,4.7,0,130,3522,28.17,91.65,185.9545,3.9,104
6/1/2020,Stem,Kegalle,91.80,82.52,0,3.6,4.2,4.7,0,130,3522,28.17,91.65,185.9545,3.9,104
6/1/2020,Stem,Kurunegala,65.40,82.52,0,3.6,4.2,4.7,0,130,3522,28.17,91.65,185.9545,3.9,104
6/1/2020,Stem,Gampaha,71.20,82.52,0,3.6,4.2,4.7,0,130,3522,28.17,91.65,185.9545,3.9,104
6/1/2020,Stem,Matara,83.00,82.52,0,3.6,4.2,4.7,0,130,3522,28.17,91.65,185.9545,3.9,104
7/1/2020,Clove,Kandy,844.25,845.52,0,3.65,4.25,4.8,0,52,15224,27.34,117.14,185.8487,4.2,104
7/1/2020,Clove,Matale,828.75,845.52,0,3.65,4.25,4.8,0,52,15224,27.34,117.14,185.8487,4.2,104
7/1/2020,Clove,Nuwaraeliya,801.75,845.52,0,3.65,4.25,4.8,0,52,15224,27.34,117.14,185.8487,4.2,104
7/1/2020,Clove,Kegalle,774.75,845.52,0,3.65,4.25,4.8,0,52,15224,27.34,117.14,185.8487,4.2,104
7/1/2020,Clove,Ratnapura,800.00,845.52,0,3.65,4.25,4.8,0,52,15224,27.34,117.14,185.8487,4.2,104
7/1/2020,Clove,Badulla,783.25,845.52,0,3.65,4.25,4.8,0,52,15224,27.34,117.14,185.8487,4.2,104
7/1/2020,Clove,Kurunegala,837.50,845.52,0,3.65,4.25,4.8,0,52,15224,27.34,117.14,185.8487,4.2,104
7/1/2020,Clove,Colombo,875.25,845.52,0,3.65,4.25,4.8,0,52,15224,27.34,117.14,185.8487,4.2,104
7/1/2020,Clove,Gampaha,797.50,845.52,0,3.65,4.25,4.8,0,52,15224,27.34,117.14,185.8487,4.2,104
7/1/2020,Clove,Kalutara,1082.75,845.52,0,3.65,4.25,4.8,0,52,15224,27.34,117.14,185.8487,4.2,104
7/1/2020,Clove,Galle,825.00,845.52,0,3.65,4.25,4.8,0,52,15224,27.34,117.14,185.8487,4.2,104
7/1/2020,Clove,Matara,855.25,845.52,0,3.65,4.25,4.8,0,52,15224,27.34,117.14,185.8487,4.2,104
7/1/2020,Clove,Hambantota,875.00,845.52,0,3.65,4.25,4.8,0,52,15224,27.34,117.14,185.8487,4.2,104
7/1/2020,Clove,Monaragala,856.25,845.52,0,3.65,4.25,4.8,0,52,15224,27.34,117.14,185.8487,4.2,104
7/1/2020,Stem,Kandy,99.50,81.22,0,3.65,4.25,4.8,0,52,15224,27.34,117.14,185.8487,4.2,104
7/1/2020,Stem,Matale,81.75,81.22,0,3.65,4.25,4.8,0,52,15224,27.34,117.14,185.8487,4.2,104
7/1/2020,Stem,Nuwaraeliya,88.00,81.22,0,3.65,4.25,4.8,0,52,15224,27.34,117.14,185.8487,4.2,104
7/1/2020,Stem,Kegalle,84.00,81.22,0,3.65,4.25,4.8,0,52,15224,27.34,117.14,185.8487,4.2,104
7/1/2020,Stem,Kurunegala,65.00,81.22,0,3.65,4.25,4.8,0,52,15224,27.34,117.14,185.8487,4.2,104
7/1/2020,Stem,Gampaha,65.75,81.22,0,3.65,4.25,4.8,0,52,15224,27.34,117.14,185.8487,4.2,104
7/1/2020,Stem,Matara,85.00,81.22,0,3.65,4.25,4.8,0,52,15224,27.34,117.14,185.8487,4.2,104
8/1/2020,Clove,Kandy,898.60,874.26,0,3.7,4.3,4.85,0,52,16389,27.67,66.31,184.8939,4.1,104
8/1/2020,Clove,Matale,901.60,874.26,0,3.7,4.3,4.85,0,52,16389,27.67,66.31,184.8939,4.1,104
8/1/2020,Clove,Nuwaraeliya,859.40,874.26,0,3.7,4.3,4.85,0,52,16389,27.67,66.31,184.8939,4.1,104
8/1/2020,Clove,Kegalle,853.00,874.26,0,3.7,4.3,4.85,0,52,16389,27.67,66.31,184.8939,4.1,104
8/1/2020,Clove,Ratnapura,862.00,874.26,0,3.7,4.3,4.85,0,52,16389,27.67,66.31,184.8939,4.1,104
8/1/2020,Clove,Badulla,794.60,874.26,0,3.7,4.3,4.85,0,52,16389,27.67,66.31,184.8939,4.1,104
8/1/2020,Clove,Kurunegala,830.20,874.26,0,3.7,4.3,4.85,0,52,16389,27.67,66.31,184.8939,4.1,104
8/1/2020,Clove,Colombo,903.25,874.26,0,3.7,4.3,4.85,0,52,16389,27.67,66.31,184.8939,4.1,104
8/1/2020,Clove,Gampaha,862.00,874.26,0,3.7,4.3,4.85,0,52,16389,27.67,66.31,184.8939,4.1,104
8/1/2020,Clove,Kalutara,994.60,874.26,0,3.7,4.3,4.85,0,52,16389,27.67,66.31,184.8939,4.1,104
8/1/2020,Clove,Galle,850.00,874.26,0,3.7,4.3,4.85,0,52,16389,27.67,66.31,184.8939,4.1,104
8/1/2020,Clove,Matara,875.80,874.26,0,3.7,4.3,4.85,0,52,16389,27.67,66.31,184.8939,4.1,104
8/1/2020,Clove,Hambantota,900.00,874.26,0,3.7,4.3,4.85,0,52,16389,27.67,66.31,184.8939,4.1,104
8/1/2020,Clove,Monaragala,855.00,874.26,0,3.7,4.3,4.85,0,52,16389,27.67,66.31,184.8939,4.1,104
8/1/2020,Stem,Kandy,99.60,82.80,0,3.7,4.3,4.85,0,52,16389,27.67,66.31,184.8939,4.1,104
8/1/2020,Stem,Matale,88.20,82.80,0,3.7,4.3,4.85,0,52,16389,27.67,66.31,184.8939,4.1,104
8/1/2020,Stem,Nuwaraeliya,92.60,82.80,0,3.7,4.3,4.85,0,52,16389,27.67,66.31,184.8939,4.1,104
8/1/2020,Stem,Kegalle,83.00,82.80,0,3.7,4.3,4.85,0,52,16389,27.67,66.31,184.8939,4.1,104
8/1/2020,Stem,Kurunegala,64.00,82.80,0,3.7,4.3,4.85,0,52,16389,27.67,66.31,184.8939,4.1,104
8/1/2020,Stem,Gampaha,69.20,82.80,0,3.7,4.3,4.85,0,52,16389,27.67,66.31,184.8939,4.1,104
8/1/2020,Stem,Matara,83.00,82.80,0,3.7,4.3,4.85,0,52,16389,27.67,66.31,184.8939,4.1,104
9/1/2020,Clove,Kandy,892.00,875.16,0,3.7,4.35,4.9,0,39,24089,27.18,180.47,185.0317,4,104
9/1/2020,Clove,Matale,894.75,875.16,0,3.7,4.35,4.9,0,39,24089,27.18,180.47,185.0317,4,104
9/1/2020,Clove,Nuwaraeliya,883.75,875.16,0,3.7,4.35,4.9,0,39,24089,27.18,180.47,185.0317,4,104
9/1/2020,Clove,Kegalle,874.75,875.16,0,3.7,4.35,4.9,0,39,24089,27.18,180.47,185.0317,4,104
9/1/2020,Clove,Ratnapura,786.00,875.16,0,3.7,4.35,4.9,0,39,24089,27.18,180.47,185.0317,4,104
9/1/2020,Clove,Badulla,822.50,875.16,0,3.7,4.35,4.9,0,39,24089,27.18,180.47,185.0317,4,104
9/1/2020,Clove,Kurunegala,853.25,875.16,0,3.7,4.35,4.9,0,39,24089,27.18,180.47,185.0317,4,104
9/1/2020,Clove,Colombo,919.00,875.16,0,3.7,4.35,4.9,0,39,24089,27.18,180.47,185.0317,4,104
9/1/2020,Clove,Gampaha,910.00,875.16,0,3.7,4.35,4.9,0,39,24089,27.18,180.47,185.0317,4,104
9/1/2020,Clove,Kalutara,934.75,875.16,0,3.7,4.35,4.9,0,39,24089,27.18,180.47,185.0317,4,104
9/1/2020,Clove,Galle,856.25,875.16,0,3.7,4.35,4.9,0,39,24089,27.18,180.47,185.0317,4,104
9/1/2020,Clove,Matara,876.50,875.16,0,3.7,4.35,4.9,0,39,24089,27.18,180.47,185.0317,4,104
9/1/2020,Clove,Hambantota,842.50,875.16,0,3.7,4.35,4.9,0,39,24089,27.18,180.47,185.0317,4,104
9/1/2020,Clove,Monaragala,906.25,875.16,0,3.7,4.35,4.9,0,39,24089,27.18,180.47,185.0317,4,104
9/1/2020,Stem,Kandy,102.00,83.25,0,3.7,4.35,4.9,0,39,24089,27.18,180.47,185.0317,4,104
9/1/2020,Stem,Matale,94.00,83.25,0,3.7,4.35,4.9,0,39,24089,27.18,180.47,185.0317,4,104
9/1/2020,Stem,Nuwaraeliya,95.25,83.25,0,3.7,4.35,4.9,0,39,24089,27.18,180.47,185.0317,4,104
9/1/2020,Stem,Kegalle,81.25,83.25,0,3.7,4.35,4.9,0,39,24089,27.18,180.47,185.0317,4,104
9/1/2020,Stem,Kurunegala,67.00,83.25,0,3.7,4.35,4.9,0,39,24089,27.18,180.47,185.0317,4,104
9/1/2020,Stem,Gampaha,63.75,83.25,0,3.7,4.35,4.9,0,39,24089,27.18,180.47,185.0317,4,104
9/1/2020,Stem,Matara,87.00,83.25,0,3.7,4.35,4.9,0,39,24089,27.18,180.47,185.0317,4,104
10/1/2020,Clove,Kandy,838.25,856.56,0,3.75,4.4,4.95,0,39,36211,27.46,83.98,184.4379,4,104
10/1/2020,Clove,Matale,843.00,856.56,0,3.75,4.4,4.95,0,39,36211,27.46,83.98,184.4379,4,104
10/1/2020,Clove,Nuwaraeliya,800.25,856.56,0,3.75,4.4,4.95,0,39,36211,27.46,83.98,184.4379,4,104
10/1/2020,Clove,Kegalle,803.75,856.56,0,3.75,4.4,4.95,0,39,36211,27.46,83.98,184.4379,4,104
10/1/2020,Clove,Ratnapura,851.25,856.56,0,3.75,4.4,4.95,0,39,36211,27.46,83.98,184.4379,4,104
10/1/2020,Clove,Badulla,825.75,856.56,0,3.75,4.4,4.95,0,39,36211,27.46,83.98,184.4379,4,104
10/1/2020,Clove,Kurunegala,845.00,856.56,0,3.75,4.4,4.95,0,39,36211,27.46,83.98,184.4379,4,104
10/1/2020,Clove,Colombo,947.00,856.56,0,3.75,4.4,4.95,0,39,36211,27.46,83.98,184.4379,4,104
10/1/2020,Clove,Gampaha,820.00,856.56,0,3.75,4.4,4.95,0,39,36211,27.46,83.98,184.4379,4,104
10/1/2020,Clove,Kalutara,946.75,856.56,0,3.75,4.4,4.95,0,39,36211,27.46,83.98,184.4379,4,104
10/1/2020,Clove,Galle,855.00,856.56,0,3.75,4.4,4.95,0,39,36211,27.46,83.98,184.4379,4,104
10/1/2020,Clove,Matara,884.75,856.56,0,3.75,4.4,4.95,0,39,36211,27.46,83.98,184.4379,4,104
10/1/2020,Clove,Hambantota,825.25,856.56,0,3.75,4.4,4.95,0,39,36211,27.46,83.98,184.4379,4,104
10/1/2020,Clove,Monaragala,875.00,856.56,0,3.75,4.4,4.95,0,39,36211,27.46,83.98,184.4379,4,104
10/1/2020,Stem,Kandy,100.75,88.68,0,3.75,4.4,4.95,0,39,36211,27.46,83.98,184.4379,4,104
10/1/2020,Stem,Matale,98.25,88.68,0,3.75,4.4,4.95,0,39,36211,27.46,83.98,184.4379,4,104
10/1/2020,Stem,Nuwaraeliya,92.00,88.68,0,3.75,4.4,4.95,0,39,36211,27.46,83.98,184.4379,4,104
10/1/2020,Stem,Kegalle,84.50,88.68,0,3.75,4.4,4.95,0,39,36211,27.46,83.98,184.4379,4,104
10/1/2020,Stem,Kurunegala,67.00,88.68,0,3.75,4.4,4.95,0,39,36211,27.46,83.98,184.4379,4,104
10/1/2020,Stem,Gampaha,55.00,88.68,0,3.75,4.4,4.95,0,39,36211,27.46,83.98,184.4379,4,104
10/1/2020,Stem,Matara,84.50,88.68,0,3.75,4.4,4.95,0,39,36211,27.46,83.98,184.4379,4,104
11/1/2020,Clove,Kandy,839.00,836.01,0,3.8,4.45,5,1426.5,52,30523,26.84,317.73,184.4379,4.1,104
11/1/2020,Clove,Matale,806.00,836.01,0,3.8,4.45,5,1426.5,52,30523,26.84,317.73,184.4379,4.1,104
11/1/2020,Clove,Nuwaraeliya,805.50,836.01,0,3.8,4.45,5,1426.5,52,30523,26.84,317.73,184.4379,4.1,104
11/1/2020,Clove,Kegalle,774.75,836.01,0,3.8,4.45,5,1426.5,52,30523,26.84,317.73,184.4379,4.1,104
11/1/2020,Clove,Ratnapura,902.75,836.01,0,3.8,4.45,5,1426.5,52,30523,26.84,317.73,184.4379,4.1,104
11/1/2020,Clove,Badulla,738.50,836.01,0,3.8,4.45,5,1426.5,52,30523,26.84,317.73,184.4379,4.1,104
11/1/2020,Clove,Kurunegala,811.33,836.01,0,3.8,4.45,5,1426.5,52,30523,26.84,317.73,184.4379,4.1,104
11/1/2020,Clove,Colombo,885.13,836.01,0,3.8,4.45,5,1426.5,52,30523,26.84,317.73,184.4379,4.1,104
11/1/2020,Clove,Gampaha,861.25,836.01,0,3.8,4.45,5,1426.5,52,30523,26.84,317.73,184.4379,4.1,104
11/1/2020,Clove,Kalutara,926.67,836.01,0,3.8,4.45,5,1426.5,52,30523,26.84,317.73,184.4379,4.1,104
11/1/2020,Clove,Galle,812.50,836.01,0,3.8,4.45,5,1426.5,52,30523,26.84,317.73,184.4379,4.1,104
11/1/2020,Clove,Matara,913.25,836.01,0,3.8,4.45,5,1426.5,52,30523,26.84,317.73,184.4379,4.1,104
11/1/2020,Clove,Hambantota,865.00,836.01,0,3.8,4.45,5,1426.5,52,30523,26.84,317.73,184.4379,4.1,104
11/1/2020,Clove,Monaragala,856.25,836.01,0,3.8,4.45,5,1426.5,52,30523,26.84,317.73,184.4379,4.1,104
11/1/2020,Stem,Kandy,100.00,84.21,0,3.8,4.45,5,1426.5,52,30523,26.84,317.73,184.4379,4.1,104
11/1/2020,Stem,Matale,91.25,84.21,0,3.8,4.45,5,1426.5,52,30523,26.84,317.73,184.4379,4.1,104
11/1/2020,Stem,Nuwaraeliya,87.50,84.21,0,3.8,4.45,5,1426.5,52,30523,26.84,317.73,184.4379,4.1,104
11/1/2020,Stem,Kegalle,75.75,84.21,0,3.8,4.45,5,1426.5,52,30523,26.84,317.73,184.4379,4.1,104
11/1/2020,Stem,Kurunegala,65.67,84.21,0,3.8,4.45,5,1426.5,52,30523,26.84,317.73,184.4379,4.1,104
11/1/2020,Stem,Gampaha,63.50,84.21,0,3.8,4.45,5,1426.5,52,30523,26.84,317.73,184.4379,4.1,104
11/1/2020,Stem,Matara,80.50,84.21,0,3.8,4.45,5,1426.5,52,30523,26.84,317.73,184.4379,4.1,104
12/1/2020,Clove,Kandy,822.60,813.30,1,3.85,4.5,5.05,2567.7,52,18439,25.98,358.93,187.1822,4.2,104
12/1/2020,Clove,Matale,819.00,813.30,1,3.85,4.5,5.05,2567.7,52,18439,25.98,358.93,187.1822,4.2,104
12/1/2020,Clove,Nuwaraeliya,810.50,813.30,1,3.85,4.5,5.05,2567.7,52,18439,25.98,358.93,187.1822,4.2,104
12/1/2020,Clove,Kegalle,807.80,813.30,1,3.85,4.5,5.05,2567.7,52,18439,25.98,358.93,187.1822,4.2,104
12/1/2020,Clove,Ratnapura,781.00,813.30,1,3.85,4.5,5.05,2567.7,52,18439,25.98,358.93,187.1822,4.2,104
12/1/2020,Clove,Badulla,746.00,813.30,1,3.85,4.5,5.05,2567.7,52,18439,25.98,358.93,187.1822,4.2,104
12/1/2020,Clove,Kurunegala,816.80,813.30,1,3.85,4.5,5.05,2567.7,52,18439,25.98,358.93,187.1822,4.2,104
12/1/2020,Clove,Colombo,823.25,813.30,1,3.85,4.5,5.05,2567.7,52,18439,25.98,358.93,187.1822,4.2,104
12/1/2020,Clove,Gampaha,902.50,813.30,1,3.85,4.5,5.05,2567.7,52,18439,25.98,358.93,187.1822,4.2,104
12/1/2020,Clove,Kalutara,906.00,813.30,1,3.85,4.5,5.05,2567.7,52,18439,25.98,358.93,187.1822,4.2,104
12/1/2020,Clove,Galle,780.00,813.30,1,3.85,4.5,5.05,2567.7,52,18439,25.98,358.93,187.1822,4.2,104
12/1/2020,Clove,Matara,789.60,813.30,1,3.85,4.5,5.05,2567.7,52,18439,25.98,358.93,187.1822,4.2,104
12/1/2020,Clove,Hambantota,771.60,813.30,1,3.85,4.5,5.05,2567.7,52,18439,25.98,358.93,187.1822,4.2,104
12/1/2020,Clove,Monaragala,828.75,813.30,1,3.85,4.5,5.05,2567.7,52,18439,25.98,358.93,187.1822,4.2,104
12/1/2020,Stem,Kandy,99.20,84.33,1,3.85,4.5,5.05,2567.7,52,18439,25.98,358.93,187.1822,4.2,104
12/1/2020,Stem,Matale,89.60,84.33,1,3.85,4.5,5.05,2567.7,52,18439,25.98,358.93,187.1822,4.2,104
12/1/2020,Stem,Nuwaraeliya,90.00,84.33,1,3.85,4.5,5.05,2567.7,52,18439,25.98,358.93,187.1822,4.2,104
12/1/2020,Stem,Kegalle,88.60,84.33,1,3.85,4.5,5.05,2567.7,52,18439,25.98,358.93,187.1822,4.2,104
12/1/2020,Stem,Kurunegala,64.60,84.33,1,3.85,4.5,5.05,2567.7,52,18439,25.98,358.93,187.1822,4.2,104
12/1/2020,Stem,Gampaha,72.00,84.33,1,3.85,4.5,5.05,2567.7,52,18439,25.98,358.93,187.1822,4.2,104
12/1/2020,Stem,Matara,80.80,84.33,1,3.85,4.5,5.05,2567.7,52,18439,25.98,358.93,187.1822,4.2,104
1/1/2021,Clove,Kandy,794.50,787.10,1,4.2,4.8,6,1711.8,324,10128,25.61,268.48,190.4918,3,104
1/1/2021,Clove,Matale,814.75,787.10,1,4.2,4.8,6,1711.8,324,10128,25.61,268.48,190.4918,3,104
1/1/2021,Clove,Nuwaraeliya,800.75,787.10,1,4.2,4.8,6,1711.8,324,10128,25.61,268.48,190.4918,3,104
1/1/2021,Clove,Kegalle,801.25,787.10,1,4.2,4.8,6,1711.8,324,10128,25.61,268.48,190.4918,3,104
1/1/2021,Clove,Ratnapura,778.00,787.10,1,4.2,4.8,6,1711.8,324,10128,25.61,268.48,190.4918,3,104
1/1/2021,Clove,Badulla,728.50,787.10,1,4.2,4.8,6,1711.8,324,10128,25.61,268.48,190.4918,3,104
1/1/2021,Clove,Kurunegala,795.75,787.10,1,4.2,4.8,6,1711.8,324,10128,25.61,268.48,190.4918,3,104
1/1/2021,Clove,Colombo,751.75,787.10,1,4.2,4.8,6,1711.8,324,10128,25.61,268.48,190.4918,3,104
1/1/2021,Clove,Gampaha,807.50,787.10,1,4.2,4.8,6,1711.8,324,10128,25.61,268.48,190.4918,3,104
1/1/2021,Clove,Kalutara,887.50,787.10,1,4.2,4.8,6,1711.8,324,10128,25.61,268.48,190.4918,3,104
1/1/2021,Clove,Galle,737.50,787.10,1,4.2,4.8,6,1711.8,324,10128,25.61,268.48,190.4918,3,104
1/1/2021,Clove,Matara,760.25,787.10,1,4.2,4.8,6,1711.8,324,10128,25.61,268.48,190.4918,3,104
1/1/2021,Clove,Hambantota,748.75,787.10,1,4.2,4.8,6,1711.8,324,10128,25.61,268.48,190.4918,3,104
1/1/2021,Clove,Monaragala,812.50,787.10,1,4.2,4.8,6,1711.8,324,10128,25.61,268.48,190.4918,3,104
1/1/2021,Stem,Kandy,100.00,82.97,1,4.2,4.8,6,1711.8,324,10128,25.61,268.48,190.4918,3,104
1/1/2021,Stem,Matale,89.75,82.97,1,4.2,4.8,6,1711.8,324,10128,25.61,268.48,190.4918,3,104
1/1/2021,Stem,Nuwaraeliya,92.25,82.97,1,4.2,4.8,6,1711.8,324,10128,25.61,268.48,190.4918,3,104
1/1/2021,Stem,Kegalle,93.25,82.97,1,4.2,4.8,6,1711.8,324,10128,25.61,268.48,190.4918,3,104
1/1/2021,Stem,Kurunegala,64.00,82.97,1,4.2,4.8,6,1711.8,324,10128,25.61,268.48,190.4918,3,104
1/1/2021,Stem,Gampaha,67.00,82.97,1,4.2,4.8,6,1711.8,324,10128,25.61,268.48,190.4918,3,104
1/1/2021,Stem,Matara,76.00,82.97,1,4.2,4.8,6,1711.8,324,10128,25.61,268.48,190.4918,3,104
2/1/2021,Clove,Kandy,813.50,794.91,1,4.3,4.9,6.2,0,972,11400,25.75,49.15,194.0665,3,104
2/1/2021,Clove,Matale,847.50,794.91,1,4.3,4.9,6.2,0,972,11400,25.75,49.15,194.0665,3,104
2/1/2021,Clove,Nuwaraeliya,791.25,794.91,1,4.3,4.9,6.2,0,972,11400,25.75,49.15,194.0665,3,104
2/1/2021,Clove,Kegalle,820.00,794.91,1,4.3,4.9,6.2,0,972,11400,25.75,49.15,194.0665,3,104
2/1/2021,Clove,Ratnapura,775.33,794.91,1,4.3,4.9,6.2,0,972,11400,25.75,49.15,194.0665,3,104
2/1/2021,Clove,Badulla,756.00,794.91,1,4.3,4.9,6.2,0,972,11400,25.75,49.15,194.0665,3,104
2/1/2021,Clove,Kurunegala,797.00,794.91,1,4.3,4.9,6.2,0,972,11400,25.75,49.15,194.0665,3,104
2/1/2021,Clove,Colombo,754.33,794.91,1,4.3,4.9,6.2,0,972,11400,25.75,49.15,194.0665,3,104
2/1/2021,Clove,Gampaha,786.67,794.91,1,4.3,4.9,6.2,0,972,11400,25.75,49.15,194.0665,3,104
2/1/2021,Clove,Kalutara,890.67,794.91,1,4.3,4.9,6.2,0,972,11400,25.75,49.15,194.0665,3,104
2/1/2021,Clove,Galle,736.67,794.91,1,4.3,4.9,6.2,0,972,11400,25.75,49.15,194.0665,3,104
2/1/2021,Clove,Matara,791.00,794.91,1,4.3,4.9,6.2,0,972,11400,25.75,49.15,194.0665,3,104
2/1/2021,Clove,Hambantota,749.67,794.91,1,4.3,4.9,6.2,0,972,11400,25.75,49.15,194.0665,3,104
2/1/2021,Clove,Monaragala,813.67,794.91,1,4.3,4.9,6.2,0,972,11400,25.75,49.15,194.0665,3,104
2/1/2021,Stem,Kandy,99.33,84.82,1,4.3,4.9,6.2,0,972,11400,25.75,49.15,194.0665,3,104
2/1/2021,Stem,Matale,90.00,84.82,1,4.3,4.9,6.2,0,972,11400,25.75,49.15,194.0665,3,104
2/1/2021,Stem,Nuwaraeliya,90.67,84.82,1,4.3,4.9,6.2,0,972,11400,25.75,49.15,194.0665,3,104
2/1/2021,Stem,Kegalle,97.67,84.82,1,4.3,4.9,6.2,0,972,11400,25.75,49.15,194.0665,3,104
2/1/2021,Stem,Kurunegala,63.00,84.82,1,4.3,4.9,6.2,0,972,11400,25.75,49.15,194.0665,3,104
2/1/2021,Stem,Gampaha,74.00,84.82,1,4.3,4.9,6.2,0,972,11400,25.75,49.15,194.0665,3,104
2/1/2021,Stem,Matara,78.67,84.82,1,4.3,4.9,6.2,0,972,11400,25.75,49.15,194.0665,3,104
3/1/2021,Clove,Kandy,962.00,892.96,0,4.45,5.05,6.5,0,1620,11595,26.69,106.3,196.9825,4.1,104
3/1/2021,Clove,Matale,1010.60,892.96,0,4.45,5.05,6.5,0,1620,11595,26.69,106.3,196.9825,4.1,104
3/1/2021,Clove,Nuwaraeliya,916.20,892.96,0,4.45,5.05,6.5,0,1620,11595,26.69,106.3,196.9825,4.1,104
3/1/2021,Clove,Kegalle,933.20,892.96,0,4.45,5.05,6.5,0,1620,11595,26.69,106.3,196.9825,4.1,104
3/1/2021,Clove,Ratnapura,900.40,892.96,0,4.45,5.05,6.5,0,1620,11595,26.69,106.3,196.9825,4.1,104
3/1/2021,Clove,Badulla,779.40,892.96,0,4.45,5.05,6.5,0,1620,11595,26.69,106.3,196.9825,4.1,104
3/1/2021,Clove,Kurunegala,922.40,892.96,0,4.45,5.05,6.5,0,1620,11595,26.69,106.3,196.9825,4.1,104
3/1/2021,Clove,Colombo,756.50,892.96,0,4.45,5.05,6.5,0,1620,11595,26.69,106.3,196.9825,4.1,104
3/1/2021,Clove,Gampaha,937.00,892.96,0,4.45,5.05,6.5,0,1620,11595,26.69,106.3,196.9825,4.1,104
3/1/2021,Clove,Kalutara,818.00,892.96,0,4.45,5.05,6.5,0,1620,11595,26.69,106.3,196.9825,4.1,104
3/1/2021,Clove,Galle,820.00,892.96,0,4.45,5.05,6.5,0,1620,11595,26.69,106.3,196.9825,4.1,104
3/1/2021,Clove,Matara,941.40,892.96,0,4.45,5.05,6.5,0,1620,11595,26.69,106.3,196.9825,4.1,104
3/1/2021,Clove,Hambantota,901.00,892.96,0,4.45,5.05,6.5,0,1620,11595,26.69,106.3,196.9825,4.1,104
3/1/2021,Clove,Monaragala,888.20,892.96,0,4.45,5.05,6.5,0,1620,11595,26.69,106.3,196.9825,4.1,104
3/1/2021,Stem,Kandy,105.40,892.96,0,4.45,5.05,6.5,0,1620,11595,26.69,106.3,196.9825,4.1,104
3/1/2021,Stem,Matale,95.80,89.05,0,4.45,5.05,6.5,0,1620,11595,26.69,106.3,196.9825,4.1,104
3/1/2021,Stem,Nuwaraeliya,97.40,89.05,0,4.45,5.05,6.5,0,1620,11595,26.69,106.3,196.9825,4.1,104
3/1/2021,Stem,Kegalle,97.40,89.05,0,4.45,5.05,6.5,0,1620,11595,26.69,106.3,196.9825,4.1,104
3/1/2021,Stem,Kurunegala,66.80,89.05,0,4.45,5.05,6.5,0,1620,11595,26.69,106.3,196.9825,4.1,104
3/1/2021,Stem,Gampaha,76.00,89.05,0,4.45,5.05,6.5,0,1620,11595,26.69,106.3,196.9825,4.1,104
3/1/2021,Stem,Matara,82.40,89.05,0,4.45,5.05,6.5,0,1620,11595,26.69,106.3,196.9825,4.1,104
4/1/2021,Clove,Kandy,1058.00,958.49,0,4.6,5.2,6.8,0,1620,5839,27.96,113.87,197.423,3.9,104
4/1/2021,Clove,Matale,1061.33,958.49,0,4.6,5.2,6.8,0,1620,5839,27.96,113.87,197.423,3.9,104
4/1/2021,Clove,Nuwaraeliya,983.67,958.49,0,4.6,5.2,6.8,0,1620,5839,27.96,113.87,197.423,3.9,104
4/1/2021,Clove,Kegalle,1033.00,958.49,0,4.6,5.2,6.8,0,1620,5839,27.96,113.87,197.423,3.9,104
4/1/2021,Clove,Ratnapura,973.50,958.49,0,4.6,5.2,6.8,0,1620,5839,27.96,113.87,197.423,3.9,104
4/1/2021,Clove,Badulla,864.33,958.49,0,4.6,5.2,6.8,0,1620,5839,27.96,113.87,197.423,3.9,104
4/1/2021,Clove,Kurunegala,952.33,958.49,0,4.6,5.2,6.8,0,1620,5839,27.96,113.87,197.423,3.9,104
4/1/2021,Clove,Colombo,842.00,958.49,0,4.6,5.2,6.8,0,1620,5839,27.96,113.87,197.423,3.9,104
4/1/2021,Clove,Gampaha,995.00,958.49,0,4.6,5.2,6.8,0,1620,5839,27.96,113.87,197.423,3.9,104
4/1/2021,Clove,Kalutara,875.67,958.49,0,4.6,5.2,6.8,0,1620,5839,27.96,113.87,197.423,3.9,104
4/1/2021,Clove,Galle,913.33,958.49,0,4.6,5.2,6.8,0,1620,5839,27.96,113.87,197.423,3.9,104
4/1/2021,Clove,Matara,1029.33,958.49,0,4.6,5.2,6.8,0,1620,5839,27.96,113.87,197.423,3.9,104
4/1/2021,Clove,Hambantota,1000.00,958.49,0,4.6,5.2,6.8,0,1620,5839,27.96,113.87,197.423,3.9,104
4/1/2021,Clove,Monaragala,841.67,958.49,0,4.6,5.2,6.8,0,1620,5839,27.96,113.87,197.423,3.9,104
4/1/2021,Stem,Kandy,114.33,91.71,0,4.6,5.2,6.8,0,1620,5839,27.96,113.87,197.423,3.9,104
4/1/2021,Stem,Matale,97.33,91.71,0,4.6,5.2,6.8,0,1620,5839,27.96,113.87,197.423,3.9,104
4/1/2021,Stem,Nuwaraeliya,104.33,91.71,0,4.6,5.2,6.8,0,1620,5839,27.96,113.87,197.423,3.9,104
4/1/2021,Stem,Kegalle,94.00,91.71,0,4.6,5.2,6.8,0,1620,5839,27.96,113.87,197.423,3.9,104
4/1/2021,Stem,Kurunegala,67.00,91.71,0,4.6,5.2,6.8,0,1620,5839,27.96,113.87,197.423,3.9,104
4/1/2021,Stem,Gampaha,80.67,91.71,0,4.6,5.2,6.8,0,1620,5839,27.96,113.87,197.423,3.9,104
4/1/2021,Stem,Matara,84.33,91.71,0,4.6,5.2,6.8,0,1620,5839,27.96,113.87,197.423,3.9,104
5/1/2021,Clove,Kandy,1059.00,957.13,0,4.75,5.35,7.1,0,972,0,28.04,206.22,199.5847,4.5,111
5/1/2021,Clove,Matale,1264.67,957.13,0,4.75,5.35,7.1,0,972,0,28.04,206.22,199.5847,4.5,111
5/1/2021,Clove,Nuwaraeliya,999.00,957.13,0,4.75,5.35,7.1,0,972,0,28.04,206.22,199.5847,4.5,111
5/1/2021,Clove,Kegalle,983.33,957.13,0,4.75,5.35,7.1,0,972,0,28.04,206.22,199.5847,4.5,111
5/1/2021,Clove,Ratnapura,977.33,957.13,0,4.75,5.35,7.1,0,972,0,28.04,206.22,199.5847,4.5,111
5/1/2021,Clove,Badulla,851.00,957.13,0,4.75,5.35,7.1,0,972,0,28.04,206.22,199.5847,4.5,111
5/1/2021,Clove,Kurunegala,938.67,957.13,0,4.75,5.35,7.1,0,972,0,28.04,206.22,199.5847,4.5,111
5/1/2021,Clove,Colombo,825.00,957.13,0,4.75,5.35,7.1,0,972,0,28.04,206.22,199.5847,4.5,111
5/1/2021,Clove,Gampaha,1005.00,957.13,0,4.75,5.35,7.1,0,972,0,28.04,206.22,199.5847,4.5,111
5/1/2021,Clove,Kalutara,867.33,957.13,0,4.75,5.35,7.1,0,972,0,28.04,206.22,199.5847,4.5,111
5/1/2021,Clove,Galle,883.33,957.13,0,4.75,5.35,7.1,0,972,0,28.04,206.22,199.5847,4.5,111
5/1/2021,Clove,Matara,1081.67,957.13,0,4.75,5.35,7.1,0,972,0,28.04,206.22,199.5847,4.5,111
5/1/2021,Clove,Hambantota,1088.67,957.13,0,4.75,5.35,7.1,0,972,0,28.04,206.22,199.5847,4.5,111
5/1/2021,Clove,Monaragala,883.33,957.13,0,4.75,5.35,7.1,0,972,0,28.04,206.22,199.5847,4.5,111
5/1/2021,Stem,Kandy,114.00,90.30,0,4.75,5.35,7.1,0,972,0,28.04,206.22,199.5847,4.5,111
5/1/2021,Stem,Matale,104.92,90.30,0,4.75,5.35,7.1,0,972,0,28.04,206.22,199.5847,4.5,111
5/1/2021,Stem,Nuwaraeliya,104.00,90.30,0,4.75,5.35,7.1,0,972,0,28.04,206.22,199.5847,4.5,111
5/1/2021,Stem,Kegalle,90.00,90.30,0,4.75,5.35,7.1,0,972,0,28.04,206.22,199.5847,4.5,111
5/1/2021,Stem,Kurunegala,67.00,90.30,0,4.75,5.35,7.1,0,972,0,28.04,206.22,199.5847,4.5,111
5/1/2021,Stem,Gampaha,86.67,90.30,0,4.75,5.35,7.1,0,972,0,28.04,206.22,199.5847,4.5,111
5/1/2021,Stem,Matara,85.33,90.30,0,4.75,5.35,7.1,0,972,0,28.04,206.22,199.5847,4.5,111
6/1/2021,Clove,Kandy,1412.00,1273.15,0,4.9,5.5,7.4,0,389,3321,27.71,101.55,199.8161,5.2,111
6/1/2021,Clove,Matale,1468.00,1273.15,0,4.9,5.5,7.4,0,389,3321,27.71,101.55,199.8161,5.2,111
6/1/2021,Clove,Nuwaraeliya,1290.00,1273.15,0,4.9,5.5,7.4,0,389,3321,27.71,101.55,199.8161,5.2,111
6/1/2021,Clove,Kegalle,1450.00,1273.15,0,4.9,5.5,7.4,0,389,3321,27.71,101.55,199.8161,5.2,111
6/1/2021,Clove,Ratnapura,1324.50,1273.15,0,4.9,5.5,7.4,0,389,3321,27.71,101.55,199.8161,5.2,111
6/1/2021,Clove,Badulla,1037.50,1273.15,0,4.9,5.5,7.4,0,389,3321,27.71,101.55,199.8161,5.2,111
6/1/2021,Clove,Kurunegala,1119.33,1273.15,0,4.9,5.5,7.4,0,389,3321,27.71,101.55,199.8161,5.2,111
6/1/2021,Clove,Colombo,1260.00,1273.15,0,4.9,5.5,7.4,0,389,3321,27.71,101.55,199.8161,5.2,111
6/1/2021,Clove,Gampaha,1310.00,1273.15,0,4.9,5.5,7.4,0,389,3321,27.71,101.55,199.8161,5.2,111
6/1/2021,Clove,Kalutara,920.00,1273.15,0,4.9,5.5,7.4,0,389,3321,27.71,101.55,199.8161,5.2,111
6/1/2021,Clove,Galle,1212.50,1273.15,0,4.9,5.5,7.4,0,389,3321,27.71,101.55,199.8161,5.2,111
6/1/2021,Clove,Matara,1449.50,1273.15,0,4.9,5.5,7.4,0,389,3321,27.71,101.55,199.8161,5.2,111
6/1/2021,Clove,Hambantota,1467.00,1273.15,0,4.9,5.5,7.4,0,389,3321,27.71,101.55,199.8161,5.2,111
6/1/2021,Clove,Monaragala,1135.00,1273.15,0,4.9,5.5,7.4,0,389,3321,27.71,101.55,199.8161,5.2,111
6/1/2021,Stem,Kandy,128.50,117.67,0,4.9,5.5,7.4,0,389,3321,27.71,101.55,199.8161,5.2,111
6/1/2021,Stem,Matale,112.50,117.67,0,4.9,5.5,7.4,0,389,3321,27.71,101.55,199.8161,5.2,111
6/1/2021,Stem,Nuwaraeliya,131.00,117.67,0,4.9,5.5,7.4,0,389,3321,27.71,101.55,199.8161,5.2,111
6/1/2021,Stem,Kegalle,115.00,117.67,0,4.9,5.5,7.4,0,389,3321,27.71,101.55,199.8161,5.2,111
6/1/2021,Stem,Kurunegala,70.17,117.67,0,4.9,5.5,7.4,0,389,3321,27.71,101.55,199.8161,5.2,111
6/1/2021,Stem,Gampaha,110.00,117.67,0,4.9,5.5,7.4,0,389,3321,27.71,101.55,199.8161,5.2,111
6/1/2021,Stem,Matara,109.00,117.67,0,4.9,5.5,7.4,0,389,3321,27.71,101.55,199.8161,5.2,111
7/1/2021,Clove,Kandy,1399.50,1266.36,0,5.1,5.7,7.8,0,130,14357,27.55,122.53,199.9778,5.7,111
7/1/2021,Clove,Matale,1430.00,1266.36,0,5.1,5.7,7.8,0,130,14357,27.55,122.53,199.9778,5.7,111
7/1/2021,Clove,Nuwaraeliya,1356.67,1266.36,0,5.1,5.7,7.8,0,130,14357,27.55,122.53,199.9778,5.7,111
7/1/2021,Clove,Kegalle,1337.50,1266.36,0,5.1,5.7,7.8,0,130,14357,27.55,122.53,199.9778,5.7,111
7/1/2021,Clove,Ratnapura,1390.50,1266.36,0,5.1,5.7,7.8,0,130,14357,27.55,122.53,199.9778,5.7,111
7/1/2021,Clove,Badulla,981.33,1266.36,0,5.1,5.7,7.8,0,130,14357,27.55,122.53,199.9778,5.7,111
7/1/2021,Clove,Kurunegala,1300.00,1266.36,0,5.1,5.7,7.8,0,130,14357,27.55,122.53,199.9778,5.7,111
7/1/2021,Clove,Colombo,1141.75,1266.36,0,5.1,5.7,7.8,0,130,14357,27.55,122.53,199.9778,5.7,111
7/1/2021,Clove,Gampaha,1218.75,1266.36,0,5.1,5.7,7.8,0,130,14357,27.55,122.53,199.9778,5.7,111
7/1/2021,Clove,Kalutara,958.75,1266.36,0,5.1,5.7,7.8,0,130,14357,27.55,122.53,199.9778,5.7,111
7/1/2021,Clove,Galle,1237.50,1266.36,0,5.1,5.7,7.8,0,130,14357,27.55,122.53,199.9778,5.7,111
7/1/2021,Clove,Matara,1447.50,1266.36,0,5.1,5.7,7.8,0,130,14357,27.55,122.53,199.9778,5.7,111
7/1/2021,Clove,Hambantota,1458.75,1266.36,0,5.1,5.7,7.8,0,130,14357,27.55,122.53,199.9778,5.7,111
7/1/2021,Clove,Monaragala,1050.00,1266.36,0,5.1,5.7,7.8,0,130,14357,27.55,122.53,199.9778,5.7,111
7/1/2021,Stem,Kandy,141.50,110.27,0,5.1,5.7,7.8,0,130,14357,27.55,122.53,199.9778,5.7,111
7/1/2021,Stem,Matale,127.00,110.27,0,5.1,5.7,7.8,0,130,14357,27.55,122.53,199.9778,5.7,111
7/1/2021,Stem,Nuwaraeliya,129.00,110.27,0,5.1,5.7,7.8,0,130,14357,27.55,122.53,199.9778,5.7,111
7/1/2021,Stem,Kegalle,100.00,110.27,0,5.1,5.7,7.8,0,130,14357,27.55,122.53,199.9778,5.7,111
7/1/2021,Stem,Kurunegala,73.33,110.27,0,5.1,5.7,7.8,0,130,14357,27.55,122.53,199.9778,5.7,111
7/1/2021,Stem,Gampaha,92.75,110.27,0,5.1,5.7,7.8,0,130,14357,27.55,122.53,199.9778,5.7,111
7/1/2021,Stem,Matara,105.50,110.27,0,5.1,5.7,7.8,0,130,14357,27.55,122.53,199.9778,5.7,111
8/1/2021,Clove,Kandy,1433.33,1271.54,0,5,5.65,7.7,0,130,15453,27.3,105.46,200.4965,6,111
8/1/2021,Clove,Matale,1401.67,1271.54,0,5,5.65,7.7,0,130,15453,27.3,105.46,200.4965,6,111
8/1/2021,Clove,Nuwaraeliya,1347.50,1271.54,0,5,5.65,7.7,0,130,15453,27.3,105.46,200.4965,6,111
8/1/2021,Clove,Kegalle,1333.33,1271.54,0,5,5.65,7.7,0,130,15453,27.3,105.46,200.4965,6,111
8/1/2021,Clove,Ratnapura,1291.67,1271.54,0,5,5.65,7.7,0,130,15453,27.3,105.46,200.4965,6,111
8/1/2021,Clove,Badulla,1098.33,1271.54,0,5,5.65,7.7,0,130,15453,27.3,105.46,200.4965,6,111
8/1/2021,Clove,Kurunegala,1344.00,1271.54,0,5,5.65,7.7,0,130,15453,27.3,105.46,200.4965,6,111
8/1/2021,Clove,Colombo,1077.33,1271.54,0,5,5.65,7.7,0,130,15453,27.3,105.46,200.4965,6,111
8/1/2021,Clove,Gampaha,1250.00,1271.54,0,5,5.65,7.7,0,130,15453,27.3,105.46,200.4965,6,111
8/1/2021,Clove,Kalutara,996.67,1271.54,0,5,5.65,7.7,0,130,15453,27.3,105.46,200.4965,6,111
8/1/2021,Clove,Galle,1350.00,1271.54,0,5,5.65,7.7,0,130,15453,27.3,105.46,200.4965,6,111
8/1/2021,Clove,Matara,1451.00,1271.54,0,5,5.65,7.7,0,130,15453,27.3,105.46,200.4965,6,111
8/1/2021,Clove,Hambantota,1430.00,1271.54,0,5,5.65,7.7,0,130,15453,27.3,105.46,200.4965,6,111
8/1/2021,Clove,Monaragala,1016.67,1271.54,0,5,5.65,7.7,0,130,15453,27.3,105.46,200.4965,6,111
8/1/2021,Stem,Kandy,143.33,113.90,0,5,5.65,7.7,0,130,15453,27.3,105.46,200.4965,6,111
8/1/2021,Stem,Matale,137.00,113.90,0,5,5.65,7.7,0,130,15453,27.3,105.46,200.4965,6,111
8/1/2021,Stem,Nuwaraeliya,132.00,113.90,0,5,5.65,7.7,0,130,15453,27.3,105.46,200.4965,6,111
8/1/2021,Stem,Kegalle,106.67,113.90,0,5,5.65,7.7,0,130,15453,27.3,105.46,200.4965,6,111
8/1/2021,Stem,Kurunegala,73.33,113.90,0,5,5.65,7.7,0,130,15453,27.3,105.46,200.4965,6,111
8/1/2021,Stem,Gampaha,98.33,113.90,0,5,5.65,7.7,0,130,15453,27.3,105.46,200.4965,6,111
8/1/2021,Stem,Matara,109.33,113.90,0,5,5.65,7.7,0,130,15453,27.3,105.46,200.4965,6,111
9/1/2021,Clove,Kandy,1440.83,1288.55,0,5.05,5.75,7.9,0,97,22716,27.48,147.68,201.9858,5.7,111
9/1/2021,Clove,Matale,1434.67,1288.55,0,5.05,5.75,7.9,0,97,22716,27.48,147.68,201.9858,5.7,111
9/1/2021,Clove,Nuwaraeliya,1386.25,1288.55,0,5.05,5.75,7.9,0,97,22716,27.48,147.68,201.9858,5.7,111
9/1/2021,Clove,Kegalle,1429.17,1288.55,0,5.05,5.75,7.9,0,97,22716,27.48,147.68,201.9858,5.7,111
9/1/2021,Clove,Ratnapura,1320.83,1288.55,0,5.05,5.75,7.9,0,97,22716,27.48,147.68,201.9858,5.7,111
9/1/2021,Clove,Badulla,1078.33,1288.55,0,5.05,5.75,7.9,0,97,22716,27.48,147.68,201.9858,5.7,111
9/1/2021,Clove,Kurunegala,1326.25,1288.55,0,5.05,5.75,7.9,0,97,22716,27.48,147.68,201.9858,5.7,111
9/1/2021,Clove,Colombo,1123.33,1288.55,0,5.05,5.75,7.9,0,97,22716,27.48,147.68,201.9858,5.7,111
9/1/2021,Clove,Gampaha,1283.33,1288.55,0,5.05,5.75,7.9,0,97,22716,27.48,147.68,201.9858,5.7,111
9/1/2021,Clove,Kalutara,1010.00,1288.55,0,5.05,5.75,7.9,0,97,22716,27.48,147.68,201.9858,5.7,111
9/1/2021,Clove,Galle,1306.25,1288.55,0,5.05,5.75,7.9,0,97,22716,27.48,147.68,201.9858,5.7,111
9/1/2021,Clove,Matara,1458.17,1288.55,0,5.05,5.75,7.9,0,97,22716,27.48,147.68,201.9858,5.7,111
9/1/2021,Clove,Hambantota,1485.83,1288.55,0,5.05,5.75,7.9,0,97,22716,27.48,147.68,201.9858,5.7,111
9/1/2021,Clove,Monaragala,1012.50,1288.55,0,5.05,5.75,7.9,0,97,22716,27.48,147.68,201.9858,5.7,111
9/1/2021,Stem,Kandy,151.00,120.27,0,5.05,5.75,7.9,0,97,22716,27.48,147.68,201.9858,5.7,111
9/1/2021,Stem,Matale,142.33,120.27,0,5.05,5.75,7.9,0,97,22716,27.48,147.68,201.9858,5.7,111
9/1/2021,Stem,Nuwaraeliya,130.25,120.27,0,5.05,5.75,7.9,0,97,22716,27.48,147.68,201.9858,5.7,111
9/1/2021,Stem,Kegalle,137.08,120.27,0,5.05,5.75,7.9,0,97,22716,27.48,147.68,201.9858,5.7,111
9/1/2021,Stem,Kurunegala,71.67,120.27,0,5.05,5.75,7.9,0,97,22716,27.48,147.68,201.9858,5.7,111
9/1/2021,Stem,Gampaha,96.67,120.27,0,5.05,5.75,7.9,0,97,22716,27.48,147.68,201.9858,5.7,111
9/1/2021,Stem,Matara,110.67,120.27,0,5.05,5.75,7.9,0,97,22716,27.48,147.68,201.9858,5.7,111
10/1/2021,Clove,Kandy,1448.33,1305.55,0,5.15,5.85,8.1,0,97,34103,27.01,333.6,201.0899,7.6,111
10/1/2021,Clove,Matale,1467.67,1305.55,0,5.15,5.85,8.1,0,97,34103,27.01,333.6,201.0899,7.6,111
10/1/2021,Clove,Nuwaraeliya,1425.00,1305.55,0,5.15,5.85,8.1,0,97,34103,27.01,333.6,201.0899,7.6,111
10/1/2021,Clove,Kegalle,1525.00,1305.55,0,5.15,5.85,8.1,0,97,34103,27.01,333.6,201.0899,7.6,111
10/1/2021,Clove,Ratnapura,1350.00,1305.55,0,5.15,5.85,8.1,0,97,34103,27.01,333.6,201.0899,7.6,111
10/1/2021,Clove,Badulla,1058.33,1305.55,0,5.15,5.85,8.1,0,97,34103,27.01,333.6,201.0899,7.6,111
10/1/2021,Clove,Kurunegala,1308.50,1305.55,0,5.15,5.85,8.1,0,97,34103,27.01,333.6,201.0899,7.6,111
10/1/2021,Clove,Colombo,1169.33,1305.55,0,5.15,5.85,8.1,0,97,34103,27.01,333.6,201.0899,7.6,111
10/1/2021,Clove,Gampaha,1316.67,1305.55,0,5.15,5.85,8.1,0,97,34103,27.01,333.6,201.0899,7.6,111
10/1/2021,Clove,Kalutara,1023.33,1305.55,0,5.15,5.85,8.1,0,97,34103,27.01,333.6,201.0899,7.6,111
10/1/2021,Clove,Galle,1262.50,1305.55,0,5.15,5.85,8.1,0,97,34103,27.01,333.6,201.0899,7.6,111
10/1/2021,Clove,Matara,1465.33,1305.55,0,5.15,5.85,8.1,0,97,34103,27.01,333.6,201.0899,7.6,111
10/1/2021,Clove,Hambantota,1541.67,1305.55,0,5.15,5.85,8.1,0,97,34103,27.01,333.6,201.0899,7.6,111
10/1/2021,Clove,Monaragala,1008.33,1305.55,0,5.15,5.85,8.1,0,97,34103,27.01,333.6,201.0899,7.6,111
10/1/2021,Stem,Kandy,158.67,126.63,0,5.15,5.85,8.1,0,97,34103,27.01,333.6,201.0899,7.6,111
10/1/2021,Stem,Matale,147.67,126.63,0,5.15,5.85,8.1,0,97,34103,27.01,333.6,201.0899,7.6,111
10/1/2021,Stem,Nuwaraeliya,128.50,126.63,0,5.15,5.85,8.1,0,97,34103,27.01,333.6,201.0899,7.6,111
10/1/2021,Stem,Kegalle,167.50,126.63,0,5.15,5.85,8.1,0,97,34103,27.01,333.6,201.0899,7.6,111
10/1/2021,Stem,Kurunegala,70.00,126.63,0,5.15,5.85,8.1,0,97,34103,27.01,333.6,201.0899,7.6,111
10/1/2021,Stem,Gampaha,95.00,126.63,0,5.15,5.85,8.1,0,97,34103,27.01,333.6,201.0899,7.6,111
10/1/2021,Stem,Matara,112.00,126.63,0,5.15,5.85,8.1,0,97,34103,27.01,333.6,201.0899,7.6,111
11/1/2021,Clove,Kandy,1533.75,1362.50,0,5.2,5.9,8.2,1430.5,65,28786,26.33,511.31,201.8582,9.9,111
11/1/2021,Clove,Matale,1565.00,1362.50,0,5.2,5.9,8.2,1430.5,65,28786,26.33,511.31,201.8582,9.9,111
11/1/2021,Clove,Nuwaraeliya,1483.75,1362.50,0,5.2,5.9,8.2,1430.5,65,28786,26.33,511.31,201.8582,9.9,111
11/1/2021,Clove,Kegalle,1527.00,1362.50,0,5.2,5.9,8.2,1430.5,65,28786,26.33,511.31,201.8582,9.9,111
11/1/2021,Clove,Ratnapura,1400.00,1362.50,0,5.2,5.9,8.2,1430.5,65,28786,26.33,511.31,201.8582,9.9,111
11/1/2021,Clove,Badulla,1131.25,1362.50,0,5.2,5.9,8.2,1430.5,65,28786,26.33,511.31,201.8582,9.9,111
11/1/2021,Clove,Kurunegala,1300.25,1362.50,0,5.2,5.9,8.2,1430.5,65,28786,26.33,511.31,201.8582,9.9,111
11/1/2021,Clove,Colombo,1257.50,1362.50,0,5.2,5.9,8.2,1430.5,65,28786,26.33,511.31,201.8582,9.9,111
11/1/2021,Clove,Gampaha,1410.00,1362.50,0,5.2,5.9,8.2,1430.5,65,28786,26.33,511.31,201.8582,9.9,111
11/1/2021,Clove,Kalutara,1042.50,1362.50,0,5.2,5.9,8.2,1430.5,65,28786,26.33,511.31,201.8582,9.9,111
11/1/2021,Clove,Galle,1331.25,1362.50,0,5.2,5.9,8.2,1430.5,65,28786,26.33,511.31,201.8582,9.9,111
11/1/2021,Clove,Matara,1480.25,1362.50,0,5.2,5.9,8.2,1430.5,65,28786,26.33,511.31,201.8582,9.9,111
11/1/2021,Clove,Hambantota,1500.00,1362.50,0,5.2,5.9,8.2,1430.5,65,28786,26.33,511.31,201.8582,9.9,111
11/1/2021,Clove,Monaragala,1112.50,1362.50,0,5.2,5.9,8.2,1430.5,65,28786,26.33,511.31,201.8582,9.9,111
11/1/2021,Stem,Kandy,158.00,132.08,0,5.2,5.9,8.2,1430.5,65,28786,26.33,511.31,201.8582,9.9,111
11/1/2021,Stem,Matale,171.25,132.08,0,5.2,5.9,8.2,1430.5,65,28786,26.33,511.31,201.8582,9.9,111
11/1/2021,Stem,Nuwaraeliya,142.50,132.08,0,5.2,5.9,8.2,1430.5,65,28786,26.33,511.31,201.8582,9.9,111
11/1/2021,Stem,Kegalle,152.50,132.08,0,5.2,5.9,8.2,1430.5,65,28786,26.33,511.31,201.8582,9.9,111
11/1/2021,Stem,Kurunegala,79.25,132.08,0,5.2,5.9,8.2,1430.5,65,28786,26.33,511.31,201.8582,9.9,111
11/1/2021,Stem,Gampaha,106.25,132.08,0,5.2,5.9,8.2,1430.5,65,28786,26.33,511.31,201.8582,9.9,111
11/1/2021,Stem,Matara,112.25,132.08,0,5.2,5.9,8.2,1430.5,65,28786,26.33,511.31,201.8582,9.9,111
12/1/2021,Clove,Kandy,1640.50,1461.61,1,5.25,6,8.3,2574.9,65,17361,26.09,135.18,201.399,12.1,121
12/1/2021,Clove,Matale,1666.50,1461.61,1,5.25,6,8.3,2574.9,65,17361,26.09,135.18,201.399,12.1,121
12/1/2021,Clove,Nuwaraeliya,1605.00,1461.61,1,5.25,6,8.3,2574.9,65,17361,26.09,135.18,201.399,12.1,121
12/1/2021,Clove,Kegalle,1587.50,1461.61,1,5.25,6,8.3,2574.9,65,17361,26.09,135.18,201.399,12.1,121
12/1/2021,Clove,Ratnapura,1438.75,1461.61,1,5.25,6,8.3,2574.9,65,17361,26.09,135.18,201.399,12.1,121
12/1/2021,Clove,Badulla,1209.00,1461.61,1,5.25,6,8.3,2574.9,65,17361,26.09,135.18,201.399,12.1,121
12/1/2021,Clove,Kurunegala,1512.25,1461.61,1,5.25,6,8.3,2574.9,65,17361,26.09,135.18,201.399,12.1,121
12/1/2021,Clove,Colombo,1275.00,1461.61,1,5.25,6,8.3,2574.9,65,17361,26.09,135.18,201.399,12.1,121
12/1/2021,Clove,Gampaha,1502.50,1461.61,1,5.25,6,8.3,2574.9,65,17361,26.09,135.18,201.399,12.1,121
12/1/2021,Clove,Kalutara,1110.00,1461.61,1,5.25,6,8.3,2574.9,65,17361,26.09,135.18,201.399,12.1,121
12/1/2021,Clove,Galle,1362.50,1461.61,1,5.25,6,8.3,2574.9,65,17361,26.09,135.18,201.399,12.1,121
12/1/2021,Clove,Matara,1565.50,1461.61,1,5.25,6,8.3,2574.9,65,17361,26.09,135.18,201.399,12.1,121
12/1/2021,Clove,Hambantota,1600.00,1461.61,1,5.25,6,8.3,2574.9,65,17361,26.09,135.18,201.399,12.1,121
12/1/2021,Clove,Monaragala,1387.50,1461.61,1,5.25,6,8.3,2574.9,65,17361,26.09,135.18,201.399,12.1,121
12/1/2021,Stem,Kandy,159.75,145.00,1,5.25,6,8.3,2574.9,65,17361,26.09,135.18,201.399,12.1,121
12/1/2021,Stem,Matale,182.00,145.00,1,5.25,6,8.3,2574.9,65,17361,26.09,135.18,201.399,12.1,121
12/1/2021,Stem,Nuwaraeliya,161.25,145.00,1,5.25,6,8.3,2574.9,65,17361,26.09,135.18,201.399,12.1,121
12/1/2021,Stem,Kegalle,195.00,145.00,1,5.25,6,8.3,2574.9,65,17361,26.09,135.18,201.399,12.1,121
12/1/2021,Stem,Kurunegala,92.50,145.00,1,5.25,6,8.3,2574.9,65,17361,26.09,135.18,201.399,12.1,121
12/1/2021,Stem,Gampaha,112.50,145.00,1,5.25,6,8.3,2574.9,65,17361,26.09,135.18,201.399,12.1,121
12/1/2021,Stem,Matara,112.00,145.00,1,5.25,6,8.3,2574.9,65,17361,26.09,135.18,201.399,12.1,121
1/1/2022,Clove,Kandy,1772.00,1557.73,1,5.8,5.7,9,1716.6,140,10224,25.83,116.96,201.4647,14.2,121
1/1/2022,Clove,Matale,1805.00,1557.73,1,5.8,5.7,9,1716.6,140,10224,25.83,116.96,201.4647,14.2,121
1/1/2022,Clove,Nuwaraeliya,1691.25,1557.73,1,5.8,5.7,9,1716.6,140,10224,25.83,116.96,201.4647,14.2,121
1/1/2022,Clove,Kegalle,1753.75,1557.73,1,5.8,5.7,9,1716.6,140,10224,25.83,116.96,201.4647,14.2,121
1/1/2022,Clove,Ratnapura,1597.00,1557.73,1,5.8,5.7,9,1716.6,140,10224,25.83,116.96,201.4647,14.2,121
1/1/2022,Clove,Badulla,1412.50,1557.73,1,5.8,5.7,9,1716.6,140,10224,25.83,116.96,201.4647,14.2,121
1/1/2022,Clove,Kurunegala,1558.25,1557.73,1,5.8,5.7,9,1716.6,140,10224,25.83,116.96,201.4647,14.2,121
1/1/2022,Clove,Colombo,1345.00,1557.73,1,5.8,5.7,9,1716.6,140,10224,25.83,116.96,201.4647,14.2,121
1/1/2022,Clove,Gampaha,1530.00,1557.73,1,5.8,5.7,9,1716.6,140,10224,25.83,116.96,201.4647,14.2,121
1/1/2022,Clove,Kalutara,1160.00,1557.73,1,5.8,5.7,9,1716.6,140,10224,25.83,116.96,201.4647,14.2,121
1/1/2022,Clove,Galle,1500.00,1557.73,1,5.8,5.7,9,1716.6,140,10224,25.83,116.96,201.4647,14.2,121
1/1/2022,Clove,Matara,1669.75,1557.73,1,5.8,5.7,9,1716.6,140,10224,25.83,116.96,201.4647,14.2,121
1/1/2022,Clove,Hambantota,1610.50,1557.73,1,5.8,5.7,9,1716.6,140,10224,25.83,116.96,201.4647,14.2,121
1/1/2022,Clove,Monaragala,1350.00,1557.73,1,5.8,5.7,9,1716.6,140,10224,25.83,116.96,201.4647,14.2,121
1/1/2022,Stem,Kandy,178.50,140.57,1,5.8,5.7,9,1716.6,140,10224,25.83,116.96,201.4647,14.2,121
1/1/2022,Stem,Matale,158.25,140.57,1,5.8,5.7,9,1716.6,140,10224,25.83,116.96,201.4647,14.2,121
1/1/2022,Stem,Nuwaraeliya,178.75,140.57,1,5.8,5.7,9,1716.6,140,10224,25.83,116.96,201.4647,14.2,121
1/1/2022,Stem,Kegalle,153.75,140.57,1,5.8,5.7,9,1716.6,140,10224,25.83,116.96,201.4647,14.2,121
1/1/2022,Stem,Kurunegala,89.00,140.57,1,5.8,5.7,9,1716.6,140,10224,25.83,116.96,201.4647,14.2,121
1/1/2022,Stem,Gampaha,111.25,140.57,1,5.8,5.7,9,1716.6,140,10224,25.83,116.96,201.4647,14.2,121
1/1/2022,Stem,Matara,114.50,140.57,1,5.8,5.7,9,1716.6,140,10224,25.83,116.96,201.4647,14.2,121
2/1/2022,Clove,Kandy,1895.60,1671.57,1,5.9,5.8,9.2,0,419,11529,25.77,144.37,201.7362,15.1,176
2/1/2022,Clove,Matale,1907.20,1671.57,1,5.9,5.8,9.2,0,419,11529,25.77,144.37,201.7362,15.1,176
2/1/2022,Clove,Nuwaraeliya,1738.40,1671.57,1,5.9,5.8,9.2,0,419,11529,25.77,144.37,201.7362,15.1,176
2/1/2022,Clove,Kegalle,1816.40,1671.57,1,5.9,5.8,9.2,0,419,11529,25.77,144.37,201.7362,15.1,176
2/1/2022,Clove,Ratnapura,1695.60,1671.57,1,5.9,5.8,9.2,0,419,11529,25.77,144.37,201.7362,15.1,176
2/1/2022,Clove,Badulla,1622.40,1671.57,1,5.9,5.8,9.2,0,419,11529,25.77,144.37,201.7362,15.1,176
2/1/2022,Clove,Kurunegala,1750.00,1671.57,1,5.9,5.8,9.2,0,419,11529,25.77,144.37,201.7362,15.1,176
2/1/2022,Clove,Colombo,1457.60,1671.57,1,5.9,5.8,9.2,0,419,11529,25.77,144.37,201.7362,15.1,176
2/1/2022,Clove,Gampaha,1670.00,1671.57,1,5.9,5.8,9.2,0,419,11529,25.77,144.37,201.7362,15.1,176
2/1/2022,Clove,Kalutara,1249.00,1671.57,1,5.9,5.8,9.2,0,419,11529,25.77,144.37,201.7362,15.1,176
2/1/2022,Clove,Galle,1550.00,1671.57,1,5.9,5.8,9.2,0,419,11529,25.77,144.37,201.7362,15.1,176
2/1/2022,Clove,Matara,1788.20,1671.57,1,5.9,5.8,9.2,0,419,11529,25.77,144.37,201.7362,15.1,176
2/1/2022,Clove,Hambantota,1423.80,1671.57,1,5.9,5.8,9.2,0,419,11529,25.77,144.37,201.7362,15.1,176
2/1/2022,Clove,Monaragala,1475.00,1671.57,1,5.9,5.8,9.2,0,419,11529,25.77,144.37,201.7362,15.1,176
2/1/2022,Stem,Kandy,201.40,159.68,1,5.9,5.8,9.2,0,419,11529,25.77,144.37,201.7362,15.1,176
2/1/2022,Stem,Matale,194.00,159.68,1,5.9,5.8,9.2,0,419,11529,25.77,144.37,201.7362,15.1,176
2/1/2022,Stem,Nuwaraeliya,187.00,159.68,1,5.9,5.8,9.2,0,419,11529,25.77,144.37,201.7362,15.1,176
2/1/2022,Stem,Kegalle,183.00,159.68,1,5.9,5.8,9.2,0,419,11529,25.77,144.37,201.7362,15.1,176
2/1/2022,Stem,Kurunegala,124.60,159.68,1,5.9,5.8,9.2,0,419,11529,25.77,144.37,201.7362,15.1,176
2/1/2022,Stem,Gampaha,123.00,159.68,1,5.9,5.8,9.2,0,419,11529,25.77,144.37,201.7362,15.1,176
2/1/2022,Stem,Matara,116.80,159.68,1,5.9,5.8,9.2,0,419,11529,25.77,144.37,201.7362,15.1,176
3/1/2022,Clove,Kandy,1964.25,1803.05,0,6,5.9,9.4,0,651,11726,27.12,73.2,255.8081,18.7,176
3/1/2022,Clove,Matale,2028.25,1803.05,0,6,5.9,9.4,0,651,11726,27.12,73.2,255.8081,18.7,176
3/1/2022,Clove,Nuwaraeliya,1730.00,1803.05,0,6,5.9,9.4,0,651,11726,27.12,73.2,255.8081,18.7,176
3/1/2022,Clove,Kegalle,1858.00,1803.05,0,6,5.9,9.4,0,651,11726,27.12,73.2,255.8081,18.7,176
3/1/2022,Clove,Ratnapura,1806.00,1803.05,0,6,5.9,9.4,0,651,11726,27.12,73.2,255.8081,18.7,176
3/1/2022,Clove,Badulla,1634.00,1803.05,0,6,5.9,9.4,0,651,11726,27.12,73.2,255.8081,18.7,176
3/1/2022,Clove,Kurunegala,1850.00,1803.05,0,6,5.9,9.4,0,651,11726,27.12,73.2,255.8081,18.7,176
3/1/2022,Clove,Colombo,1712.50,1803.05,0,6,5.9,9.4,0,651,11726,27.12,73.2,255.8081,18.7,176
3/1/2022,Clove,Gampaha,1800.00,1803.05,0,6,5.9,9.4,0,651,11726,27.12,73.2,255.8081,18.7,176
3/1/2022,Clove,Kalutara,1253.75,1803.05,0,6,5.9,9.4,0,651,11726,27.12,73.2,255.8081,18.7,176
3/1/2022,Clove,Galle,1775.00,1803.05,0,6,5.9,9.4,0,651,11726,27.12,73.2,255.8081,18.7,176
3/1/2022,Clove,Matara,1960.25,1803.05,0,6,5.9,9.4,0,651,11726,27.12,73.2,255.8081,18.7,176
3/1/2022,Clove,Hambantota,1887.50,1803.05,0,6,5.9,9.4,0,651,11726,27.12,73.2,255.8081,18.7,176
3/1/2022,Clove,Monaragala,1650.00,1803.05,0,6,5.9,9.4,0,651,11726,27.12,73.2,255.8081,18.7,176
3/1/2022,Stem,Kandy,246.25,190.43,0,6,5.9,9.4,0,651,11726,27.12,73.2,255.8081,18.7,176
3/1/2022,Stem,Matale,228.25,190.43,0,6,5.9,9.4,0,651,11726,27.12,73.2,255.8081,18.7,176
3/1/2022,Stem,Nuwaraeliya,191.25,190.43,0,6,5.9,9.4,0,651,11726,27.12,73.2,255.8081,18.7,176
3/1/2022,Stem,Kegalle,233.25,190.43,0,6,5.9,9.4,0,651,11726,27.12,73.2,255.8081,18.7,176
3/1/2022,Stem,Kurunegala,141.50,190.43,0,6,5.9,9.4,0,651,11726,27.12,73.2,255.8081,18.7,176
3/1/2022,Stem,Gampaha,147.50,190.43,0,6,5.9,9.4,0,651,11726,27.12,73.2,255.8081,18.7,176
3/1/2022,Stem,Matara,128.00,190.43,0,6,5.9,9.4,0,651,11726,27.12,73.2,255.8081,18.7,176
4/1/2022,Clove,Kandy,2454.00,2067.73,0,6.1,6,9.5,0,512,5901,27.71,297.63,319.4404,29.8,289
4/1/2022,Clove,Matale,2608.33,2067.73,0,6.1,6,9.5,0,512,5901,27.71,297.63,319.4404,29.8,289
4/1/2022,Clove,Nuwaraeliya,2041.67,2067.73,0,6.1,6,9.5,0,512,5901,27.71,297.63,319.4404,29.8,289
4/1/2022,Clove,Kegalle,2166.33,2067.73,0,6.1,6,9.5,0,512,5901,27.71,297.63,319.4404,29.8,289
4/1/2022,Clove,Ratnapura,2219.00,2067.73,0,6.1,6,9.5,0,512,5901,27.71,297.63,319.4404,29.8,289
4/1/2022,Clove,Badulla,1710.67,2067.73,0,6.1,6,9.5,0,512,5901,27.71,297.63,319.4404,29.8,289
4/1/2022,Clove,Kurunegala,2055.67,2067.73,0,6.1,6,9.5,0,512,5901,27.71,297.63,319.4404,29.8,289
4/1/2022,Clove,Colombo,1833.33,2067.73,0,6.1,6,9.5,0,512,5901,27.71,297.63,319.4404,29.8,289
4/1/2022,Clove,Gampaha,2013.33,2067.73,0,6.1,6,9.5,0,512,5901,27.71,297.63,319.4404,29.8,289
4/1/2022,Clove,Kalutara,1693.33,2067.73,0,6.1,6,9.5,0,512,5901,27.71,297.63,319.4404,29.8,289
4/1/2022,Clove,Galle,1746.67,2067.73,0,6.1,6,9.5,0,512,5901,27.71,297.63,319.4404,29.8,289
4/1/2022,Clove,Matara,2322.67,2067.73,0,6.1,6,9.5,0,512,5901,27.71,297.63,319.4404,29.8,289
4/1/2022,Clove,Hambantota,2065.00,2067.73,0,6.1,6,9.5,0,512,5901,27.71,297.63,319.4404,29.8,289
4/1/2022,Clove,Monaragala,2075.00,2067.73,0,6.1,6,9.5,0,512,5901,27.71,297.63,319.4404,29.8,289
4/1/2022,Stem,Kandy,286.33,244.00,0,6.1,6,9.5,0,512,5901,27.71,297.63,319.4404,29.8,289
4/1/2022,Stem,Matale,346.33,244.00,0,6.1,6,9.5,0,512,5901,27.71,297.63,319.4404,29.8,289
4/1/2022,Stem,Nuwaraeliya,203.33,244.00,0,6.1,6,9.5,0,512,5901,27.71,297.63,319.4404,29.8,289
4/1/2022,Stem,Kegalle,283.33,244.00,0,6.1,6,9.5,0,512,5901,27.71,297.63,319.4404,29.8,289
4/1/2022,Stem,Kurunegala,270.00,244.00,0,6.1,6,9.5,0,512,5901,27.71,297.63,319.4404,29.8,289
4/1/2022,Stem,Gampaha,157.50,244.00,0,6.1,6,9.5,0,512,5901,27.71,297.63,319.4404,29.8,289
4/1/2022,Stem,Matara,139.67,244.00,0,6.1,6,9.5,0,512,5901,27.71,297.63,319.4404,29.8,289
5/1/2022,Clove,Kandy,2775.50,2432.97,0,6.15,6.05,9.6,0,233,0,27.89,139.23,358.939,39.1,289
5/1/2022,Clove,Matale,2925.25,2432.97,0,6.15,6.05,9.6,0,233,0,27.89,139.23,358.939,39.1,289
5/1/2022,Clove,Nuwaraeliya,2815.00,2432.97,0,6.15,6.05,9.6,0,233,0,27.89,139.23,358.939,39.1,289
5/1/2022,Clove,Kegalle,2791.50,2432.97,0,6.15,6.05,9.6,0,233,0,27.89,139.23,358.939,39.1,289
5/1/2022,Clove,Ratnapura,2365.50,2432.97,0,6.15,6.05,9.6,0,233,0,27.89,139.23,358.939,39.1,289
5/1/2022,Clove,Badulla,2125.00,2432.97,0,6.15,6.05,9.6,0,233,0,27.89,139.23,358.939,39.1,289
5/1/2022,Clove,Kurunegala,2616.50,2432.97,0,6.15,6.05,9.6,0,233,0,27.89,139.23,358.939,39.1,289
5/1/2022,Clove,Colombo,1859.50,2432.97,0,6.15,6.05,9.6,0,233,0,27.89,139.23,358.939,39.1,289
5/1/2022,Clove,Gampaha,2285.00,2432.97,0,6.15,6.05,9.6,0,233,0,27.89,139.23,358.939,39.1,289
5/1/2022,Clove,Kalutara,1900.00,2432.97,0,6.15,6.05,9.6,0,233,0,27.89,139.23,358.939,39.1,289
5/1/2022,Clove,Galle,2112.50,2432.97,0,6.15,6.05,9.6,0,233,0,27.89,139.23,358.939,39.1,289
5/1/2022,Clove,Matara,2682.00,2432.97,0,6.15,6.05,9.6,0,233,0,27.89,139.23,358.939,39.1,289
5/1/2022,Clove,Hambantota,2583.25,2432.97,0,6.15,6.05,9.6,0,233,0,27.89,139.23,358.939,39.1,289
5/1/2022,Clove,Monaragala,2225.00,2432.97,0,6.15,6.05,9.6,0,233,0,27.89,139.23,358.939,39.1,289
5/1/2022,Stem,Kandy,354.75,303.68,0,6.15,6.05,9.6,0,233,0,27.89,139.23,358.939,39.1,289
5/1/2022,Stem,Matale,431.50,303.68,0,6.15,6.05,9.6,0,233,0,27.89,139.23,358.939,39.1,289
5/1/2022,Stem,Nuwaraeliya,305.00,303.68,0,6.15,6.05,9.6,0,233,0,27.89,139.23,358.939,39.1,289
5/1/2022,Stem,Kegalle,331.50,303.68,0,6.15,6.05,9.6,0,233,0,27.89,139.23,358.939,39.1,289
5/1/2022,Stem,Kurunegala,382.50,303.68,0,6.15,6.05,9.6,0,233,0,27.89,139.23,358.939,39.1,289
5/1/2022,Stem,Gampaha,180.50,303.68,0,6.15,6.05,9.6,0,233,0,27.89,139.23,358.939,39.1,289
5/1/2022,Stem,Matara,140.00,303.68,0,6.15,6.05,9.6,0,233,0,27.89,139.23,358.939,39.1,289
6/1/2022,Clove,Kandy,2578.67,2423.98,0,5.9,5.8,9.2,0,116,3358,27.37,70.76,360.2428,54.6,430
6/1/2022,Clove,Matale,2839.33,2423.98,0,5.9,5.8,9.2,0,116,3358,27.37,70.76,360.2428,54.6,430
6/1/2022,Clove,Nuwaraeliya,2696.67,2423.98,0,5.9,5.8,9.2,0,116,3358,27.37,70.76,360.2428,54.6,430
6/1/2022,Clove,Kegalle,2455.33,2423.98,0,5.9,5.8,9.2,0,116,3358,27.37,70.76,360.2428,54.6,430
6/1/2022,Clove,Ratnapura,2595.67,2423.98,0,5.9,5.8,9.2,0,116,3358,27.37,70.76,360.2428,54.6,430
6/1/2022,Clove,Badulla,2233.33,2423.98,0,5.9,5.8,9.2,0,116,3358,27.37,70.76,360.2428,54.6,430
6/1/2022,Clove,Kurunegala,2622.33,2423.98,0,5.9,5.8,9.2,0,116,3358,27.37,70.76,360.2428,54.6,430
6/1/2022,Clove,Colombo,2050.00,2423.98,0,5.9,5.8,9.2,0,116,3358,27.37,70.76,360.2428,54.6,430
6/1/2022,Clove,Gampaha,2333.33,2423.98,0,5.9,5.8,9.2,0,116,3358,27.37,70.76,360.2428,54.6,430
6/1/2022,Clove,Kalutara,1996.67,2423.98,0,5.9,5.8,9.2,0,116,3358,27.37,70.76,360.2428,54.6,430
6/1/2022,Clove,Galle,2000.00,2423.98,0,5.9,5.8,9.2,0,116,3358,27.37,70.76,360.2428,54.6,430
6/1/2022,Clove,Matara,2731.67,2423.98,0,5.9,5.8,9.2,0,116,3358,27.37,70.76,360.2428,54.6,430
6/1/2022,Clove,Hambantota,2644.33,2423.98,0,5.9,5.8,9.2,0,116,3358,27.37,70.76,360.2428,54.6,430
6/1/2022,Clove,Monaragala,2158.33,2423.98,0,5.9,5.8,9.2,0,116,3358,27.37,70.76,360.2428,54.6,430
6/1/2022,Stem,Kandy,343.33,277.43,0,5.9,5.8,9.2,0,116,3358,27.37,70.76,360.2428,54.6,430
6/1/2022,Stem,Matale,391.33,277.43,0,5.9,5.8,9.2,0,116,3358,27.37,70.76,360.2428,54.6,430
6/1/2022,Stem,Nuwaraeliya,288.33,277.43,0,5.9,5.8,9.2,0,116,3358,27.37,70.76,360.2428,54.6,430
6/1/2022,Stem,Kegalle,263.67,277.43,0,5.9,5.8,9.2,0,116,3358,27.37,70.76,360.2428,54.6,430
6/1/2022,Stem,Kurunegala,316.67,277.43,0,5.9,5.8,9.2,0,116,3358,27.37,70.76,360.2428,54.6,430
6/1/2022,Stem,Gampaha,195.33,277.43,0,5.9,5.8,9.2,0,116,3358,27.37,70.76,360.2428,54.6,430
6/1/2022,Stem,Matara,143.33,277.43,0,5.9,5.8,9.2,0,116,3358,27.37,70.76,360.2428,54.6,430
7/1/2022,Clove,Kandy,2782.00,2476.32,0,6,5.9,9.3,0,47,14489,27.28,128.65,360.8724,60.8,430
7/1/2022,Clove,Matale,2910.75,2476.32,0,6,5.9,9.3,0,47,14489,27.28,128.65,360.8724,60.8,430
7/1/2022,Clove,Nuwaraeliya,2745.00,2476.32,0,6,5.9,9.3,0,47,14489,27.28,128.65,360.8724,60.8,430
7/1/2022,Clove,Kegalle,2483.25,2476.32,0,6,5.9,9.3,0,47,14489,27.28,128.65,360.8724,60.8,430
7/1/2022,Clove,Ratnapura,2690.50,2476.32,0,6,5.9,9.3,0,47,14489,27.28,128.65,360.8724,60.8,430
7/1/2022,Clove,Badulla,2075.75,2476.32,0,6,5.9,9.3,0,47,14489,27.28,128.65,360.8724,60.8,430
7/1/2022,Clove,Kurunegala,2833.25,2476.32,0,6,5.9,9.3,0,47,14489,27.28,128.65,360.8724,60.8,430
7/1/2022,Clove,Colombo,2262.50,2476.32,0,6,5.9,9.3,0,47,14489,27.28,128.65,360.8724,60.8,430
7/1/2022,Clove,Gampaha,2400.00,2476.32,0,6,5.9,9.3,0,47,14489,27.28,128.65,360.8724,60.8,430
7/1/2022,Clove,Kalutara,2142.50,2476.32,0,6,5.9,9.3,0,47,14489,27.28,128.65,360.8724,60.8,430
7/1/2022,Clove,Galle,1843.75,2476.32,0,6,5.9,9.3,0,47,14489,27.28,128.65,360.8724,60.8,430
7/1/2022,Clove,Matara,2661.75,2476.32,0,6,5.9,9.3,0,47,14489,27.28,128.65,360.8724,60.8,430
7/1/2022,Clove,Hambantota,2487.50,2476.32,0,6,5.9,9.3,0,47,14489,27.28,128.65,360.8724,60.8,430
7/1/2022,Clove,Monaragala,2350.00,2476.32,0,6,5.9,9.3,0,47,14489,27.28,128.65,360.8724,60.8,430
7/1/2022,Stem,Kandy,367.75,297.00,0,6,5.9,9.3,0,47,14489,27.28,128.65,360.8724,60.8,430
7/1/2022,Stem,Matale,442.25,297.00,0,6,5.9,9.3,0,47,14489,27.28,128.65,360.8724,60.8,430
7/1/2022,Stem,Nuwaraeliya,252.50,297.00,0,6,5.9,9.3,0,47,14489,27.28,128.65,360.8724,60.8,430
7/1/2022,Stem,Kegalle,276.00,297.00,0,6,5.9,9.3,0,47,14489,27.28,128.65,360.8724,60.8,430
7/1/2022,Stem,Kurunegala,400.00,297.00,0,6,5.9,9.3,0,47,14489,27.28,128.65,360.8724,60.8,430
7/1/2022,Stem,Gampaha,183.75,297.00,0,6,5.9,9.3,0,47,14489,27.28,128.65,360.8724,60.8,430
7/1/2022,Stem,Matara,150.50,297.00,0,6,5.9,9.3,0,47,14489,27.28,128.65,360.8724,60.8,430
8/1/2022,Clove,Kandy,2873.75,2564.11,0,6.05,5.95,9.4,0,47,15596,26.94,140.71,360.9983,64.3,430
8/1/2022,Clove,Matale,3038.50,2564.11,0,6.05,5.95,9.4,0,47,15596,26.94,140.71,360.9983,64.3,430
8/1/2022,Clove,Nuwaraeliya,2567.50,2564.11,0,6.05,5.95,9.4,0,47,15596,26.94,140.71,360.9983,64.3,430
8/1/2022,Clove,Kegalle,2566.50,2564.11,0,6.05,5.95,9.4,0,47,15596,26.94,140.71,360.9983,64.3,430
8/1/2022,Clove,Ratnapura,2615.75,2564.11,0,6.05,5.95,9.4,0,47,15596,26.94,140.71,360.9983,64.3,430
8/1/2022,Clove,Badulla,2123.75,2564.11,0,6.05,5.95,9.4,0,47,15596,26.94,140.71,360.9983,64.3,430
8/1/2022,Clove,Kurunegala,2800.00,2564.11,0,6.05,5.95,9.4,0,47,15596,26.94,140.71,360.9983,64.3,430
8/1/2022,Clove,Colombo,2281.25,2564.11,0,6.05,5.95,9.4,0,47,15596,26.94,140.71,360.9983,64.3,430
8/1/2022,Clove,Gampaha,2200.00,2564.11,0,6.05,5.95,9.4,0,47,15596,26.94,140.71,360.9983,64.3,430
8/1/2022,Clove,Kalutara,2241.25,2564.11,0,6.05,5.95,9.4,0,47,15596,26.94,140.71,360.9983,64.3,430
8/1/2022,Clove,Galle,2462.50,2564.11,0,6.05,5.95,9.4,0,47,15596,26.94,140.71,360.9983,64.3,430
8/1/2022,Clove,Matara,2601.75,2564.11,0,6.05,5.95,9.4,0,47,15596,26.94,140.71,360.9983,64.3,430
8/1/2022,Clove,Hambantota,2420.00,2564.11,0,6.05,5.95,9.4,0,47,15596,26.94,140.71,360.9983,64.3,430
8/1/2022,Clove,Monaragala,2475.00,2564.11,0,6.05,5.95,9.4,0,47,15596,26.94,140.71,360.9983,64.3,430
8/1/2022,Stem,Kandy,394.25,303.57,0,6.05,5.95,9.4,0,47,15596,26.94,140.71,360.9983,64.3,430
8/1/2022,Stem,Matale,466.00,303.57,0,6.05,5.95,9.4,0,47,15596,26.94,140.71,360.9983,64.3,430
8/1/2022,Stem,Nuwaraeliya,250.00,303.57,0,6.05,5.95,9.4,0,47,15596,26.94,140.71,360.9983,64.3,430
8/1/2022,Stem,Kegalle,273.75,303.57,0,6.05,5.95,9.4,0,47,15596,26.94,140.71,360.9983,64.3,430
8/1/2022,Stem,Kurunegala,400.00,303.57,0,6.05,5.95,9.4,0,47,15596,26.94,140.71,360.9983,64.3,430
8/1/2022,Stem,Gampaha,192.50,303.57,0,6.05,5.95,9.4,0,47,15596,26.94,140.71,360.9983,64.3,430
8/1/2022,Stem,Matara,148.50,303.57,0,6.05,5.95,9.4,0,47,15596,26.94,140.71,360.9983,64.3,430
9/1/2022,Clove,Kandy,2826.75,2519.22,0,6.1,6,9.5,0,35,22927,27.15,66.45,362.3826,69.8,415
9/1/2022,Clove,Matale,2931.25,2519.22,0,6.1,6,9.5,0,35,22927,27.15,66.45,362.3826,69.8,415
9/1/2022,Clove,Nuwaraeliya,2512.50,2519.22,0,6.1,6,9.5,0,35,22927,27.15,66.45,362.3826,69.8,415
9/1/2022,Clove,Kegalle,2441.50,2519.22,0,6.1,6,9.5,0,35,22927,27.15,66.45,362.3826,69.8,415
9/1/2022,Clove,Ratnapura,2793.75,2519.22,0,6.1,6,9.5,0,35,22927,27.15,66.45,362.3826,69.8,415
9/1/2022,Clove,Badulla,2064.00,2519.22,0,6.1,6,9.5,0,35,22927,27.15,66.45,362.3826,69.8,415
9/1/2022,Clove,Kurunegala,2700.00,2519.22,0,6.1,6,9.5,0,35,22927,27.15,66.45,362.3826,69.8,415
9/1/2022,Clove,Colombo,2281.25,2519.22,0,6.1,6,9.5,0,35,22927,27.15,66.45,362.3826,69.8,415
9/1/2022,Clove,Gampaha,2605.00,2519.22,0,6.1,6,9.5,0,35,22927,27.15,66.45,362.3826,69.8,415
9/1/2022,Clove,Kalutara,2000.00,2519.22,0,6.1,6,9.5,0,35,22927,27.15,66.45,362.3826,69.8,415
9/1/2022,Clove,Galle,2462.50,2519.22,0,6.1,6,9.5,0,35,22927,27.15,66.45,362.3826,69.8,415
9/1/2022,Clove,Matara,2732.50,2519.22,0,6.1,6,9.5,0,35,22927,27.15,66.45,362.3826,69.8,415
9/1/2022,Clove,Hambantota,2541.50,2519.22,0,6.1,6,9.5,0,35,22927,27.15,66.45,362.3826,69.8,415
9/1/2022,Clove,Monaragala,2454.00,2519.22,0,6.1,6,9.5,0,35,22927,27.15,66.45,362.3826,69.8,415
9/1/2022,Stem,Kandy,401.25,286.82,0,6.1,6,9.5,0,35,22927,27.15,66.45,362.3826,69.8,415
9/1/2022,Stem,Matale,443.00,286.82,0,6.1,6,9.5,0,35,22927,27.15,66.45,362.3826,69.8,415
9/1/2022,Stem,Nuwaraeliya,252.50,286.82,0,6.1,6,9.5,0,35,22927,27.15,66.45,362.3826,69.8,415
9/1/2022,Stem,Kegalle,252.50,286.82,0,6.1,6,9.5,0,35,22927,27.15,66.45,362.3826,69.8,415
9/1/2022,Stem,Kurunegala,275.00,286.82,0,6.1,6,9.5,0,35,22927,27.15,66.45,362.3826,69.8,415
9/1/2022,Stem,Gampaha,235.00,286.82,0,6.1,6,9.5,0,35,22927,27.15,66.45,362.3826,69.8,415
9/1/2022,Stem,Matara,148.50,286.82,0,6.1,6,9.5,0,35,22927,27.15,66.45,362.3826,69.8,415
10/1/2022,Clove,Kandy,2457.67,2387.41,0,6.2,6.1,9.65,0,35,34420,26.89,282.23,363.1484,66,430
10/1/2022,Clove,Matale,2604.00,2387.41,0,6.2,6.1,9.65,0,35,34420,26.89,282.23,363.1484,66,430
10/1/2022,Clove,Nuwaraeliya,2323.33,2387.41,0,6.2,6.1,9.65,0,35,34420,26.89,282.23,363.1484,66,430
10/1/2022,Clove,Kegalle,2144.33,2387.41,0,6.2,6.1,9.65,0,35,34420,26.89,282.23,363.1484,66,430
10/1/2022,Clove,Ratnapura,2616.67,2387.41,0,6.2,6.1,9.65,0,35,34420,26.89,282.23,363.1484,66,430
10/1/2022,Clove,Badulla,2080.67,2387.41,0,6.2,6.1,9.65,0,35,34420,26.89,282.23,363.1484,66,430
10/1/2022,Clove,Kurunegala,2722.33,2387.41,0,6.2,6.1,9.65,0,35,34420,26.89,282.23,363.1484,66,430
10/1/2022,Clove,Colombo,2133.33,2387.41,0,6.2,6.1,9.65,0,35,34420,26.89,282.23,363.1484,66,430
10/1/2022,Clove,Gampaha,2633.33,2387.41,0,6.2,6.1,9.65,0,35,34420,26.89,282.23,363.1484,66,430
10/1/2022,Clove,Kalutara,2006.67,2387.41,0,6.2,6.1,9.65,0,35,34420,26.89,282.23,363.1484,66,430
10/1/2022,Clove,Galle,2233.33,2387.41,0,6.2,6.1,9.65,0,35,34420,26.89,282.23,363.1484,66,430
10/1/2022,Clove,Matara,2624.00,2387.41,0,6.2,6.1,9.65,0,35,34420,26.89,282.23,363.1484,66,430
10/1/2022,Clove,Hambantota,2533.00,2387.41,0,6.2,6.1,9.65,0,35,34420,26.89,282.23,363.1484,66,430
10/1/2022,Clove,Monaragala,2311.00,2387.41,0,6.2,6.1,9.65,0,35,34420,26.89,282.23,363.1484,66,430
10/1/2022,Stem,Kandy,310.00,269.19,0,6.2,6.1,9.65,0,35,34420,26.89,282.23,363.1484,66,430
10/1/2022,Stem,Matale,428.67,269.19,0,6.2,6.1,9.65,0,35,34420,26.89,282.23,363.1484,66,430
10/1/2022,Stem,Nuwaraeliya,283.33,269.19,0,6.2,6.1,9.65,0,35,34420,26.89,282.23,363.1484,66,430
10/1/2022,Stem,Kegalle,261.67,269.19,0,6.2,6.1,9.65,0,35,34420,26.89,282.23,363.1484,66,430
10/1/2022,Stem,Kurunegala,250.00,269.19,0,6.2,6.1,9.65,0,35,34420,26.89,282.23,363.1484,66,430
10/1/2022,Stem,Gampaha,188.33,269.19,0,6.2,6.1,9.65,0,35,34420,26.89,282.23,363.1484,66,430
10/1/2022,Stem,Matara,162.33,269.19,0,6.2,6.1,9.65,0,35,34420,26.89,282.23,363.1484,66,430
11/1/2022,Clove,Kandy,2297.40,2199.31,0,6.25,6.15,9.75,1474.8,47,29054,26.03,266.7,363.394,66,420
11/1/2022,Clove,Matale,2355.60,2199.31,0,6.25,6.15,9.75,1474.8,47,29054,26.03,266.7,363.394,66,420
11/1/2022,Clove,Nuwaraeliya,2140.00,2199.31,0,6.25,6.15,9.75,1474.8,47,29054,26.03,266.7,363.394,66,420
11/1/2022,Clove,Kegalle,1943.20,2199.31,0,6.25,6.15,9.75,1474.8,47,29054,26.03,266.7,363.394,66,420
11/1/2022,Clove,Ratnapura,2357.20,2199.31,0,6.25,6.15,9.75,1474.8,47,29054,26.03,266.7,363.394,66,420
11/1/2022,Clove,Badulla,1938.40,2199.31,0,6.25,6.15,9.75,1474.8,47,29054,26.03,266.7,363.394,66,420
11/1/2022,Clove,Kurunegala,2193.20,2199.31,0,6.25,6.15,9.75,1474.8,47,29054,26.03,266.7,363.394,66,420
11/1/2022,Clove,Colombo,2090.00,2199.31,0,6.25,6.15,9.75,1474.8,47,29054,26.03,266.7,363.394,66,420
11/1/2022,Clove,Gampaha,2172.00,2199.31,0,6.25,6.15,9.75,1474.8,47,29054,26.03,266.7,363.394,66,420
11/1/2022,Clove,Kalutara,1990.00,2199.31,0,6.25,6.15,9.75,1474.8,47,29054,26.03,266.7,363.394,66,420
11/1/2022,Clove,Galle,2270.00,2199.31,0,6.25,6.15,9.75,1474.8,47,29054,26.03,266.7,363.394,66,420
11/1/2022,Clove,Matara,2443.60,2199.31,0,6.25,6.15,9.75,1474.8,47,29054,26.03,266.7,363.394,66,420
11/1/2022,Clove,Hambantota,2513.20,2199.31,0,6.25,6.15,9.75,1474.8,47,29054,26.03,266.7,363.394,66,420
11/1/2022,Clove,Monaragala,2086.60,2199.31,0,6.25,6.15,9.75,1474.8,47,29054,26.03,266.7,363.394,66,420
11/1/2022,Stem,Kandy,327.20,267.09,0,6.25,6.15,9.75,1474.8,47,29054,26.03,266.7,363.394,66,420
11/1/2022,Stem,Matale,385.80,267.09,0,6.25,6.15,9.75,1474.8,47,29054,26.03,266.7,363.394,66,420
11/1/2022,Stem,Nuwaraeliya,277.00,267.09,0,6.25,6.15,9.75,1474.8,47,29054,26.03,266.7,363.394,66,420
11/1/2022,Stem,Kegalle,269.20,267.09,0,6.25,6.15,9.75,1474.8,47,29054,26.03,266.7,363.394,66,420
11/1/2022,Stem,Kurunegala,280.00,267.09,0,6.25,6.15,9.75,1474.8,47,29054,26.03,266.7,363.394,66,420
11/1/2022,Stem,Gampaha,171.00,267.09,0,6.25,6.15,9.75,1474.8,47,29054,26.03,266.7,363.394,66,420
11/1/2022,Stem,Matara,159.40,267.09,0,6.25,6.15,9.75,1474.8,47,29054,26.03,266.7,363.394,66,420
12/1/2022,Clove,Kandy,2192.00,2118.36,1,6.3,6.2,9.8,2654.6,47,17487,25.64,299.07,363.1652,57.2,420
12/1/2022,Clove,Matale,2335.25,2118.36,1,6.3,6.2,9.8,2654.6,47,17487,25.64,299.07,363.1652,57.2,420
12/1/2022,Clove,Nuwaraeliya,2137.50,2118.36,1,6.3,6.2,9.8,2654.6,47,17487,25.64,299.07,363.1652,57.2,420
12/1/2022,Clove,Kegalle,2216.25,2118.36,1,6.3,6.2,9.8,2654.6,47,17487,25.64,299.07,363.1652,57.2,420
12/1/2022,Clove,Ratnapura,2143.00,2118.36,1,6.3,6.2,9.8,2654.6,47,17487,25.64,299.07,363.1652,57.2,420
12/1/2022,Clove,Badulla,2001.75,2118.36,1,6.3,6.2,9.8,2654.6,47,17487,25.64,299.07,363.1652,57.2,420
12/1/2022,Clove,Kurunegala,2133.25,2118.36,1,6.3,6.2,9.8,2654.6,47,17487,25.64,299.07,363.1652,57.2,420
12/1/2022,Clove,Colombo,2031.50,2118.36,1,6.3,6.2,9.8,2654.6,47,17487,25.64,299.07,363.1652,57.2,420
12/1/2022,Clove,Gampaha,2200.00,2118.36,1,6.3,6.2,9.8,2654.6,47,17487,25.64,299.07,363.1652,57.2,420
12/1/2022,Clove,Kalutara,1780.00,2118.36,1,6.3,6.2,9.8,2654.6,47,17487,25.64,299.07,363.1652,57.2,420
12/1/2022,Clove,Galle,2100.00,2118.36,1,6.3,6.2,9.8,2654.6,47,17487,25.64,299.07,363.1652,57.2,420
12/1/2022,Clove,Matara,2100.25,2118.36,1,6.3,6.2,9.8,2654.6,47,17487,25.64,299.07,363.1652,57.2,420
12/1/2022,Clove,Hambantota,2086.50,2118.36,1,6.3,6.2,9.8,2654.6,47,17487,25.64,299.07,363.1652,57.2,420
12/1/2022,Clove,Monaragala,2200.00,2118.36,1,6.3,6.2,9.8,2654.6,47,17487,25.64,299.07,363.1652,57.2,420
12/1/2022,Stem,Kandy,300.50,258.29,1,6.3,6.2,9.8,2654.6,47,17487,25.64,299.07,363.1652,57.2,420
12/1/2022,Stem,Matale,346.00,258.29,1,6.3,6.2,9.8,2654.6,47,17487,25.64,299.07,363.1652,57.2,420
12/1/2022,Stem,Nuwaraeliya,228.75,258.29,1,6.3,6.2,9.8,2654.6,47,17487,25.64,299.07,363.1652,57.2,420
12/1/2022,Stem,Kegalle,279.00,258.29,1,6.3,6.2,9.8,2654.6,47,17487,25.64,299.07,363.1652,57.2,420
12/1/2022,Stem,Kurunegala,317.50,258.29,1,6.3,6.2,9.8,2654.6,47,17487,25.64,299.07,363.1652,57.2,420
12/1/2022,Stem,Gampaha,184.00,258.29,1,6.3,6.2,9.8,2654.6,47,17487,25.64,299.07,363.1652,57.2,420
12/1/2022,Stem,Matara,152.25,258.29,1,6.3,6.2,9.8,2654.6,47,17487,25.64,299.07,363.1652,57.2,420
1/1/2023,Clove,Kandy,2448.00,2278.09,1,6.9,6,6,1769.7,292,10174,24.9,117.48,362.4228,51.7,405
1/1/2023,Clove,Matale,2571.60,2278.09,1,6.9,6,6,1769.7,292,10174,24.9,117.48,362.4228,51.7,405
1/1/2023,Clove,Nuwaraeliya,2268.00,2278.09,1,6.9,6,6,1769.7,292,10174,24.9,117.48,362.4228,51.7,405
1/1/2023,Clove,Kegalle,2446.20,2278.09,1,6.9,6,6,1769.7,292,10174,24.9,117.48,362.4228,51.7,405
1/1/2023,Clove,Ratnapura,2330.00,2278.09,1,6.9,6,6,1769.7,292,10174,24.9,117.48,362.4228,51.7,405
1/1/2023,Clove,Badulla,2061.20,2278.09,1,6.9,6,6,1769.7,292,10174,24.9,117.48,362.4228,51.7,405
1/1/2023,Clove,Kurunegala,2686.80,2278.09,1,6.9,6,6,1769.7,292,10174,24.9,117.48,362.4228,51.7,405
1/1/2023,Clove,Colombo,2055.00,2278.09,1,6.9,6,6,1769.7,292,10174,24.9,117.48,362.4228,51.7,405
1/1/2023,Clove,Gampaha,2317.00,2278.09,1,6.9,6,6,1769.7,292,10174,24.9,117.48,362.4228,51.7,405
1/1/2023,Clove,Kalutara,1797.00,2278.09,1,6.9,6,6,1769.7,292,10174,24.9,117.48,362.4228,51.7,405
1/1/2023,Clove,Galle,2060.00,2278.09,1,6.9,6,6,1769.7,292,10174,24.9,117.48,362.4228,51.7,405
1/1/2023,Clove,Matara,2395.20,2278.09,1,6.9,6,6,1769.7,292,10174,24.9,117.48,362.4228,51.7,405
1/1/2023,Clove,Hambantota,2353.20,2278.09,1,6.9,6,6,1769.7,292,10174,24.9,117.48,362.4228,51.7,405
1/1/2023,Clove,Monaragala,2104.00,2278.09,1,6.9,6,6,1769.7,292,10174,24.9,117.48,362.4228,51.7,405
1/1/2023,Stem,Kandy,332.20,305.43,1,6.9,6,6,1769.7,292,10174,24.9,117.48,362.4228,51.7,405
1/1/2023,Stem,Matale,371.20,305.43,1,6.9,6,6,1769.7,292,10174,24.9,117.48,362.4228,51.7,405
1/1/2023,Stem,Nuwaraeliya,315.00,305.43,1,6.9,6,6,1769.7,292,10174,24.9,117.48,362.4228,51.7,405
1/1/2023,Stem,Kegalle,312.60,305.43,1,6.9,6,6,1769.7,292,10174,24.9,117.48,362.4228,51.7,405
1/1/2023,Stem,Kurunegala,400.00,305.43,1,6.9,6,6,1769.7,292,10174,24.9,117.48,362.4228,51.7,405
1/1/2023,Stem,Gampaha,234.00,305.43,1,6.9,6,6,1769.7,292,10174,24.9,117.48,362.4228,51.7,405
1/1/2023,Stem,Matara,173.00,305.43,1,6.9,6,6,1769.7,292,10174,24.9,117.48,362.4228,51.7,405
2/1/2023,Clove,Kandy,2723.50,2438.13,1,7,6.1,6.2,0,876,11472,25.42,149.15,361.9766,50.6,405
2/1/2023,Clove,Matale,2833.50,2438.13,1,7,6.1,6.2,0,876,11472,25.42,149.15,361.9766,50.6,405
2/1/2023,Clove,Nuwaraeliya,2562.50,2438.13,1,7,6.1,6.2,0,876,11472,25.42,149.15,361.9766,50.6,405
2/1/2023,Clove,Kegalle,2641.50,2438.13,1,7,6.1,6.2,0,876,11472,25.42,149.15,361.9766,50.6,405
2/1/2023,Clove,Ratnapura,2659.00,2438.13,1,7,6.1,6.2,0,876,11472,25.42,149.15,361.9766,50.6,405
2/1/2023,Clove,Badulla,2037.25,2438.13,1,7,6.1,6.2,0,876,11472,25.42,149.15,361.9766,50.6,405
2/1/2023,Clove,Kurunegala,2624.75,2438.13,1,7,6.1,6.2,0,876,11472,25.42,149.15,361.9766,50.6,405
2/1/2023,Clove,Colombo,1959.50,2438.13,1,7,6.1,6.2,0,876,11472,25.42,149.15,361.9766,50.6,405
2/1/2023,Clove,Gampaha,2502.50,2438.13,1,7,6.1,6.2,0,876,11472,25.42,149.15,361.9766,50.6,405
2/1/2023,Clove,Kalutara,1850.00,2438.13,1,7,6.1,6.2,0,876,11472,25.42,149.15,361.9766,50.6,405
2/1/2023,Clove,Galle,2125.00,2438.13,1,7,6.1,6.2,0,876,11472,25.42,149.15,361.9766,50.6,405
2/1/2023,Clove,Matara,2669.50,2438.13,1,7,6.1,6.2,0,876,11472,25.42,149.15,361.9766,50.6,405
2/1/2023,Clove,Hambantota,2575.00,2438.13,1,7,6.1,6.2,0,876,11472,25.42,149.15,361.9766,50.6,405
2/1/2023,Clove,Monaragala,2370.50,2438.13,1,7,6.1,6.2,0,876,11472,25.42,149.15,361.9766,50.6,405
2/1/2023,Stem,Kandy,414.00,377.18,1,7,6.1,6.2,0,876,11472,25.42,149.15,361.9766,50.6,405
2/1/2023,Stem,Matale,424.75,377.18,1,7,6.1,6.2,0,876,11472,25.42,149.15,361.9766,50.6,405
2/1/2023,Stem,Nuwaraeliya,407.50,377.18,1,7,6.1,6.2,0,876,11472,25.42,149.15,361.9766,50.6,405
2/1/2023,Stem,Kegalle,437.50,377.18,1,7,6.1,6.2,0,876,11472,25.42,149.15,361.9766,50.6,405
2/1/2023,Stem,Kurunegala,381.00,377.18,1,7,6.1,6.2,0,876,11472,25.42,149.15,361.9766,50.6,405
2/1/2023,Stem,Gampaha,266.25,377.18,1,7,6.1,6.2,0,876,11472,25.42,149.15,361.9766,50.6,405
2/1/2023,Stem,Matara,309.50,377.18,1,7,6.1,6.2,0,876,11472,25.42,149.15,361.9766,50.6,405
3/1/2023,Clove,Kandy,2167.25,2206.47,0,7.1,6.15,6.3,0,1460,11668,27.01,95.15,329.4709,50.3,325
3/1/2023,Clove,Matale,2449.75,2206.47,0,7.1,6.15,6.3,0,1460,11668,27.01,95.15,329.4709,50.3,325
3/1/2023,Clove,Nuwaraeliya,2375.00,2206.47,0,7.1,6.15,6.3,0,1460,11668,27.01,95.15,329.4709,50.3,325
3/1/2023,Clove,Kegalle,2216.25,2206.47,0,7.1,6.15,6.3,0,1460,11668,27.01,95.15,329.4709,50.3,325
3/1/2023,Clove,Ratnapura,2158.25,2206.47,0,7.1,6.15,6.3,0,1460,11668,27.01,95.15,329.4709,50.3,325
3/1/2023,Clove,Badulla,2056.25,2206.47,0,7.1,6.15,6.3,0,1460,11668,27.01,95.15,329.4709,50.3,325
3/1/2023,Clove,Kurunegala,2317.00,2206.47,0,7.1,6.15,6.3,0,1460,11668,27.01,95.15,329.4709,50.3,325
3/1/2023,Clove,Colombo,2037.50,2206.47,0,7.1,6.15,6.3,0,1460,11668,27.01,95.15,329.4709,50.3,325
3/1/2023,Clove,Gampaha,2297.50,2206.47,0,7.1,6.15,6.3,0,1460,11668,27.01,95.15,329.4709,50.3,325
3/1/2023,Clove,Kalutara,1850.00,2206.47,0,7.1,6.15,6.3,0,1460,11668,27.01,95.15,329.4709,50.3,325
3/1/2023,Clove,Galle,2187.50,2206.47,0,7.1,6.15,6.3,0,1460,11668,27.01,95.15,329.4709,50.3,325
3/1/2023,Clove,Matara,2441.00,2206.47,0,7.1,6.15,6.3,0,1460,11668,27.01,95.15,329.4709,50.3,325
3/1/2023,Clove,Hambantota,2438.75,2206.47,0,7.1,6.15,6.3,0,1460,11668,27.01,95.15,329.4709,50.3,325
3/1/2023,Clove,Monaragala,1895.75,2206.47,0,7.1,6.15,6.3,0,1460,11668,27.01,95.15,329.4709,50.3,325
3/1/2023,Stem,Kandy,310.25,331.71,0,7.1,6.15,6.3,0,1460,11668,27.01,95.15,329.4709,50.3,325
3/1/2023,Stem,Matale,379.00,331.71,0,7.1,6.15,6.3,0,1460,11668,27.01,95.15,329.4709,50.3,325
3/1/2023,Stem,Nuwaraeliya,335.00,331.71,0,7.1,6.15,6.3,0,1460,11668,27.01,95.15,329.4709,50.3,325
3/1/2023,Stem,Kegalle,373.75,331.71,0,7.1,6.15,6.3,0,1460,11668,27.01,95.15,329.4709,50.3,325
3/1/2023,Stem,Kurunegala,299.75,331.71,0,7.1,6.15,6.3,0,1460,11668,27.01,95.15,329.4709,50.3,325
3/1/2023,Stem,Gampaha,285.50,331.71,0,7.1,6.15,6.3,0,1460,11668,27.01,95.15,329.4709,50.3,325
3/1/2023,Stem,Matara,338.75,331.71,0,7.1,6.15,6.3,0,1460,11668,27.01,95.15,329.4709,50.3,325
4/1/2023,Clove,Kandy,2267.67,2206.92,0,7.15,6.2,6.1,0,1460,5871,28.27,134.72,321.4244,35.3,310
4/1/2023,Clove,Matale,2514.33,2206.92,0,7.15,6.2,6.1,0,1460,5871,28.27,134.72,321.4244,35.3,310
4/1/2023,Clove,Nuwaraeliya,2370.00,2206.92,0,7.15,6.2,6.1,0,1460,5871,28.27,134.72,321.4244,35.3,310
4/1/2023,Clove,Kegalle,2199.67,2206.92,0,7.15,6.2,6.1,0,1460,5871,28.27,134.72,321.4244,35.3,310
4/1/2023,Clove,Ratnapura,2212.50,2206.92,0,7.15,6.2,6.1,0,1460,5871,28.27,134.72,321.4244,35.3,310
4/1/2023,Clove,Badulla,1972.67,2206.92,0,7.15,6.2,6.1,0,1460,5871,28.27,134.72,321.4244,35.3,310
4/1/2023,Clove,Kurunegala,2178.00,2206.92,0,7.15,6.2,6.1,0,1460,5871,28.27,134.72,321.4244,35.3,310
4/1/2023,Clove,Colombo,2058.33,2206.92,0,7.15,6.2,6.1,0,1460,5871,28.27,134.72,321.4244,35.3,310
4/1/2023,Clove,Gampaha,2296.67,2206.92,0,7.15,6.2,6.1,0,1460,5871,28.27,134.72,321.4244,35.3,310
4/1/2023,Clove,Kalutara,1750.00,2206.92,0,7.15,6.2,6.1,0,1460,5871,28.27,134.72,321.4244,35.3,310
4/1/2023,Clove,Galle,2216.67,2206.92,0,7.15,6.2,6.1,0,1460,5871,28.27,134.72,321.4244,35.3,310
4/1/2023,Clove,Matara,2253.33,2206.92,0,7.15,6.2,6.1,0,1460,5871,28.27,134.72,321.4244,35.3,310
4/1/2023,Clove,Hambantota,2470.00,2206.92,0,7.15,6.2,6.1,0,1460,5871,28.27,134.72,321.4244,35.3,310
4/1/2023,Clove,Monaragala,2144.33,2206.92,0,7.15,6.2,6.1,0,1460,5871,28.27,134.72,321.4244,35.3,310
4/1/2023,Stem,Kandy,319.00,313.19,0,7.15,6.2,6.1,0,1460,5871,28.27,134.72,321.4244,35.3,310
4/1/2023,Stem,Matale,373.00,313.19,0,7.15,6.2,6.1,0,1460,5871,28.27,134.72,321.4244,35.3,310
4/1/2023,Stem,Nuwaraeliya,365.00,313.19,0,7.15,6.2,6.1,0,1460,5871,28.27,134.72,321.4244,35.3,310
4/1/2023,Stem,Kegalle,348.00,313.19,0,7.15,6.2,6.1,0,1460,5871,28.27,134.72,321.4244,35.3,310
4/1/2023,Stem,Kurunegala,225.33,313.19,0,7.15,6.2,6.1,0,1460,5871,28.27,134.72,321.4244,35.3,310
4/1/2023,Stem,Gampaha,315.00,313.19,0,7.15,6.2,6.1,0,1460,5871,28.27,134.72,321.4244,35.3,310
4/1/2023,Stem,Matara,247.00,313.19,0,7.15,6.2,6.1,0,1460,5871,28.27,134.72,321.4244,35.3,310
5/1/2023,Clove,Kandy,2402.80,2190.19,0,7.2,6.25,5.8,0,876,0,28.01,189.54,310.1639,25.2,310
5/1/2023,Clove,Matale,2474.60,2190.19,0,7.2,6.25,5.8,0,876,0,28.01,189.54,310.1639,25.2,310
5/1/2023,Clove,Nuwaraeliya,2406.40,2190.19,0,7.2,6.25,5.8,0,876,0,28.01,189.54,310.1639,25.2,310
5/1/2023,Clove,Kegalle,2339.60,2190.19,0,7.2,6.25,5.8,0,876,0,28.01,189.54,310.1639,25.2,310
5/1/2023,Clove,Ratnapura,2125.00,2190.19,0,7.2,6.25,5.8,0,876,0,28.01,189.54,310.1639,25.2,310
5/1/2023,Clove,Badulla,2006.60,2190.19,0,7.2,6.25,5.8,0,876,0,28.01,189.54,310.1639,25.2,310
5/1/2023,Clove,Kurunegala,2293.20,2190.19,0,7.2,6.25,5.8,0,876,0,28.01,189.54,310.1639,25.2,310
5/1/2023,Clove,Colombo,2080.00,2190.19,0,7.2,6.25,5.8,0,876,0,28.01,189.54,310.1639,25.2,310
5/1/2023,Clove,Gampaha,2190.00,2190.19,0,7.2,6.25,5.8,0,876,0,28.01,189.54,310.1639,25.2,310
5/1/2023,Clove,Kalutara,1904.00,2190.19,0,7.2,6.25,5.8,0,876,0,28.01,189.54,310.1639,25.2,310
5/1/2023,Clove,Galle,2170.00,2190.19,0,7.2,6.25,5.8,0,876,0,28.01,189.54,310.1639,25.2,310
5/1/2023,Clove,Matara,2140.60,2190.19,0,7.2,6.25,5.8,0,876,0,28.01,189.54,310.1639,25.2,310
5/1/2023,Clove,Hambantota,2120.00,2190.19,0,7.2,6.25,5.8,0,876,0,28.01,189.54,310.1639,25.2,310
5/1/2023,Clove,Monaragala,2009.80,2190.19,0,7.2,6.25,5.8,0,876,0,28.01,189.54,310.1639,25.2,310
5/1/2023,Stem,Kandy,366.00,321.03,0,7.2,6.25,5.8,0,876,0,28.01,189.54,310.1639,25.2,310
5/1/2023,Stem,Matale,394.00,321.03,0,7.2,6.25,5.8,0,876,0,28.01,189.54,310.1639,25.2,310
5/1/2023,Stem,Nuwaraeliya,357.80,321.03,0,7.2,6.25,5.8,0,876,0,28.01,189.54,310.1639,25.2,310
5/1/2023,Stem,Kegalle,334.80,321.03,0,7.2,6.25,5.8,0,876,0,28.01,189.54,310.1639,25.2,310
5/1/2023,Stem,Kurunegala,270.60,321.03,0,7.2,6.25,5.8,0,876,0,28.01,189.54,310.1639,25.2,310
5/1/2023,Stem,Gampaha,279.00,321.03,0,7.2,6.25,5.8,0,876,0,28.01,189.54,310.1639,25.2,310
5/1/2023,Stem,Matara,245.00,321.03,0,7.2,6.25,5.8,0,876,0,28.01,189.54,310.1639,25.2,310
6/1/2023,Clove,Kandy,2555.75,2273.47,0,7.2,6.25,5.5,0,350,3342,28.19,74.32,301.2612,12,308
6/1/2023,Clove,Matale,2463.50,2273.47,0,7.2,6.25,5.5,0,350,3342,28.19,74.32,301.2612,12,308
6/1/2023,Clove,Nuwaraeliya,2577.00,2273.47,0,7.2,6.25,5.5,0,350,3342,28.19,74.32,301.2612,12,308
6/1/2023,Clove,Kegalle,2558.00,2273.47,0,7.2,6.25,5.5,0,350,3342,28.19,74.32,301.2612,12,308
6/1/2023,Clove,Ratnapura,2218.75,2273.47,0,7.2,6.25,5.5,0,350,3342,28.19,74.32,301.2612,12,308
6/1/2023,Clove,Badulla,1912.50,2273.47,0,7.2,6.25,5.5,0,350,3342,28.19,74.32,301.2612,12,308
6/1/2023,Clove,Kurunegala,2266.50,2273.47,0,7.2,6.25,5.5,0,350,3342,28.19,74.32,301.2612,12,308
6/1/2023,Clove,Colombo,2093.75,2273.47,0,7.2,6.25,5.5,0,350,3342,28.19,74.32,301.2612,12,308
6/1/2023,Clove,Gampaha,2160.00,2273.47,0,7.2,6.25,5.5,0,350,3342,28.19,74.32,301.2612,12,308
6/1/2023,Clove,Kalutara,1836.25,2273.47,0,7.2,6.25,5.5,0,350,3342,28.19,74.32,301.2612,12,308
6/1/2023,Clove,Galle,2262.50,2273.47,0,7.2,6.25,5.5,0,350,3342,28.19,74.32,301.2612,12,308
6/1/2023,Clove,Matara,2336.75,2273.47,0,7.2,6.25,5.5,0,350,3342,28.19,74.32,301.2612,12,308
6/1/2023,Clove,Hambantota,2358.25,2273.47,0,7.2,6.25,5.5,0,350,3342,28.19,74.32,301.2612,12,308
6/1/2023,Clove,Monaragala,2229.00,2273.47,0,7.2,6.25,5.5,0,350,3342,28.19,74.32,301.2612,12,308
6/1/2023,Stem,Kandy,348.50,314.25,0,7.2,6.25,5.5,0,350,3342,28.19,74.32,301.2612,12,308
6/1/2023,Stem,Matale,372.00,314.25,0,7.2,6.25,5.5,0,350,3342,28.19,74.32,301.2612,12,308
6/1/2023,Stem,Nuwaraeliya,382.25,314.25,0,7.2,6.25,5.5,0,350,3342,28.19,74.32,301.2612,12,308
6/1/2023,Stem,Kegalle,356.00,314.25,0,7.2,6.25,5.5,0,350,3342,28.19,74.32,301.2612,12,308
6/1/2023,Stem,Kurunegala,251.75,314.25,0,7.2,6.25,5.5,0,350,3342,28.19,74.32,301.2612,12,308
6/1/2023,Stem,Gampaha,242.50,314.25,0,7.2,6.25,5.5,0,350,3342,28.19,74.32,301.2612,12,308
6/1/2023,Stem,Matara,246.75,314.25,0,7.2,6.25,5.5,0,350,3342,28.19,74.32,301.2612,12,308
7/1/2023,Clove,Kandy,2887.80,2493.34,0,7.25,6.3,5.3,0,117,14419,27.94,47.41,319.2903,6.3,306
7/1/2023,Clove,Matale,2988.40,2493.34,0,7.25,6.3,5.3,0,117,14419,27.94,47.41,319.2903,6.3,306
7/1/2023,Clove,Nuwaraeliya,2803.00,2493.34,0,7.25,6.3,5.3,0,117,14419,27.94,47.41,319.2903,6.3,306
7/1/2023,Clove,Kegalle,2893.00,2493.34,0,7.25,6.3,5.3,0,117,14419,27.94,47.41,319.2903,6.3,306
7/1/2023,Clove,Ratnapura,2435.00,2493.34,0,7.25,6.3,5.3,0,117,14419,27.94,47.41,319.2903,6.3,306
7/1/2023,Clove,Badulla,2049.80,2493.34,0,7.25,6.3,5.3,0,117,14419,27.94,47.41,319.2903,6.3,306
7/1/2023,Clove,Kurunegala,2433.20,2493.34,0,7.25,6.3,5.3,0,117,14419,27.94,47.41,319.2903,6.3,306
7/1/2023,Clove,Colombo,2100.00,2493.34,0,7.25,6.3,5.3,0,117,14419,27.94,47.41,319.2903,6.3,306
7/1/2023,Clove,Gampaha,2486.00,2493.34,0,7.25,6.3,5.3,0,117,14419,27.94,47.41,319.2903,6.3,306
7/1/2023,Clove,Kalutara,1990.00,2493.34,0,7.25,6.3,5.3,0,117,14419,27.94,47.41,319.2903,6.3,306
7/1/2023,Clove,Galle,2420.00,2493.34,0,7.25,6.3,5.3,0,117,14419,27.94,47.41,319.2903,6.3,306
7/1/2023,Clove,Matara,2612.00,2493.34,0,7.25,6.3,5.3,0,117,14419,27.94,47.41,319.2903,6.3,306
7/1/2023,Clove,Hambantota,2556.40,2493.34,0,7.25,6.3,5.3,0,117,14419,27.94,47.41,319.2903,6.3,306
7/1/2023,Clove,Monaragala,2252.20,2493.34,0,7.25,6.3,5.3,0,117,14419,27.94,47.41,319.2903,6.3,306
7/1/2023,Stem,Kandy,375.80,339.14,0,7.25,6.3,5.3,0,117,14419,27.94,47.41,319.2903,6.3,306
7/1/2023,Stem,Matale,399.20,339.14,0,7.25,6.3,5.3,0,117,14419,27.94,47.41,319.2903,6.3,306
7/1/2023,Stem,Nuwaraeliya,394.00,339.14,0,7.25,6.3,5.3,0,117,14419,27.94,47.41,319.2903,6.3,306
7/1/2023,Stem,Kegalle,383.20,339.14,0,7.25,6.3,5.3,0,117,14419,27.94,47.41,319.2903,6.3,306
7/1/2023,Stem,Kurunegala,290.00,339.14,0,7.25,6.3,5.3,0,117,14419,27.94,47.41,319.2903,6.3,306
7/1/2023,Stem,Gampaha,288.00,339.14,0,7.25,6.3,5.3,0,117,14419,27.94,47.41,319.2903,6.3,306
7/1/2023,Stem,Matara,243.80,339.14,0,7.25,6.3,5.3,0,117,14419,27.94,47.41,319.2903,6.3,306
8/1/2023,Clove,Kandy,3022.50,2685.22,0,7.25,6.3,5.1,0,117,15519,28.48,55.7,321.5764,4,341
8/1/2023,Clove,Matale,2951.25,2685.22,0,7.25,6.3,5.1,0,117,15519,28.48,55.7,321.5764,4,341
8/1/2023,Clove,Nuwaraeliya,2853.50,2685.22,0,7.25,6.3,5.1,0,117,15519,28.48,55.7,321.5764,4,341
8/1/2023,Clove,Kegalle,2941.50,2685.22,0,7.25,6.3,5.1,0,117,15519,28.48,55.7,321.5764,4,341
8/1/2023,Clove,Ratnapura,2718.75,2685.22,0,7.25,6.3,5.1,0,117,15519,28.48,55.7,321.5764,4,341
8/1/2023,Clove,Badulla,2189.25,2685.22,0,7.25,6.3,5.1,0,117,15519,28.48,55.7,321.5764,4,341
8/1/2023,Clove,Kurunegala,2816.75,2685.22,0,7.25,6.3,5.1,0,117,15519,28.48,55.7,321.5764,4,341
8/1/2023,Clove,Colombo,2375.00,2685.22,0,7.25,6.3,5.1,0,117,15519,28.48,55.7,321.5764,4,341
8/1/2023,Clove,Gampaha,2490.00,2685.22,0,7.25,6.3,5.1,0,117,15519,28.48,55.7,321.5764,4,341
8/1/2023,Clove,Kalutara,2195.00,2685.22,0,7.25,6.3,5.1,0,117,15519,28.48,55.7,321.5764,4,341
8/1/2023,Clove,Galle,2812.50,2685.22,0,7.25,6.3,5.1,0,117,15519,28.48,55.7,321.5764,4,341
8/1/2023,Clove,Matara,2831.50,2685.22,0,7.25,6.3,5.1,0,117,15519,28.48,55.7,321.5764,4,341
8/1/2023,Clove,Hambantota,2862.50,2685.22,0,7.25,6.3,5.1,0,117,15519,28.48,55.7,321.5764,4,341
8/1/2023,Clove,Monaragala,2533.00,2685.22,0,7.25,6.3,5.1,0,117,15519,28.48,55.7,321.5764,4,341
8/1/2023,Stem,Kandy,411.25,370.53,0,7.25,6.3,5.1,0,117,15519,28.48,55.7,321.5764,4,341
8/1/2023,Stem,Matale,457.50,370.53,0,7.25,6.3,5.1,0,117,15519,28.48,55.7,321.5764,4,341
8/1/2023,Stem,Nuwaraeliya,398.00,370.53,0,7.25,6.3,5.1,0,117,15519,28.48,55.7,321.5764,4,341
8/1/2023,Stem,Kegalle,372.50,370.53,0,7.25,6.3,5.1,0,117,15519,28.48,55.7,321.5764,4,341
8/1/2023,Stem,Kurunegala,357.50,370.53,0,7.25,6.3,5.1,0,117,15519,28.48,55.7,321.5764,4,341
8/1/2023,Stem,Gampaha,307.50,370.53,0,7.25,6.3,5.1,0,117,15519,28.48,55.7,321.5764,4,341
8/1/2023,Stem,Matara,257.00,370.53,0,7.25,6.3,5.1,0,117,15519,28.48,55.7,321.5764,4,341
9/1/2023,Clove,Kandy,2962.25,2678.97,0,7.2,6.25,5,0,88,22814,27.73,236.09,322.7693,1.3,351
9/1/2023,Clove,Matale,2978.50,2678.97,0,7.2,6.25,5,0,88,22814,27.73,236.09,322.7693,1.3,351
9/1/2023,Clove,Nuwaraeliya,2782.25,2678.97,0,7.2,6.25,5,0,88,22814,27.73,236.09,322.7693,1.3,351
9/1/2023,Clove,Kegalle,2924.50,2678.97,0,7.2,6.25,5,0,88,22814,27.73,236.09,322.7693,1.3,351
9/1/2023,Clove,Ratnapura,2759.25,2678.97,0,7.2,6.25,5,0,88,22814,27.73,236.09,322.7693,1.3,351
9/1/2023,Clove,Badulla,2214.25,2678.97,0,7.2,6.25,5,0,88,22814,27.73,236.09,322.7693,1.3,351
9/1/2023,Clove,Kurunegala,2874.75,2678.97,0,7.2,6.25,5,0,88,22814,27.73,236.09,322.7693,1.3,351
9/1/2023,Clove,Colombo,2312.50,2678.97,0,7.2,6.25,5,0,88,22814,27.73,236.09,322.7693,1.3,351
9/1/2023,Clove,Gampaha,2535.00,2678.97,0,7.2,6.25,5,0,88,22814,27.73,236.09,322.7693,1.3,351
9/1/2023,Clove,Kalutara,2423.75,2678.97,0,7.2,6.25,5,0,88,22814,27.73,236.09,322.7693,1.3,351
9/1/2023,Clove,Galle,2600.00,2678.97,0,7.2,6.25,5,0,88,22814,27.73,236.09,322.7693,1.3,351
9/1/2023,Clove,Matara,2830.50,2678.97,0,7.2,6.25,5,0,88,22814,27.73,236.09,322.7693,1.3,351
9/1/2023,Clove,Hambantota,2895.50,2678.97,0,7.2,6.25,5,0,88,22814,27.73,236.09,322.7693,1.3,351
9/1/2023,Clove,Monaragala,2412.50,2678.97,0,7.2,6.25,5,0,88,22814,27.73,236.09,322.7693,1.3,351
9/1/2023,Stem,Kandy,413.00,367.82,0,7.2,6.25,5,0,88,22814,27.73,236.09,322.7693,1.3,351
9/1/2023,Stem,Matale,405.50,367.82,0,7.2,6.25,5,0,88,22814,27.73,236.09,322.7693,1.3,351
9/1/2023,Stem,Nuwaraeliya,392.25,367.82,0,7.2,6.25,5,0,88,22814,27.73,236.09,322.7693,1.3,351
9/1/2023,Stem,Kegalle,366.25,367.82,0,7.2,6.25,5,0,88,22814,27.73,236.09,322.7693,1.3,351
9/1/2023,Stem,Kurunegala,427.50,367.82,0,7.2,6.25,5,0,88,22814,27.73,236.09,322.7693,1.3,351
9/1/2023,Stem,Gampaha,323.75,367.82,0,7.2,6.25,5,0,88,22814,27.73,236.09,322.7693,1.3,351
9/1/2023,Stem,Matara,246.50,367.82,0,7.2,6.25,5,0,88,22814,27.73,236.09,322.7693,1.3,351
10/1/2023,Clove,Kandy,2977.00,2741.53,0,7.15,6.2,4.9,0,88,34250,27.03,469.81,324.7303,1.5,356
10/1/2023,Clove,Matale,2961.40,2741.53,0,7.15,6.2,4.9,0,88,34250,27.03,469.81,324.7303,1.5,356
10/1/2023,Clove,Nuwaraeliya,2850.40,2741.53,0,7.15,6.2,4.9,0,88,34250,27.03,469.81,324.7303,1.5,356
10/1/2023,Clove,Kegalle,2726.40,2741.53,0,7.15,6.2,4.9,0,88,34250,27.03,469.81,324.7303,1.5,356
10/1/2023,Clove,Ratnapura,2859.80,2741.53,0,7.15,6.2,4.9,0,88,34250,27.03,469.81,324.7303,1.5,356
10/1/2023,Clove,Badulla,2186.80,2741.53,0,7.15,6.2,4.9,0,88,34250,27.03,469.81,324.7303,1.5,356
10/1/2023,Clove,Kurunegala,2895.40,2741.53,0,7.15,6.2,4.9,0,88,34250,27.03,469.81,324.7303,1.5,356
10/1/2023,Clove,Colombo,2532.60,2741.53,0,7.15,6.2,4.9,0,88,34250,27.03,469.81,324.7303,1.5,356
10/1/2023,Clove,Gampaha,2640.00,2741.53,0,7.15,6.2,4.9,0,88,34250,27.03,469.81,324.7303,1.5,356
10/1/2023,Clove,Kalutara,3173.00,2741.53,0,7.15,6.2,4.9,0,88,34250,27.03,469.81,324.7303,1.5,356
10/1/2023,Clove,Galle,2550.00,2741.53,0,7.15,6.2,4.9,0,88,34250,27.03,469.81,324.7303,1.5,356
10/1/2023,Clove,Matara,2890.00,2741.53,0,7.15,6.2,4.9,0,88,34250,27.03,469.81,324.7303,1.5,356
10/1/2023,Clove,Hambantota,2859.60,2741.53,0,7.15,6.2,4.9,0,88,34250,27.03,469.81,324.7303,1.5,356
10/1/2023,Clove,Monaragala,2279.00,2741.53,0,7.15,6.2,4.9,0,88,34250,27.03,469.81,324.7303,1.5,356
10/1/2023,Stem,Kandy,407.20,376.94,0,7.15,6.2,4.9,0,88,34250,27.03,469.81,324.7303,1.5,356
10/1/2023,Stem,Matale,408.60,376.94,0,7.15,6.2,4.9,0,88,34250,27.03,469.81,324.7303,1.5,356
10/1/2023,Stem,Nuwaraeliya,361.20,376.94,0,7.15,6.2,4.9,0,88,34250,27.03,469.81,324.7303,1.5,356
10/1/2023,Stem,Kegalle,389.80,376.94,0,7.15,6.2,4.9,0,88,34250,27.03,469.81,324.7303,1.5,356
10/1/2023,Stem,Kurunegala,446.00,376.94,0,7.15,6.2,4.9,0,88,34250,27.03,469.81,324.7303,1.5,356
10/1/2023,Stem,Gampaha,350.40,376.94,0,7.15,6.2,4.9,0,88,34250,27.03,469.81,324.7303,1.5,356
10/1/2023,Stem,Matara,277.32,376.94,0,7.15,6.2,4.9,0,88,34250,27.03,469.81,324.7303,1.5,356
11/1/2023,Clove,Kandy,3023.75,2777.75,0,7.2,6.3,5,1475,58,28911,26.85,455.51,328.25,3.4,329
11/1/2023,Clove,Matale,2988.25,2777.75,0,7.2,6.3,5,1475,58,28911,26.85,455.51,328.25,3.4,329
11/1/2023,Clove,Nuwaraeliya,2854.25,2777.75,0,7.2,6.3,5,1475,58,28911,26.85,455.51,328.25,3.4,329
11/1/2023,Clove,Kegalle,2916.00,2777.75,0,7.2,6.3,5,1475,58,28911,26.85,455.51,328.25,3.4,329
11/1/2023,Clove,Ratnapura,2843.75,2777.75,0,7.2,6.3,5,1475,58,28911,26.85,455.51,328.25,3.4,329
11/1/2023,Clove,Badulla,2176.75,2777.75,0,7.2,6.3,5,1475,58,28911,26.85,455.51,328.25,3.4,329
11/1/2023,Clove,Kurunegala,2878.75,2777.75,0,7.2,6.3,5,1475,58,28911,26.85,455.51,328.25,3.4,329
11/1/2023,Clove,Colombo,2712.50,2777.75,0,7.2,6.3,5,1475,58,28911,26.85,455.51,328.25,3.4,329
11/1/2023,Clove,Gampaha,2780.00,2777.75,0,7.2,6.3,5,1475,58,28911,26.85,455.51,328.25,3.4,329
11/1/2023,Clove,Kalutara,2870.00,2777.75,0,7.2,6.3,5,1475,58,28911,26.85,455.51,328.25,3.4,329
11/1/2023,Clove,Galle,2775.00,2777.75,0,7.2,6.3,5,1475,58,28911,26.85,455.51,328.25,3.4,329
11/1/2023,Clove,Matara,2908.75,2777.75,0,7.2,6.3,5,1475,58,28911,26.85,455.51,328.25,3.4,329
11/1/2023,Clove,Hambantota,2875.25,2777.75,0,7.2,6.3,5,1475,58,28911,26.85,455.51,328.25,3.4,329
11/1/2023,Clove,Monaragala,2285.50,2777.75,0,7.2,6.3,5,1475,58,28911,26.85,455.51,328.25,3.4,329
11/1/2023,Stem,Kandy,417.25,368.32,0,7.2,6.3,5,1475,58,28911,26.85,455.51,328.25,3.4,329
11/1/2023,Stem,Matale,400.50,368.32,0,7.2,6.3,5,1475,58,28911,26.85,455.51,328.25,3.4,329
11/1/2023,Stem,Nuwaraeliya,380.75,368.32,0,7.2,6.3,5,1475,58,28911,26.85,455.51,328.25,3.4,329
11/1/2023,Stem,Kegalle,366.25,368.32,0,7.2,6.3,5,1475,58,28911,26.85,455.51,328.25,3.4,329
11/1/2023,Stem,Kurunegala,405.00,368.32,0,7.2,6.3,5,1475,58,28911,26.85,455.51,328.25,3.4,329
11/1/2023,Stem,Gampaha,352.50,368.32,0,7.2,6.3,5,1475,58,28911,26.85,455.51,328.25,3.4,329
11/1/2023,Stem,Matara,257.75,368.32,0,7.2,6.3,5,1475,58,28911,26.85,455.51,328.25,3.4,329
12/1/2023,Clove,Kandy,3118.25,2838.46,1,7.25,6.4,5.2,2655,58,17431,26.68,459.58,326.7423,4,358
12/1/2023,Clove,Matale,3105.75,2838.46,1,7.25,6.4,5.2,2655,58,17431,26.68,459.58,326.7423,4,358
12/1/2023,Clove,Nuwaraeliya,2883.00,2838.46,1,7.25,6.4,5.2,2655,58,17431,26.68,459.58,326.7423,4,358
12/1/2023,Clove,Kegalle,3057.75,2838.46,1,7.25,6.4,5.2,2655,58,17431,26.68,459.58,326.7423,4,358
12/1/2023,Clove,Ratnapura,2931.50,2838.46,1,7.25,6.4,5.2,2655,58,17431,26.68,459.58,326.7423,4,358
12/1/2023,Clove,Badulla,2314.75,2838.46,1,7.25,6.4,5.2,2655,58,17431,26.68,459.58,326.7423,4,358
12/1/2023,Clove,Kurunegala,2920.75,2838.46,1,7.25,6.4,5.2,2655,58,17431,26.68,459.58,326.7423,4,358
12/1/2023,Clove,Colombo,2850.00,2838.46,1,7.25,6.4,5.2,2655,58,17431,26.68,459.58,326.7423,4,358
12/1/2023,Clove,Gampaha,3025.00,2838.46,1,7.25,6.4,5.2,2655,58,17431,26.68,459.58,326.7423,4,358
12/1/2023,Clove,Kalutara,2498.75,2838.46,1,7.25,6.4,5.2,2655,58,17431,26.68,459.58,326.7423,4,358
12/1/2023,Clove,Galle,2875.00,2838.46,1,7.25,6.4,5.2,2655,58,17431,26.68,459.58,326.7423,4,358
12/1/2023,Clove,Matara,3056.25,2838.46,1,7.25,6.4,5.2,2655,58,17431,26.68,459.58,326.7423,4,358
12/1/2023,Clove,Hambantota,2733.25,2838.46,1,7.25,6.4,5.2,2655,58,17431,26.68,459.58,326.7423,4,358
12/1/2023,Clove,Monaragala,2368.50,2838.46,1,7.25,6.4,5.2,2655,58,17431,26.68,459.58,326.7423,4,358
12/1/2023,Stem,Kandy,416.50,385.61,1,7.25,6.4,5.2,2655,58,17431,26.68,459.58,326.7423,4,358
12/1/2023,Stem,Matale,443.75,385.61,1,7.25,6.4,5.2,2655,58,17431,26.68,459.58,326.7423,4,358
12/1/2023,Stem,Nuwaraeliya,393.75,385.61,1,7.25,6.4,5.2,2655,58,17431,26.68,459.58,326.7423,4,358
12/1/2023,Stem,Kegalle,366.50,385.61,1,7.25,6.4,5.2,2655,58,17431,26.68,459.58,326.7423,4,358
12/1/2023,Stem,Kurunegala,406.25,385.61,1,7.25,6.4,5.2,2655,58,17431,26.68,459.58,326.7423,4,358
12/1/2023,Stem,Gampaha,391.25,385.61,1,7.25,6.4,5.2,2655,58,17431,26.68,459.58,326.7423,4,358
12/1/2023,Stem,Matara,281.25,385.61,1,7.25,6.4,5.2,2655,58,17431,26.68,459.58,326.7423,4,358
1/1/2024,Clove,Kandy,3309.80,2958.86,1,8,8.2,7.5,1770,159,7935,25.99,235.9,321.1706,6.4,363
1/1/2024,Clove,Matale,3360.40,2958.86,1,8,8.2,7.5,1770,159,7935,25.99,235.9,321.1706,6.4,363
1/1/2024,Clove,Nuwaraeliya,3213.20,2958.86,1,8,8.2,7.5,1770,159,7935,25.99,235.9,321.1706,6.4,363
1/1/2024,Clove,Kegalle,3259.80,2958.86,1,8,8.2,7.5,1770,159,7935,25.99,235.9,321.1706,6.4,363
1/1/2024,Clove,Ratnapura,2954.20,2958.86,1,8,8.2,7.5,1770,159,7935,25.99,235.9,321.1706,6.4,363
1/1/2024,Clove,Badulla,2331.20,2958.86,1,8,8.2,7.5,1770,159,7935,25.99,235.9,321.1706,6.4,363
1/1/2024,Clove,Kurunegala,3020.20,2958.86,1,8,8.2,7.5,1770,159,7935,25.99,235.9,321.1706,6.4,363
1/1/2024,Clove,Colombo,2770.00,2958.86,1,8,8.2,7.5,1770,159,7935,25.99,235.9,321.1706,6.4,363
1/1/2024,Clove,Gampaha,3008.00,2958.86,1,8,8.2,7.5,1770,159,7935,25.99,235.9,321.1706,6.4,363
1/1/2024,Clove,Kalutara,2825.00,2958.86,1,8,8.2,7.5,1770,159,7935,25.99,235.9,321.1706,6.4,363
1/1/2024,Clove,Galle,3010.00,2958.86,1,8,8.2,7.5,1770,159,7935,25.99,235.9,321.1706,6.4,363
1/1/2024,Clove,Matara,3106.00,2958.86,1,8,8.2,7.5,1770,159,7935,25.99,235.9,321.1706,6.4,363
1/1/2024,Clove,Hambantota,2996.60,2958.86,1,8,8.2,7.5,1770,159,7935,25.99,235.9,321.1706,6.4,363
1/1/2024,Clove,Monaragala,2259.60,2958.86,1,8,8.2,7.5,1770,159,7935,25.99,235.9,321.1706,6.4,363
1/1/2024,Stem,Kandy,430.40,388.63,1,8,8.2,7.5,1770,159,7935,25.99,235.9,321.1706,6.4,363
1/1/2024,Stem,Matale,443.40,388.63,1,8,8.2,7.5,1770,159,7935,25.99,235.9,321.1706,6.4,363
1/1/2024,Stem,Nuwaraeliya,395.40,388.63,1,8,8.2,7.5,1770,159,7935,25.99,235.9,321.1706,6.4,363
1/1/2024,Stem,Kegalle,374.80,388.63,1,8,8.2,7.5,1770,159,7935,25.99,235.9,321.1706,6.4,363
1/1/2024,Stem,Kurunegala,400.00,388.63,1,8,8.2,7.5,1770,159,7935,25.99,235.9,321.1706,6.4,363
1/1/2024,Stem,Gampaha,377.00,388.63,1,8,8.2,7.5,1770,159,7935,25.99,235.9,321.1706,6.4,363
1/1/2024,Stem,Matara,299.40,388.63,1,8,8.2,7.5,1770,159,7935,25.99,235.9,321.1706,6.4,363
2/1/2024,Clove,Kandy,3673.75,3226.11,1,8.2,8.4,7.8,0,159,8951,26.66,22.05,312.5801,5.9,363
2/1/2024,Clove,Matale,3696.75,3226.11,1,8.2,8.4,7.8,0,159,8951,26.66,22.05,312.5801,5.9,363
2/1/2024,Clove,Nuwaraeliya,3545.00,3226.11,1,8.2,8.4,7.8,0,159,8951,26.66,22.05,312.5801,5.9,363
2/1/2024,Clove,Kegalle,3516.25,3226.11,1,8.2,8.4,7.8,0,159,8951,26.66,22.05,312.5801,5.9,363
2/1/2024,Clove,Ratnapura,3025.00,3226.11,1,8.2,8.4,7.8,0,159,8951,26.66,22.05,312.5801,5.9,363
2/1/2024,Clove,Badulla,2664.50,3226.11,1,8.2,8.4,7.8,0,159,8951,26.66,22.05,312.5801,5.9,363
2/1/2024,Clove,Kurunegala,3359.00,3226.11,1,8.2,8.4,7.8,0,159,8951,26.66,22.05,312.5801,5.9,363
2/1/2024,Clove,Colombo,2981.25,3226.11,1,8.2,8.4,7.8,0,159,8951,26.66,22.05,312.5801,5.9,363
2/1/2024,Clove,Gampaha,3060.00,3226.11,1,8.2,8.4,7.8,0,159,8951,26.66,22.05,312.5801,5.9,363
2/1/2024,Clove,Kalutara,3000.00,3226.11,1,8.2,8.4,7.8,0,159,8951,26.66,22.05,312.5801,5.9,363
2/1/2024,Clove,Galle,3362.50,3226.11,1,8.2,8.4,7.8,0,159,8951,26.66,22.05,312.5801,5.9,363
2/1/2024,Clove,Matara,3336.00,3226.11,1,8.2,8.4,7.8,0,159,8951,26.66,22.05,312.5801,5.9,363
2/1/2024,Clove,Hambantota,3295.50,3226.11,1,8.2,8.4,7.8,0,159,8951,26.66,22.05,312.5801,5.9,363
2/1/2024,Clove,Monaragala,2650.00,3226.11,1,8.2,8.4,7.8,0,159,8951,26.66,22.05,312.5801,5.9,363
2/1/2024,Stem,Kandy,467.00,402.86,1,8.2,8.4,7.8,0,159,8951,26.66,22.05,312.5801,5.9,363
2/1/2024,Stem,Matale,476.25,402.86,1,8.2,8.4,7.8,0,159,8951,26.66,22.05,312.5801,5.9,363
2/1/2024,Stem,Nuwaraeliya,398.50,402.86,1,8.2,8.4,7.8,0,159,8951,26.66,22.05,312.5801,5.9,363
2/1/2024,Stem,Kegalle,374.75,402.86,1,8.2,8.4,7.8,0,159,8951,26.66,22.05,312.5801,5.9,363
2/1/2024,Stem,Kurunegala,350.00,402.86,1,8.2,8.4,7.8,0,159,8951,26.66,22.05,312.5801,5.9,363
2/1/2024,Stem,Gampaha,418.75,402.86,1,8.2,8.4,7.8,0,159,8951,26.66,22.05,312.5801,5.9,363
2/1/2024,Stem,Matara,334.75,402.86,1,8.2,8.4,7.8,0,159,8951,26.66,22.05,312.5801,5.9,363
3/1/2024,Clove,Kandy,3696.75,3403.50,0,8.5,8.7,8,0,127,9100,27.49,33.44,305.665,0.9,363
3/1/2024,Clove,Matale,3821.00,3403.50,0,8.5,8.7,8,0,127,9100,27.49,33.44,305.665,0.9,363
3/1/2024,Clove,Nuwaraeliya,3601.50,3403.50,0,8.5,8.7,8,0,127,9100,27.49,33.44,305.665,0.9,363
3/1/2024,Clove,Kegalle,3683.00,3403.50,0,8.5,8.7,8,0,127,9100,27.49,33.44,305.665,0.9,363
3/1/2024,Clove,Ratnapura,3325.00,3403.50,0,8.5,8.7,8,0,127,9100,27.49,33.44,305.665,0.9,363
3/1/2024,Clove,Badulla,2845.75,3403.50,0,8.5,8.7,8,0,127,9100,27.49,33.44,305.665,0.9,363
3/1/2024,Clove,Kurunegala,3499.75,3403.50,0,8.5,8.7,8,0,127,9100,27.49,33.44,305.665,0.9,363
3/1/2024,Clove,Colombo,3181.25,3403.50,0,8.5,8.7,8,0,127,9100,27.49,33.44,305.665,0.9,363
3/1/2024,Clove,Gampaha,3312.50,3403.50,0,8.5,8.7,8,0,127,9100,27.49,33.44,305.665,0.9,363
3/1/2024,Clove,Kalutara,3325.00,3403.50,0,8.5,8.7,8,0,127,9100,27.49,33.44,305.665,0.9,363
3/1/2024,Clove,Galle,3200.00,3403.50,0,8.5,8.7,8,0,127,9100,27.49,33.44,305.665,0.9,363
3/1/2024,Clove,Matara,3390.75,3403.50,0,8.5,8.7,8,0,127,9100,27.49,33.44,305.665,0.9,363
3/1/2024,Clove,Hambantota,3633.50,3403.50,0,8.5,8.7,8,0,127,9100,27.49,33.44,305.665,0.9,363
3/1/2024,Clove,Monaragala,3133.25,3403.50,0,8.5,8.7,8,0,127,9100,27.49,33.44,305.665,0.9,363
3/1/2024,Stem,Kandy,471.50,402.32,0,8.5,8.7,8,0,127,9100,27.49,33.44,305.665,0.9,363
3/1/2024,Stem,Matale,498.25,402.32,0,8.5,8.7,8,0,127,9100,27.49,33.44,305.665,0.9,363
3/1/2024,Stem,Nuwaraeliya,397.25,402.32,0,8.5,8.7,8,0,127,9100,27.49,33.44,305.665,0.9,363
3/1/2024,Stem,Kegalle,375.00,402.32,0,8.5,8.7,8,0,127,9100,27.49,33.44,305.665,0.9,363
3/1/2024,Stem,Kurunegala,357.50,402.32,0,8.5,8.7,8,0,127,9100,27.49,33.44,305.665,0.9,363
3/1/2024,Stem,Gampaha,400.00,402.32,0,8.5,8.7,8,0,127,9100,27.49,33.44,305.665,0.9,363
3/1/2024,Stem,Matara,316.75,402.32,0,8.5,8.7,8,0,127,9100,27.49,33.44,305.665,0.9,363
4/1/2024,Clove,Kandy,3687.20,3410.18,0,8.8,9,8.2,0,106,4585,29.42,74.5,299.4232,1.5,333
4/1/2024,Clove,Matale,3814.20,3410.18,0,8.8,9,8.2,0,106,4585,29.42,74.5,299.4232,1.5,333
4/1/2024,Clove,Nuwaraeliya,3626.60,3410.18,0,8.8,9,8.2,0,106,4585,29.42,74.5,299.4232,1.5,333
4/1/2024,Clove,Kegalle,3553.00,3410.18,0,8.8,9,8.2,0,106,4585,29.42,74.5,299.4232,1.5,333
4/1/2024,Clove,Ratnapura,3494.00,3410.18,0,8.8,9,8.2,0,106,4585,29.42,74.5,299.4232,1.5,333
4/1/2024,Clove,Badulla,2739.60,3410.18,0,8.8,9,8.2,0,106,4585,29.42,74.5,299.4232,1.5,333
4/1/2024,Clove,Kurunegala,3513.40,3410.18,0,8.8,9,8.2,0,106,4585,29.42,74.5,299.4232,1.5,333
4/1/2024,Clove,Colombo,3435.00,3410.18,0,8.8,9,8.2,0,106,4585,29.42,74.5,299.4232,1.5,333
4/1/2024,Clove,Gampaha,3751.60,3410.18,0,8.8,9,8.2,0,106,4585,29.42,74.5,299.4232,1.5,333
4/1/2024,Clove,Kalutara,3254.00,3410.18,0,8.8,9,8.2,0,106,4585,29.42,74.5,299.4232,1.5,333
4/1/2024,Clove,Galle,3100.00,3410.18,0,8.8,9,8.2,0,106,4585,29.42,74.5,299.4232,1.5,333
4/1/2024,Clove,Matara,3397.20,3410.18,0,8.8,9,8.2,0,106,4585,29.42,74.5,299.4232,1.5,333
4/1/2024,Clove,Hambantota,3426.60,3410.18,0,8.8,9,8.2,0,106,4585,29.42,74.5,299.4232,1.5,333
4/1/2024,Clove,Monaragala,2966.60,3410.18,0,8.8,9,8.2,0,106,4585,29.42,74.5,299.4232,1.5,333
4/1/2024,Stem,Kandy,452.80,432.57,0,8.8,9,8.2,0,106,4585,29.42,74.5,299.4232,1.5,333
4/1/2024,Stem,Matale,472.40,432.57,0,8.8,9,8.2,0,106,4585,29.42,74.5,299.4232,1.5,333
4/1/2024,Stem,Nuwaraeliya,389.00,432.57,0,8.8,9,8.2,0,106,4585,29.42,74.5,299.4232,1.5,333
4/1/2024,Stem,Kegalle,393.20,432.57,0,8.8,9,8.2,0,106,4585,29.42,74.5,299.4232,1.5,333
4/1/2024,Stem,Kurunegala,530.00,432.57,0,8.8,9,8.2,0,106,4585,29.42,74.5,299.4232,1.5,333
4/1/2024,Stem,Gampaha,450.00,432.57,0,8.8,9,8.2,0,106,4585,29.42,74.5,299.4232,1.5,333
4/1/2024,Stem,Matara,340.60,432.57,0,8.8,9,8.2,0,106,4585,29.42,74.5,299.4232,1.5,333
5/1/2024,Clove,Kandy,3591.00,3390.09,0,9,9.2,8.5,0,85,0,29.04,206.28,299.6923,0.9,317
5/1/2024,Clove,Matale,3651.25,3390.09,0,9,9.2,8.5,0,85,0,29.04,206.28,299.6923,0.9,317
5/1/2024,Clove,Nuwaraeliya,3367.50,3390.09,0,9,9.2,8.5,0,85,0,29.04,206.28,299.6923,0.9,317
5/1/2024,Clove,Kegalle,3599.75,3390.09,0,9,9.2,8.5,0,85,0,29.04,206.28,299.6923,0.9,317
5/1/2024,Clove,Ratnapura,3400.00,3390.09,0,9,9.2,8.5,0,85,0,29.04,206.28,299.6923,0.9,317
5/1/2024,Clove,Badulla,2749.75,3390.09,0,9,9.2,8.5,0,85,0,29.04,206.28,299.6923,0.9,317
5/1/2024,Clove,Kurunegala,3483.00,3390.09,0,9,9.2,8.5,0,85,0,29.04,206.28,299.6923,0.9,317
5/1/2024,Clove,Colombo,3456.25,3390.09,0,9,9.2,8.5,0,85,0,29.04,206.28,299.6923,0.9,317
5/1/2024,Clove,Gampaha,3764.50,3390.09,0,9,9.2,8.5,0,85,0,29.04,206.28,299.6923,0.9,317
5/1/2024,Clove,Kalutara,3469.25,3390.09,0,9,9.2,8.5,0,85,0,29.04,206.28,299.6923,0.9,317
5/1/2024,Clove,Galle,3412.50,3390.09,0,9,9.2,8.5,0,85,0,29.04,206.28,299.6923,0.9,317
5/1/2024,Clove,Matara,3469.25,3390.09,0,9,9.2,8.5,0,85,0,29.04,206.28,299.6923,0.9,317
5/1/2024,Clove,Hambantota,3500.00,3390.09,0,9,9.2,8.5,0,85,0,29.04,206.28,299.6923,0.9,317
5/1/2024,Clove,Monaragala,2666.50,3390.09,0,9,9.2,8.5,0,85,0,29.04,206.28,299.6923,0.9,317
5/1/2024,Stem,Kandy,438.75,419.89,0,9,9.2,8.5,0,85,0,29.04,206.28,299.6923,0.9,317
5/1/2024,Stem,Matale,411.75,419.89,0,9,9.2,8.5,0,85,0,29.04,206.28,299.6923,0.9,317
5/1/2024,Stem,Nuwaraeliya,396.25,419.89,0,9,9.2,8.5,0,85,0,29.04,206.28,299.6923,0.9,317
5/1/2024,Stem,Kegalle,352.00,419.89,0,9,9.2,8.5,0,85,0,29.04,206.28,299.6923,0.9,317
5/1/2024,Stem,Kurunegala,537.50,419.89,0,9,9.2,8.5,0,85,0,29.04,206.28,299.6923,0.9,317
5/1/2024,Stem,Gampaha,462.50,419.89,0,9,9.2,8.5,0,85,0,29.04,206.28,299.6923,0.9,317
5/1/2024,Stem,Matara,340.50,419.89,0,9,9.2,8.5,0,85,0,29.04,206.28,299.6923,0.9,317
6/1/2024,Clove,Kandy,3255.00,3210.44,0,9.1,9.3,8.6,0,85,2608,28.29,65.28,303.8121,1.7,317
6/1/2024,Clove,Matale,3023.25,3210.44,0,9.1,9.3,8.6,0,85,2608,28.29,65.28,303.8121,1.7,317
6/1/2024,Clove,Nuwaraeliya,3255.00,3210.44,0,9.1,9.3,8.6,0,85,2608,28.29,65.28,303.8121,1.7,317
6/1/2024,Clove,Kegalle,3199.75,3210.44,0,9.1,9.3,8.6,0,85,2608,28.29,65.28,303.8121,1.7,317
6/1/2024,Clove,Ratnapura,3118.75,3210.44,0,9.1,9.3,8.6,0,85,2608,28.29,65.28,303.8121,1.7,317
6/1/2024,Clove,Badulla,2823.25,3210.44,0,9.1,9.3,8.6,0,85,2608,28.29,65.28,303.8121,1.7,317
6/1/2024,Clove,Kurunegala,3408.50,3210.44,0,9.1,9.3,8.6,0,85,2608,28.29,65.28,303.8121,1.7,317
6/1/2024,Clove,Colombo,3361.50,3210.44,0,9.1,9.3,8.6,0,85,2608,28.29,65.28,303.8121,1.7,317
6/1/2024,Clove,Gampaha,3775.00,3210.44,0,9.1,9.3,8.6,0,85,2608,28.29,65.28,303.8121,1.7,317
6/1/2024,Clove,Kalutara,3201.25,3210.44,0,9.1,9.3,8.6,0,85,2608,28.29,65.28,303.8121,1.7,317
6/1/2024,Clove,Galle,3483.33,3210.44,0,9.1,9.3,8.6,0,85,2608,28.29,65.28,303.8121,1.7,317
6/1/2024,Clove,Matara,3227.50,3210.44,0,9.1,9.3,8.6,0,85,2608,28.29,65.28,303.8121,1.7,317
6/1/2024,Clove,Hambantota,3158.25,3210.44,0,9.1,9.3,8.6,0,85,2608,28.29,65.28,303.8121,1.7,317
6/1/2024,Clove,Monaragala,2752.00,3210.44,0,9.1,9.3,8.6,0,85,2608,28.29,65.28,303.8121,1.7,317
6/1/2024,Stem,Kandy,427.25,419.54,0,9.1,9.3,8.6,0,85,2608,28.29,65.28,303.8121,1.7,317
6/1/2024,Stem,Matale,429.75,419.54,0,9.1,9.3,8.6,0,85,2608,28.29,65.28,303.8121,1.7,317
6/1/2024,Stem,Nuwaraeliya,418.75,419.54,0,9.1,9.3,8.6,0,85,2608,28.29,65.28,303.8121,1.7,317
6/1/2024,Stem,Kegalle,341.50,419.54,0,9.1,9.3,8.6,0,85,2608,28.29,65.28,303.8121,1.7,317
6/1/2024,Stem,Kurunegala,512.50,419.54,0,9.1,9.3,8.6,0,85,2608,28.29,65.28,303.8121,1.7,317
6/1/2024,Stem,Gampaha,487.50,419.54,0,9.1,9.3,8.6,0,85,2608,28.29,65.28,303.8121,1.7,317
6/1/2024,Stem,Matara,319.50,419.54,0,9.1,9.3,8.6,0,85,2608,28.29,65.28,303.8121,1.7,317
7/1/2024,Clove,Kandy,2609.00,2749.67,0,9.2,9.4,8.7,0,63,11274,28.37,48.99,303.7559,2.4,317
7/1/2024,Clove,Matale,2675.00,2749.67,0,9.2,9.4,8.7,0,63,11274,28.37,48.99,303.7559,2.4,317
7/1/2024,Clove,Nuwaraeliya,2667.50,2749.67,0,9.2,9.4,8.7,0,63,11274,28.37,48.99,303.7559,2.4,317
7/1/2024,Clove,Kegalle,2641.50,2749.67,0,9.2,9.4,8.7,0,63,11274,28.37,48.99,303.7559,2.4,317
7/1/2024,Clove,Ratnapura,2615.75,2749.67,0,9.2,9.4,8.7,0,63,11274,28.37,48.99,303.7559,2.4,317
7/1/2024,Clove,Badulla,2666.25,2749.67,0,9.2,9.4,8.7,0,63,11274,28.37,48.99,303.7559,2.4,317
7/1/2024,Clove,Kurunegala,3225.25,2749.67,0,9.2,9.4,8.7,0,63,11274,28.37,48.99,303.7559,2.4,317
7/1/2024,Clove,Colombo,2454.33,2749.67,0,9.2,9.4,8.7,0,63,11274,28.37,48.99,303.7559,2.4,317
7/1/2024,Clove,Gampaha,2687.50,2749.67,0,9.2,9.4,8.7,0,63,11274,28.37,48.99,303.7559,2.4,317
7/1/2024,Clove,Kalutara,3043.75,2749.67,0,9.2,9.4,8.7,0,63,11274,28.37,48.99,303.7559,2.4,317
7/1/2024,Clove,Galle,3200.00,2749.67,0,9.2,9.4,8.7,0,63,11274,28.37,48.99,303.7559,2.4,317
7/1/2024,Clove,Matara,2694.25,2749.67,0,9.2,9.4,8.7,0,63,11274,28.37,48.99,303.7559,2.4,317
7/1/2024,Clove,Hambantota,2791.75,2749.67,0,9.2,9.4,8.7,0,63,11274,28.37,48.99,303.7559,2.4,317
7/1/2024,Clove,Monaragala,2466.50,2749.67,0,9.2,9.4,8.7,0,63,11274,28.37,48.99,303.7559,2.4,317
7/1/2024,Stem,Kandy,389.75,384.29,0,9.2,9.4,8.7,0,63,11274,28.37,48.99,303.7559,2.4,317
7/1/2024,Stem,Matale,427.75,384.29,0,9.2,9.4,8.7,0,63,11274,28.37,48.99,303.7559,2.4,317
7/1/2024,Stem,Nuwaraeliya,385.00,384.29,0,9.2,9.4,8.7,0,63,11274,28.37,48.99,303.7559,2.4,317
7/1/2024,Stem,Kegalle,374.75,384.29,0,9.2,9.4,8.7,0,63,11274,28.37,48.99,303.7559,2.4,317
7/1/2024,Stem,Kurunegala,500.00,384.29,0,9.2,9.4,8.7,0,63,11274,28.37,48.99,303.7559,2.4,317
7/1/2024,Stem,Gampaha,331.25,384.29,0,9.2,9.4,8.7,0,63,11274,28.37,48.99,303.7559,2.4,317
7/1/2024,Stem,Matara,281.50,384.29,0,9.2,9.4,8.7,0,63,11274,28.37,48.99,303.7559,2.4,317
8/1/2024,Clove,Kandy,2585.75,2511.34,0,9.3,9.5,8.8,0,63,12137,27.99,129.56,300.6683,0.5,307
8/1/2024,Clove,Matale,2522.75,2511.34,0,9.3,9.5,8.8,0,63,12137,27.99,129.56,300.6683,0.5,307
8/1/2024,Clove,Nuwaraeliya,2292.50,2511.34,0,9.3,9.5,8.8,0,63,12137,27.99,129.56,300.6683,0.5,307
8/1/2024,Clove,Kegalle,2499.75,2511.34,0,9.3,9.5,8.8,0,63,12137,27.99,129.56,300.6683,0.5,307
8/1/2024,Clove,Ratnapura,2525.00,2511.34,0,9.3,9.5,8.8,0,63,12137,27.99,129.56,300.6683,0.5,307
8/1/2024,Clove,Badulla,2428.25,2511.34,0,9.3,9.5,8.8,0,63,12137,27.99,129.56,300.6683,0.5,307
8/1/2024,Clove,Kurunegala,2867.00,2511.34,0,9.3,9.5,8.8,0,63,12137,27.99,129.56,300.6683,0.5,307
8/1/2024,Clove,Colombo,2375.00,2511.34,0,9.3,9.5,8.8,0,63,12137,27.99,129.56,300.6683,0.5,307
8/1/2024,Clove,Gampaha,2475.00,2511.34,0,9.3,9.5,8.8,0,63,12137,27.99,129.56,300.6683,0.5,307
8/1/2024,Clove,Kalutara,2655.00,2511.34,0,9.3,9.5,8.8,0,63,12137,27.99,129.56,300.6683,0.5,307
8/1/2024,Clove,Galle,2562.50,2511.34,0,9.3,9.5,8.8,0,63,12137,27.99,129.56,300.6683,0.5,307
8/1/2024,Clove,Matara,2518.00,2511.34,0,9.3,9.5,8.8,0,63,12137,27.99,129.56,300.6683,0.5,307
8/1/2024,Clove,Hambantota,2558.25,2511.34,0,9.3,9.5,8.8,0,63,12137,27.99,129.56,300.6683,0.5,307
8/1/2024,Clove,Monaragala,2294.00,2511.34,0,9.3,9.5,8.8,0,63,12137,27.99,129.56,300.6683,0.5,307
8/1/2024,Stem,Kandy,364.00,387.79,0,9.3,9.5,8.8,0,63,12137,27.99,129.56,300.6683,0.5,307
8/1/2024,Stem,Matale,444.00,387.79,0,9.3,9.5,8.8,0,63,12137,27.99,129.56,300.6683,0.5,307
8/1/2024,Stem,Nuwaraeliya,393.75,387.79,0,9.3,9.5,8.8,0,63,12137,27.99,129.56,300.6683,0.5,307
8/1/2024,Stem,Kegalle,314.75,387.79,0,9.3,9.5,8.8,0,63,12137,27.99,129.56,300.6683,0.5,307
8/1/2024,Stem,Kurunegala,500.00,387.79,0,9.3,9.5,8.8,0,63,12137,27.99,129.56,300.6683,0.5,307
8/1/2024,Stem,Gampaha,400.00,387.79,0,9.3,9.5,8.8,0,63,12137,27.99,129.56,300.6683,0.5,307
8/1/2024,Stem,Matara,300.50,387.79,0,9.3,9.5,8.8,0,63,12137,27.99,129.56,300.6683,0.5,283
9/1/2024,Clove,Kandy,2580.25,2489.88,0,9.4,9.6,8.9,0,53,17839,28.35,54.81,301.1505,-0.5,283
9/1/2024,Clove,Matale,2439.50,2489.88,0,9.4,9.6,8.9,0,53,17839,28.35,54.81,301.1505,-0.5,283
9/1/2024,Clove,Nuwaraeliya,2292.50,2489.88,0,9.4,9.6,8.9,0,53,17839,28.35,54.81,301.1505,-0.5,283
9/1/2024,Clove,Kegalle,2541.50,2489.88,0,9.4,9.6,8.9,0,53,17839,28.35,54.81,301.1505,-0.5,283
9/1/2024,Clove,Ratnapura,2487.50,2489.88,0,9.4,9.6,8.9,0,53,17839,28.35,54.81,301.1505,-0.5,283
9/1/2024,Clove,Badulla,2419.75,2489.88,0,9.4,9.6,8.9,0,53,17839,28.35,54.81,301.1505,-0.5,283
9/1/2024,Clove,Kurunegala,2775.25,2489.88,0,9.4,9.6,8.9,0,53,17839,28.35,54.81,301.1505,-0.5,283
9/1/2024,Clove,Colombo,2393.75,2489.88,0,9.4,9.6,8.9,0,53,17839,28.35,54.81,301.1505,-0.5,283
9/1/2024,Clove,Gampaha,2450.00,2489.88,0,9.4,9.6,8.9,0,53,17839,28.35,54.81,301.1505,-0.5,283
9/1/2024,Clove,Kalutara,2608.75,2489.88,0,9.4,9.6,8.9,0,53,17839,28.35,54.81,301.1505,-0.5,283
9/1/2024,Clove,Galle,2512.50,2489.88,0,9.4,9.6,8.9,0,53,17839,28.35,54.81,301.1505,-0.5,283
9/1/2024,Clove,Matara,2521.50,2489.88,0,9.4,9.6,8.9,0,53,17839,28.35,54.81,301.1505,-0.5,283
9/1/2024,Clove,Hambantota,2508.25,2489.88,0,9.4,9.6,8.9,0,53,17839,28.35,54.81,301.1505,-0.5,283
9/1/2024,Clove,Monaragala,2327.25,2489.88,0,9.4,9.6,8.9,0,53,17839,28.35,54.81,301.1505,-0.5,283
9/1/2024,Stem,Kandy,351.75,380.21,0,9.4,9.6,8.9,0,53,17839,28.35,54.81,301.1505,-0.5,283
9/1/2024,Stem,Matale,431.25,380.21,0,9.4,9.6,8.9,0,53,17839,28.35,54.81,301.1505,-0.5,283
9/1/2024,Stem,Nuwaraeliya,390.00,380.21,0,9.4,9.6,8.9,0,53,17839,28.35,54.81,301.1505,-0.5,283
9/1/2024,Stem,Kegalle,299.75,380.21,0,9.4,9.6,8.9,0,53,17839,28.35,54.81,301.1505,-0.5,283
9/1/2024,Stem,Kurunegala,500.00,380.21,0,9.4,9.6,8.9,0,53,17839,28.35,54.81,301.1505,-0.5,283
9/1/2024,Stem,Gampaha,375.00,380.21,0,9.4,9.6,8.9,0,53,17839,28.35,54.81,301.1505,-0.5,283
9/1/2024,Stem,Matara,313.75,380.21,0,9.4,9.6,8.9,0,53,17839,28.35,54.81,301.1505,-0.5,283
10/1/2024,Clove,Kandy,2492.50,2490.36,0,9.5,9.7,9,0,53,26782,27.5,196.51,293.7851,-0.8,283
10/1/2024,Clove,Matale,2402.50,2490.36,0,9.5,9.7,9,0,53,26782,27.5,196.51,293.7851,-0.8,283
10/1/2024,Clove,Nuwaraeliya,2286.25,2490.36,0,9.5,9.7,9,0,53,26782,27.5,196.51,293.7851,-0.8,283
10/1/2024,Clove,Kegalle,2574.75,2490.36,0,9.5,9.7,9,0,53,26782,27.5,196.51,293.7851,-0.8,283
10/1/2024,Clove,Ratnapura,2500.00,2490.36,0,9.5,9.7,9,0,53,26782,27.5,196.51,293.7851,-0.8,283
10/1/2024,Clove,Badulla,2208.25,2490.36,0,9.5,9.7,9,0,53,26782,27.5,196.51,293.7851,-0.8,283
10/1/2024,Clove,Kurunegala,2842.00,2490.36,0,9.5,9.7,9,0,53,26782,27.5,196.51,293.7851,-0.8,283
10/1/2024,Clove,Colombo,2306.25,2490.36,0,9.5,9.7,9,0,53,26782,27.5,196.51,293.7851,-0.8,283
10/1/2024,Clove,Gampaha,2562.50,2490.36,0,9.5,9.7,9,0,53,26782,27.5,196.51,293.7851,-0.8,283
10/1/2024,Clove,Kalutara,2846.25,2490.36,0,9.5,9.7,9,0,53,26782,27.5,196.51,293.7851,-0.8,283
10/1/2024,Clove,Galle,2606.25,2490.36,0,9.5,9.7,9,0,53,26782,27.5,196.51,293.7851,-0.8,283
10/1/2024,Clove,Matara,2510.75,2490.36,0,9.5,9.7,9,0,53,26782,27.5,196.51,293.7851,-0.8,283
10/1/2024,Clove,Hambantota,2500.00,2490.36,0,9.5,9.7,9,0,53,26782,27.5,196.51,293.7851,-0.8,283
10/1/2024,Clove,Monaragala,2226.75,2490.36,0,9.5,9.7,9,0,53,26782,27.5,196.51,293.7851,-0.8,283
10/1/2024,Stem,Kandy,361.75,377.97,0,9.5,9.7,9,0,53,26782,27.5,196.51,293.7851,-0.8,283
10/1/2024,Stem,Matale,394.75,377.97,0,9.5,9.7,9,0,53,26782,27.5,196.51,293.7851,-0.8,283
10/1/2024,Stem,Nuwaraeliya,393.75,377.97,0,9.5,9.7,9,0,53,26782,27.5,196.51,293.7851,-0.8,283
10/1/2024,Stem,Kegalle,314.50,377.97,0,9.5,9.7,9,0,53,26782,27.5,196.51,293.7851,-0.8,283
10/1/2024,Stem,Kurunegala,500.00,377.97,0,9.5,9.7,9,0,53,26782,27.5,196.51,293.7851,-0.8,283
10/1/2024,Stem,Gampaha,393.75,377.97,0,9.5,9.7,9,0,53,26782,27.5,196.51,293.7851,-0.8,283
10/1/2024,Stem,Matara,287.25,377.97,0,9.5,9.7,9,0,53,26782,27.5,196.51,293.7851,-0.8,283
11/1/2024,Clove,Kandy,2670.50,2511.93,0,9.55,9.75,9.05,1700,53,22602,26.99,398.77,292.0092,-2.1,286
11/1/2024,Clove,Matale,2407.50,2511.93,0,9.55,9.75,9.05,1700,53,22602,26.99,398.77,292.0092,-2.1,286
11/1/2024,Clove,Nuwaraeliya,2387.50,2511.93,0,9.55,9.75,9.05,1700,53,22602,26.99,398.77,292.0092,-2.1,286
11/1/2024,Clove,Kegalle,2632.75,2511.93,0,9.55,9.75,9.05,1700,53,22602,26.99,398.77,292.0092,-2.1,286
11/1/2024,Clove,Ratnapura,2525.00,2511.93,0,9.55,9.75,9.05,1700,53,22602,26.99,398.77,292.0092,-2.1,286
11/1/2024,Clove,Badulla,2324.75,2511.93,0,9.55,9.75,9.05,1700,53,22602,26.99,398.77,292.0092,-2.1,286
11/1/2024,Clove,Kurunegala,2867.00,2511.93,0,9.55,9.75,9.05,1700,53,22602,26.99,398.77,292.0092,-2.1,286
11/1/2024,Clove,Colombo,2356.25,2511.93,0,9.55,9.75,9.05,1700,53,22602,26.99,398.77,292.0092,-2.1,286
11/1/2024,Clove,Gampaha,2443.75,2511.93,0,9.55,9.75,9.05,1700,53,22602,26.99,398.77,292.0092,-2.1,286
11/1/2024,Clove,Kalutara,2475.00,2511.93,0,9.55,9.75,9.05,1700,53,22602,26.99,398.77,292.0092,-2.1,286
11/1/2024,Clove,Galle,2562.50,2511.93,0,9.55,9.75,9.05,1700,53,22602,26.99,398.77,292.0092,-2.1,286
11/1/2024,Clove,Matara,2573.00,2511.93,0,9.55,9.75,9.05,1700,53,22602,26.99,398.77,292.0092,-2.1,286
11/1/2024,Clove,Hambantota,2558.50,2511.93,0,9.55,9.75,9.05,1700,53,22602,26.99,398.77,292.0092,-2.1,286
11/1/2024,Clove,Monaragala,2383.00,2511.93,0,9.55,9.75,9.05,1700,53,22602,26.99,398.77,292.0092,-2.1,286
11/1/2024,Stem,Kandy,367.25,364.32,0,9.55,9.75,9.05,1700,53,22602,26.99,398.77,292.0092,-2.1,286
11/1/2024,Stem,Matale,396.75,364.32,0,9.55,9.75,9.05,1700,53,22602,26.99,398.77,292.0092,-2.1,286
11/1/2024,Stem,Nuwaraeliya,346.25,364.32,0,9.55,9.75,9.05,1700,53,22602,26.99,398.77,292.0092,-2.1,286
11/1/2024,Stem,Kegalle,324.75,364.32,0,9.55,9.75,9.05,1700,53,22602,26.99,398.77,292.0092,-2.1,286
11/1/2024,Stem,Kurunegala,500.00,364.32,0,9.55,9.75,9.05,1700,53,22602,26.99,398.77,292.0092,-2.1,286
11/1/2024,Stem,Gampaha,350.00,364.32,0,9.55,9.75,9.05,1700,53,22602,26.99,398.77,292.0092,-2.1,286
11/1/2024,Stem,Matara,265.25,364.32,0,9.55,9.75,9.05,1700,53,22602,26.99,398.77,292.0092,-2.1,286
12/1/2024,Clove,Kandy,2643.40,2499.74,1,9.6,9.8,9.1,3060,53,13626,26.47,159.13,291.6805,-1.7,286
12/1/2024,Clove,Matale,2574.00,2499.74,1,9.6,9.8,9.1,3060,53,13626,26.47,159.13,291.6805,-1.7,286
12/1/2024,Clove,Nuwaraeliya,2424.00,2499.74,1,9.6,9.8,9.1,3060,53,13626,26.47,159.13,291.6805,-1.7,286
12/1/2024,Clove,Kegalle,2486.40,2499.74,1,9.6,9.8,9.1,3060,53,13626,26.47,159.13,291.6805,-1.7,286
12/1/2024,Clove,Ratnapura,2525.00,2499.74,1,9.6,9.8,9.1,3060,53,13626,26.47,159.13,291.6805,-1.7,286
12/1/2024,Clove,Badulla,2133.00,2499.74,1,9.6,9.8,9.1,3060,53,13626,26.47,159.13,291.6805,-1.7,286
12/1/2024,Clove,Kurunegala,2760.20,2499.74,1,9.6,9.8,9.1,3060,53,13626,26.47,159.13,291.6805,-1.7,286
12/1/2024,Clove,Colombo,2337.60,2499.74,1,9.6,9.8,9.1,3060,53,13626,26.47,159.13,291.6805,-1.7,286
12/1/2024,Clove,Gampaha,2400.00,2499.74,1,9.6,9.8,9.1,3060,53,13626,26.47,159.13,291.6805,-1.7,286
12/1/2024,Clove,Kalutara,2440.00,2499.74,1,9.6,9.8,9.1,3060,53,13626,26.47,159.13,291.6805,-1.7,286
12/1/2024,Clove,Galle,2515.00,2499.74,1,9.6,9.8,9.1,3060,53,13626,26.47,159.13,291.6805,-1.7,286
12/1/2024,Clove,Matara,2570.00,2499.74,1,9.6,9.8,9.1,3060,53,13626,26.47,159.13,291.6805,-1.7,286
12/1/2024,Clove,Hambantota,2609.00,2499.74,1,9.6,9.8,9.1,3060,53,13626,26.47,159.13,291.6805,-1.7,286
12/1/2024,Clove,Monaragala,2373.80,2499.74,1,9.6,9.8,9.1,3060,53,13626,26.47,159.13,291.6805,-1.7,286
12/1/2024,Stem,Kandy,377.40,362.02,1,9.6,9.8,9.1,3060,53,13626,26.47,159.13,291.6805,-1.7,286
12/1/2024,Stem,Matale,394.20,362.02,1,9.6,9.8,9.1,3060,53,13626,26.47,159.13,291.6805,-1.7,286
12/1/2024,Stem,Nuwaraeliya,327.00,362.02,1,9.6,9.8,9.1,3060,53,13626,26.47,159.13,291.6805,-1.7,286
12/1/2024,Stem,Kegalle,299.00,362.02,1,9.6,9.8,9.1,3060,53,13626,26.47,159.13,291.6805,-1.7,286
12/1/2024,Stem,Kurunegala,500.00,362.02,1,9.6,9.8,9.1,3060,53,13626,26.47,159.13,291.6805,-1.7,286
12/1/2024,Stem,Gampaha,350.00,362.02,1,9.6,9.8,9.1,3060,53,13626,26.47,159.13,291.6805,-1.7,286
12/1/2024,Stem,Matara,293.40,362.02,1,9.6,9.8,9.1,3060,53,13626,26.47,159.13,291.6805,-1.7,286
1/1/2025,Clove,Kandy,2427.25,2432.70,1,9.65,9.85,9.15,2040,298,10774,25.59,241.85,296.1796,-4,286
1/1/2025,Clove,Matale,2536.75,2432.70,1,9.65,9.85,9.15,2040,298,10774,25.59,241.85,296.1796,-4,286
1/1/2025,Clove,Nuwaraeliya,2298.75,2432.70,1,9.65,9.85,9.15,2040,298,10774,25.59,241.85,296.1796,-4,286
1/1/2025,Clove,Kegalle,2399.67,2432.70,1,9.65,9.85,9.15,2040,298,10774,25.59,241.85,296.1796,-4,286
1/1/2025,Clove,Ratnapura,2487.50,2432.70,1,9.65,9.85,9.15,2040,298,10774,25.59,241.85,296.1796,-4,286
1/1/2025,Clove,Badulla,2306.25,2432.70,1,9.65,9.85,9.15,2040,298,10774,25.59,241.85,296.1796,-4,286
1/1/2025,Clove,Kurunegala,2425.25,2432.70,1,9.65,9.85,9.15,2040,298,10774,25.59,241.85,296.1796,-4,286
1/1/2025,Clove,Colombo,2293.75,2432.70,1,9.65,9.85,9.15,2040,298,10774,25.59,241.85,296.1796,-4,286
1/1/2025,Clove,Gampaha,2475.00,2432.70,1,9.65,9.85,9.15,2040,298,10774,25.59,241.85,296.1796,-4,286
1/1/2025,Clove,Kalutara,2572.00,2432.70,1,9.65,9.85,9.15,2040,298,10774,25.59,241.85,296.1796,-4,286
1/1/2025,Clove,Galle,2425.00,2432.70,1,9.65,9.85,9.15,2040,298,10774,25.59,241.85,296.1796,-4,286
1/1/2025,Clove,Matara,2428.00,2432.70,1,9.65,9.85,9.15,2040,298,10774,25.59,241.85,296.1796,-4,286
1/1/2025,Clove,Hambantota,2408.25,2432.70,1,9.65,9.85,9.15,2040,298,10774,25.59,241.85,296.1796,-4,286
1/1/2025,Clove,Monaragala,2551.75,2432.70,1,9.65,9.85,9.15,2040,298,10774,25.59,241.85,296.1796,-4,286
1/1/2025,Stem,Kandy,356.25,352.35,1,9.65,9.85,9.15,2040,298,10774,25.59,241.85,296.1796,-4,286
1/1/2025,Stem,Matale,393.00,352.35,1,9.65,9.85,9.15,2040,298,10774,25.59,241.85,296.1796,-4,286
1/1/2025,Stem,Nuwaraeliya,301.25,352.35,1,9.65,9.85,9.15,2040,298,10774,25.59,241.85,296.1796,-4,286
1/1/2025,Stem,Kegalle,288.67,352.35,1,9.65,9.85,9.15,2040,298,10774,25.59,241.85,296.1796,-4,286
1/1/2025,Stem,Kurunegala,500.00,352.35,1,9.65,9.85,9.15,2040,298,10774,25.59,241.85,296.1796,-4,286
1/1/2025,Stem,Gampaha,350.00,352.35,1,9.65,9.85,9.15,2040,298,10774,25.59,241.85,296.1796,-4,286
1/1/2025,Stem,Matara,309.00,352.35,1,9.65,9.85,9.15,2040,298,10774,25.59,241.85,296.1796,-4,286
2/1/2025,Clove,Kandy,2424.25,2338.51,1,9.7,9.9,9.2,0,893,12151,26.03,79.51,296.8034,-3.9,286
2/1/2025,Clove,Matale,2463.00,2338.51,1,9.7,9.9,9.2,0,893,12151,26.03,79.51,296.8034,-3.9,286
2/1/2025,Clove,Nuwaraeliya,2281.25,2338.51,1,9.7,9.9,9.2,0,893,12151,26.03,79.51,296.8034,-3.9,286
2/1/2025,Clove,Kegalle,2324.75,2338.51,1,9.7,9.9,9.2,0,893,12151,26.03,79.51,296.8034,-3.9,286
2/1/2025,Clove,Ratnapura,2325.00,2338.51,1,9.7,9.9,9.2,0,893,12151,26.03,79.51,296.8034,-3.9,286
2/1/2025,Clove,Badulla,2355.33,2338.51,1,9.7,9.9,9.2,0,893,12151,26.03,79.51,296.8034,-3.9,286
2/1/2025,Clove,Kurunegala,2333.50,2338.51,1,9.7,9.9,9.2,0,893,12151,26.03,79.51,296.8034,-3.9,286
2/1/2025,Clove,Colombo,2193.75,2338.51,1,9.7,9.9,9.2,0,893,12151,26.03,79.51,296.8034,-3.9,286
2/1/2025,Clove,Gampaha,2437.50,2338.51,1,9.7,9.9,9.2,0,893,12151,26.03,79.51,296.8034,-3.9,286
2/1/2025,Clove,Kalutara,2535.00,2338.51,1,9.7,9.9,9.2,0,893,12151,26.03,79.51,296.8034,-3.9,286
2/1/2025,Clove,Galle,2250.00,2338.51,1,9.7,9.9,9.2,0,893,12151,26.03,79.51,296.8034,-3.9,286
2/1/2025,Clove,Matara,2246.50,2338.51,1,9.7,9.9,9.2,0,893,12151,26.03,79.51,296.8034,-3.9,286
2/1/2025,Clove,Hambantota,2200.00,2338.51,1,9.7,9.9,9.2,0,893,12151,26.03,79.51,296.8034,-3.9,286
2/1/2025,Clove,Monaragala,2364.50,2338.51,1,9.7,9.9,9.2,0,893,12151,26.03,79.51,296.8034,-3.9,286
2/1/2025,Stem,Kandy,355.00,350.79,1,9.7,9.9,9.2,0,893,12151,26.03,79.51,296.8034,-3.9,286
2/1/2025,Stem,Matale,401.00,350.79,1,9.7,9.9,9.2,0,893,12151,26.03,79.51,296.8034,-3.9,286
2/1/2025,Stem,Nuwaraeliya,270.00,350.79,1,9.7,9.9,9.2,0,893,12151,26.03,79.51,296.8034,-3.9,286
2/1/2025,Stem,Kegalle,310.50,350.79,1,9.7,9.9,9.2,0,893,12151,26.03,79.51,296.8034,-3.9,286
2/1/2025,Stem,Kurunegala,500.00,350.79,1,9.7,9.9,9.2,0,893,12151,26.03,79.51,296.8034,-3.9,286
2/1/2025,Stem,Gampaha,375.00,350.79,1,9.7,9.9,9.2,0,893,12151,26.03,79.51,296.8034,-3.9,286
2/1/2025,Stem,Matara,288.50,350.79,1,9.7,9.9,9.2,0,893,12151,26.03,79.51,296.8034,-3.9,286
3/1/2025,Clove,Kandy,2432.50,2309.02,0,9.75,9.95,9.25,0,1488,12352,26.03,171.93,295.909,-1.9,286
3/1/2025,Clove,Matale,2447.75,2309.02,0,9.75,9.95,9.25,0,1488,12352,27.17,171.93,295.909,-1.9,286
3/1/2025,Clove,Nuwaraeliya,2317.50,2309.02,0,9.75,9.95,9.25,0,1488,12352,27.17,171.93,295.909,-1.9,286
3/1/2025,Clove,Kegalle,2299.75,2309.02,0,9.75,9.95,9.25,0,1488,12352,27.17,171.93,295.909,-1.9,286
3/1/2025,Clove,Ratnapura,2340.00,2309.02,0,9.75,9.95,9.25,0,1488,12352,27.17,171.93,295.909,-1.9,286
3/1/2025,Clove,Badulla,2222.50,2309.02,0,9.75,9.95,9.25,0,1488,12352,27.17,171.93,295.909,-1.9,286
3/1/2025,Clove,Kurunegala,2366.75,2309.02,0,9.75,9.95,9.25,0,1488,12352,27.17,171.93,295.909,-1.9,286
3/1/2025,Clove,Colombo,2193.75,2309.02,0,9.75,9.95,9.25,0,1488,12352,27.17,171.93,295.909,-1.9,286
3/1/2025,Clove,Gampaha,2187.50,2309.02,0,9.75,9.95,9.25,0,1488,12352,27.17,171.93,295.909,-1.9,286
3/1/2025,Clove,Kalutara,2380.00,2309.02,0,9.75,9.95,9.25,0,1488,12352,27.17,171.93,295.909,-1.9,286
3/1/2025,Clove,Galle,2256.25,2309.02,0,9.75,9.95,9.25,0,1488,12352,27.17,171.93,295.909,-1.9,286
3/1/2025,Clove,Matara,2349.00,2309.02,0,9.75,9.95,9.25,0,1488,12352,27.17,171.93,295.909,-1.9,286
3/1/2025,Clove,Hambantota,2250.00,2309.02,0,9.75,9.95,9.25,0,1488,12352,27.17,171.93,295.909,-1.9,286
3/1/2025,Clove,Monaragala,2283.00,2309.02,0,9.75,9.95,9.25,0,1488,12352,27.17,171.93,295.909,-1.9,286
3/1/2025,Stem,Kandy,348.00,339.44,0,9.75,9.95,9.25,0,1488,12352,27.17,171.93,295.909,-1.9,286
3/1/2025,Stem,Matale,419.25,339.44,0,9.75,9.95,9.25,0,1488,12352,27.17,171.93,295.909,-1.9,286
3/1/2025,Stem,Nuwaraeliya,303.75,339.44,0,9.75,9.95,9.25,0,1488,12352,27.17,171.93,295.909,-1.9,286
3/1/2025,Stem,Kegalle,316.50,339.44,0,9.75,9.95,9.25,0,1488,12352,27.17,171.93,295.909,-1.9,286
3/1/2025,Stem,Kurunegala,400.00,339.44,0,9.75,9.95,9.25,0,1488,12352,27.17,171.93,295.909,-1.9,286
3/1/2025,Stem,Gampaha,350.00,339.44,0,9.75,9.95,9.25,0,1488,12352,27.17,171.93,295.909,-1.9,286
3/1/2025,Stem,Matara,278.00,339.44,0,9.75,9.95,9.25,0,1488,12352,27.17,171.93,295.909,-1.9,286
4/1/2025,Clove,Kandy,2476.75,2346.18,0,9.8,10,9.3,0,1488,6224,27.94,226.62,298.5312,-0.8,286
4/1/2025,Clove,Matale,2454.50,2346.18,0,9.8,10,9.3,0,1488,6224,27.94,226.62,298.5312,-0.8,286
4/1/2025,Clove,Nuwaraeliya,2391.25,2346.18,0,9.8,10,9.3,0,1488,6224,27.94,226.62,298.5312,-0.8,286
4/1/2025,Clove,Kegalle,2266.25,2346.18,0,9.8,10,9.3,0,1488,6224,27.94,226.62,298.5312,-0.8,286
4/1/2025,Clove,Ratnapura,2413.75,2346.18,0,9.8,10,9.3,0,1488,6224,27.94,226.62,298.5312,-0.8,286
4/1/2025,Clove,Badulla,2314.50,2346.18,0,9.8,10,9.3,0,1488,6224,27.94,226.62,298.5312,-0.8,286
4/1/2025,Clove,Kurunegala,2412.75,2346.18,0,9.8,10,9.3,0,1488,6224,27.94,226.62,298.5312,-0.8,286
4/1/2025,Clove,Colombo,2316.67,2346.18,0,9.8,10,9.3,0,1488,6224,27.94,226.62,298.5312,-0.8,286
4/1/2025,Clove,Gampaha,2178.75,2346.18,0,9.8,10,9.3,0,1488,6224,27.94,226.62,298.5312,-0.8,286
4/1/2025,Clove,Kalutara,2472.50,2346.18,0,9.8,10,9.3,0,1488,6224,27.94,226.62,298.5312,-0.8,286
4/1/2025,Clove,Galle,2125.00,2346.18,0,9.8,10,9.3,0,1488,6224,27.94,226.62,298.5312,-0.8,286
4/1/2025,Clove,Matara,2390.25,2346.18,0,9.8,10,9.3,0,1488,6224,27.94,226.62,298.5312,-0.8,286
4/1/2025,Clove,Hambantota,2283.00,2346.18,0,9.8,10,9.3,0,1488,6224,27.94,226.62,298.5312,-0.8,286
4/1/2025,Clove,Monaragala,2351.50,2346.18,0,9.8,10,9.3,0,1488,6224,27.94,226.62,298.5312,-0.8,286
4/1/2025,Stem,Kandy,336.75,329.47,0,9.8,10,9.3,0,1488,6224,27.94,226.62,298.5312,-0.8,286
4/1/2025,Stem,Matale,363.50,329.47,0,9.8,10,9.3,0,1488,6224,27.94,226.62,298.5312,-0.8,286
4/1/2025,Stem,Nuwaraeliya,315.00,329.47,0,9.8,10,9.3,0,1488,6224,27.94,226.62,298.5312,-0.8,286
4/1/2025,Stem,Kegalle,326.75,329.47,0,9.8,10,9.3,0,1488,6224,27.94,226.62,298.5312,-0.8,286
4/1/2025,Stem,Kurunegala,350.00,329.47,0,9.8,10,9.3,0,1488,6224,27.94,226.62,298.5312,-0.8,286
4/1/2025,Stem,Gampaha,356.25,329.47,0,9.8,10,9.3,0,1488,6224,27.94,226.62,298.5312,-0.8,286
4/1/2025,Stem,Matara,281.25,329.47,0,9.8,10,9.3,0,1488,6224,27.94,226.62,298.5312,-0.8,286
5/1/2025,Clove,Kandy,2403.75,2324.90,0,9.85,10.05,9.35,0,893,0,28.2,166.88,299.4142,0.6,274
5/1/2025,Clove,Matale,2431.00,2324.90,0,9.85,10.05,9.35,0,893,0,28.2,166.88,299.4142,0.6,274
5/1/2025,Clove,Nuwaraeliya,2292.50,2324.90,0,9.85,10.05,9.35,0,893,0,28.2,166.88,299.4142,0.6,274
5/1/2025,Clove,Kegalle,2274.50,2324.90,0,9.85,10.05,9.35,0,893,0,28.2,166.88,299.4142,0.6,274
5/1/2025,Clove,Ratnapura,2350.00,2324.90,0,9.85,10.05,9.35,0,893,0,28.2,166.88,299.4142,0.6,274
5/1/2025,Clove,Badulla,2323.00,2324.90,0,9.85,10.05,9.35,0,893,0,28.2,166.88,299.4142,0.6,274
5/1/2025,Clove,Kurunegala,2361.33,2324.90,0,9.85,10.05,9.35,0,893,0,28.2,166.88,299.4142,0.6,274
5/1/2025,Clove,Colombo,2350.00,2324.90,0,9.85,10.05,9.35,0,893,0,28.2,166.88,299.4142,0.6,274
5/1/2025,Clove,Gampaha,2117.50,2324.90,0,9.85,10.05,9.35,0,893,0,28.2,166.88,299.4142,0.6,274
5/1/2025,Clove,Kalutara,2315.00,2324.90,0,9.85,10.05,9.35,0,893,0,28.2,166.88,299.4142,0.6,274
5/1/2025,Clove,Galle,2125.00,2324.90,0,9.85,10.05,9.35,0,893,0,28.2,166.88,299.4142,0.6,274
5/1/2025,Clove,Matara,2374.25,2324.90,0,9.85,10.05,9.35,0,893,0,28.2,166.88,299.4142,0.6,274
5/1/2025,Clove,Hambantota,2316.50,2324.90,0,9.85,10.05,9.35,0,893,0,28.2,166.88,299.4142,0.6,274
5/1/2025,Clove,Monaragala,2464.25,2324.90,0,9.85,10.05,9.35,0,893,0,28.2,166.88,299.4142,0.6,274
5/1/2025,Stem,Kandy,324.50,327.52,0,9.85,10.05,9.35,0,893,0,28.2,166.88,299.4142,0.6,274
5/1/2025,Stem,Matale,360.00,327.52,0,9.85,10.05,9.35,0,893,0,28.2,166.88,299.4142,0.6,274
5/1/2025,Stem,Nuwaraeliya,316.25,327.52,0,9.85,10.05,9.35,0,893,0,28.2,166.88,299.4142,0.6,274
5/1/2025,Stem,Kegalle,312.25,327.52,0,9.85,10.05,9.35,0,893,0,28.2,166.88,299.4142,0.6,274
5/1/2025,Stem,Kurunegala,350.00,327.52,0,9.85,10.05,9.35,0,893,0,28.2,166.88,299.4142,0.6,274
5/1/2025,Stem,Gampaha,350.00,327.52,0,9.85,10.05,9.35,0,893,0,28.2,166.88,299.4142,0.6,274
5/1/2025,Stem,Matara,293.00,327.52,0,9.85,10.05,9.35,0,893,0,28.2,166.88,299.4142,0.6,274
6/1/2025,Clove,Kandy,2295.00,2205.11,0,9.9,10.1,9.4,0,357,3540,27.79,57.82,299.9014,0.3,274
6/1/2025,Clove,Matale,2285.25,2205.11,0,9.9,10.1,9.4,0,357,3540,27.79,57.82,299.9014,0.3,274
6/1/2025,Clove,Nuwaraeliya,2022.50,2205.11,0,9.9,10.1,9.4,0,357,3540,27.79,57.82,299.9014,0.3,274
6/1/2025,Clove,Kegalle,2216.50,2205.11,0,9.9,10.1,9.4,0,357,3540,27.79,57.82,299.9014,0.3,274
6/1/2025,Clove,Ratnapura,2287.50,2205.11,0,9.9,10.1,9.4,0,357,3540,27.79,57.82,299.9014,0.3,274
6/1/2025,Clove,Badulla,2233.25,2205.11,0,9.9,10.1,9.4,0,357,3540,27.79,57.82,299.9014,0.3,274
6/1/2025,Clove,Kurunegala,2250.00,2205.11,0,9.9,10.1,9.4,0,357,3540,27.79,57.82,299.9014,0.3,274
6/1/2025,Clove,Colombo,2331.25,2205.11,0,9.9,10.1,9.4,0,357,3540,27.79,57.82,299.9014,0.3,274
6/1/2025,Clove,Gampaha,2175.00,2205.11,0,9.9,10.1,9.4,0,357,3540,27.79,57.82,299.9014,0.3,274
6/1/2025,Clove,Kalutara,2221.25,2205.11,0,9.9,10.1,9.4,0,357,3540,27.79,57.82,299.9014,0.3,274
6/1/2025,Clove,Galle,2100.00,2205.11,0,9.9,10.1,9.4,0,357,3540,27.79,57.82,299.9014,0.3,274
6/1/2025,Clove,Matara,2160.50,2205.11,0,9.9,10.1,9.4,0,357,3540,27.79,57.82,299.9014,0.3,274
6/1/2025,Clove,Hambantota,2108.25,2205.11,0,9.9,10.1,9.4,0,357,3540,27.79,57.82,299.9014,0.3,274
6/1/2025,Clove,Monaragala,2185.25,2205.11,0,9.9,10.1,9.4,0,357,3540,27.79,57.82,299.9014,0.3,274
6/1/2025,Stem,Kandy,318.25,315.82,0,9.9,10.1,9.4,0,357,3540,27.79,57.82,299.9014,0.3,274
6/1/2025,Stem,Matale,363.75,315.82,0,9.9,10.1,9.4,0,357,3540,27.79,57.82,299.9014,0.3,274
6/1/2025,Stem,Nuwaraeliya,283.25,315.82,0,9.9,10.1,9.4,0,357,3540,27.79,57.82,299.9014,0.3,274
6/1/2025,Stem,Kegalle,320.50,315.82,0,9.9,10.1,9.4,0,357,3540,27.79,57.82,299.9014,0.3,274
6/1/2025,Stem,Kurunegala,287.50,315.82,0,9.9,10.1,9.4,0,357,3540,27.79,57.82,299.9014,0.3,274
6/1/2025,Stem,Gampaha,375.00,315.82,0,9.9,10.1,9.4,0,357,3540,27.79,57.82,299.9014,0.3,274
6/1/2025,Stem,Matara,287.00,315.82,0,9.9,10.1,9.4,0,357,3540,27.79,57.82,299.9014,0.3,274
7/1/2025,Clove,Kandy,2263.60,2199.63,0,9.95,10.15,9.45,0,119,15308,27.72,35.02,301.1217,0.7,289
7/1/2025,Clove,Matale,2312.60,2199.63,0,9.95,10.15,9.45,0,119,15308,27.72,35.02,301.1217,0.7,289
7/1/2025,Clove,Nuwaraeliya,2095.00,2199.63,0,9.95,10.15,9.45,0,119,15308,27.72,35.02,301.1217,0.7,289
7/1/2025,Clove,Kegalle,2059.80,2199.63,0,9.95,10.15,9.45,0,119,15308,27.72,35.02,301.1217,0.7,289
7/1/2025,Clove,Ratnapura,2266.00,2199.63,0,9.95,10.15,9.45,0,119,15308,27.72,35.02,301.1217,0.7,289
7/1/2025,Clove,Badulla,2318.00,2199.63,0,9.95,10.15,9.45,0,119,15308,27.72,35.02,301.1217,0.7,289
7/1/2025,Clove,Kurunegala,2246.40,2199.63,0,9.95,10.15,9.45,0,119,15308,27.72,35.02,301.1217,0.7,289
7/1/2025,Clove,Colombo,2280.00,2199.63,0,9.95,10.15,9.45,0,119,15308,27.72,35.02,301.1217,0.7,289
7/1/2025,Clove,Gampaha,2330.00,2199.63,0,9.95,10.15,9.45,0,119,15308,27.72,35.02,301.1217,0.7,289
7/1/2025,Clove,Kalutara,2282.00,2199.63,0,9.95,10.15,9.45,0,119,15308,27.72,35.02,301.1217,0.7,289
7/1/2025,Clove,Galle,2015.00,2199.63,0,9.95,10.15,9.45,0,119,15308,27.72,35.02,301.1217,0.7,289
7/1/2025,Clove,Matara,2131.80,2199.63,0,9.95,10.15,9.45,0,119,15308,27.72,35.02,301.1217,0.7,289
7/1/2025,Clove,Hambantota,2046.40,2199.63,0,9.95,10.15,9.45,0,119,15308,27.72,35.02,301.1217,0.7,289
7/1/2025,Clove,Monaragala,2148.20,2199.63,0,9.95,10.15,9.45,0,119,15308,27.72,35.02,301.1217,0.7,289
7/1/2025,Stem,Kandy,297.40,310.73,0,9.95,10.15,9.45,0,119,15308,27.72,35.02,301.1217,0.7,289
7/1/2025,Stem,Matale,336.80,310.73,0,9.95,10.15,9.45,0,119,15308,27.72,35.02,301.1217,0.7,289
7/1/2025,Stem,Nuwaraeliya,282.80,310.73,0,9.95,10.15,9.45,0,119,15308,27.72,35.02,301.1217,0.7,289
7/1/2025,Stem,Kegalle,303.00,310.73,0,9.95,10.15,9.45,0,119,15308,27.72,35.02,301.1217,0.7,289
7/1/2025,Stem,Kurunegala,300.00,310.73,0,9.95,10.15,9.45,0,119,15308,27.72,35.02,301.1217,0.7,289
7/1/2025,Stem,Gampaha,380.00,310.73,0,9.95,10.15,9.45,0,119,15308,27.72,35.02,301.1217,0.7,289
7/1/2025,Stem,Matara,304.80,310.73,0,9.95,10.15,9.45,0,119,15308,27.72,35.02,301.1217,0.7,289
8/1/2025,Clove,Kandy,2212.25,2197.00,0,10,10.2,9.5,0,119,16476,27.54,58.37,301.4891,1.5,289
8/1/2025,Clove,Matale,2186.25,2197.00,0,10,10.2,9.5,0,119,16476,27.54,58.37,301.4891,1.5,289
8/1/2025,Clove,Nuwaraeliya,2077.00,2197.00,0,10,10.2,9.5,0,119,16476,27.54,58.37,301.4891,1.5,289
8/1/2025,Clove,Kegalle,2116.50,2197.00,0,10,10.2,9.5,0,119,16476,27.54,58.37,301.4891,1.5,289
8/1/2025,Clove,Ratnapura,2275.00,2197.00,0,10,10.2,9.5,0,119,16476,27.54,58.37,301.4891,1.5,289
8/1/2025,Clove,Badulla,2285.50,2197.00,0,10,10.2,9.5,0,119,16476,27.54,58.37,301.4891,1.5,289
8/1/2025,Clove,Kurunegala,2233.00,2197.00,0,10,10.2,9.5,0,119,16476,27.54,58.37,301.4891,1.5,289
8/1/2025,Clove,Colombo,2375.00,2197.00,0,10,10.2,9.5,0,119,16476,27.54,58.37,301.4891,1.5,289
8/1/2025,Clove,Gampaha,2250.00,2197.00,0,10,10.2,9.5,0,119,16476,27.54,58.37,301.4891,1.5,289
8/1/2025,Clove,Kalutara,2290.00,2197.00,0,10,10.2,9.5,0,119,16476,27.54,58.37,301.4891,1.5,289
8/1/2025,Clove,Galle,2112.50,2197.00,0,10,10.2,9.5,0,119,16476,27.54,58.37,301.4891,1.5,289
8/1/2025,Clove,Matara,2121.00,2197.00,0,10,10.2,9.5,0,119,16476,27.54,58.37,301.4891,1.5,289
8/1/2025,Clove,Hambantota,2061.50,2197.00,0,10,10.2,9.5,0,119,16476,27.54,58.37,301.4891,1.5,289
8/1/2025,Clove,Monaragala,2162.50,2197.00,0,10,10.2,9.5,0,119,16476,27.54,58.37,301.4891,1.5,289
8/1/2025,Stem,Kandy,287.00,297.07,0,10,10.2,9.5,0,119,16476,27.54,58.37,301.4891,1.5,289
8/1/2025,Stem,Matale,303.50,297.07,0,10,10.2,9.5,0,119,16476,27.54,58.37,301.4891,1.5,289
8/1/2025,Stem,Nuwaraeliya,255.75,297.07,0,10,10.2,9.5,0,119,16476,27.54,58.37,301.4891,1.5,289
8/1/2025,Stem,Kegalle,299.75,297.07,0,10,10.2,9.5,0,119,16476,27.54,58.37,301.4891,1.5,289
8/1/2025,Stem,Kurunegala,300.00,297.07,0,10,10.2,9.5,0,119,16476,27.54,58.37,301.4891,1.5,289
8/1/2025,Stem,Gampaha,375.00,297.07,0,10,10.2,9.5,0,119,16476,27.54,58.37,301.4891,1.5,289
8/1/2025,Stem,Matara,286.75,297.07,0,10,10.2,9.5,0,119,16476,27.54,58.37,301.4891,1.5,289
9/1/2025,Clove,Kandy,2240.40,2177.00,0,10.05,10.25,9.55,0,89,24213,27.58,137.1,302.1955,1.5,283
9/1/2025,Clove,Matale,2190.20,2177.00,0,10.05,10.25,9.55,0,89,24213,27.58,137.1,302.1955,1.5,283
9/1/2025,Clove,Nuwaraeliya,2130.60,2177.00,0,10.05,10.25,9.55,0,89,24213,27.58,137.1,302.1955,1.5,283
9/1/2025,Clove,Kegalle,2066.20,2177.00,0,10.05,10.25,9.55,0,89,24213,27.58,137.1,302.1955,1.5,283
9/1/2025,Clove,Ratnapura,2150.00,2177.00,0,10.05,10.25,9.55,0,89,24213,27.58,137.1,302.1955,1.5,283
9/1/2025,Clove,Badulla,2216.60,2177.00,0,10.05,10.25,9.55,0,89,24213,27.58,137.1,302.1955,1.5,283
9/1/2025,Clove,Kurunegala,2220.00,2177.00,0,10.05,10.25,9.55,0,89,24213,27.58,137.1,302.1955,1.5,283
9/1/2025,Clove,Colombo,2225.00,2177.00,0,10.05,10.25,9.55,0,89,24213,27.58,137.1,302.1955,1.5,283
9/1/2025,Clove,Gampaha,2310.00,2177.00,0,10.05,10.25,9.55,0,89,24213,27.58,137.1,302.1955,1.5,283
9/1/2025,Clove,Kalutara,2300.00,2177.00,0,10.05,10.25,9.55,0,89,24213,27.58,137.1,302.1955,1.5,283
9/1/2025,Clove,Galle,2075.00,2177.00,0,10.05,10.25,9.55,0,89,24213,27.58,137.1,302.1955,1.5,283
9/1/2025,Clove,Matara,2114.20,2177.00,0,10.05,10.25,9.55,0,89,24213,27.58,137.1,302.1955,1.5,283
9/1/2025,Clove,Hambantota,2086.60,2177.00,0,10.05,10.25,9.55,0,89,24213,27.58,137.1,302.1955,1.5,283
9/1/2025,Clove,Monaragala,2153.20,2177.00,0,10.05,10.25,9.55,0,89,24213,27.58,137.1,302.1955,1.5,283
9/1/2025,Stem,Kandy,292.60,300.55,0,10.05,10.25,9.55,0,89,24213,27.58,137.1,302.1955,1.5,283
9/1/2025,Stem,Matale,349.40,300.55,0,10.05,10.25,9.55,0,89,24213,27.58,137.1,302.1955,1.5,283
9/1/2025,Stem,Nuwaraeliya,261.00,300.55,0,10.05,10.25,9.55,0,89,24213,27.58,137.1,302.1955,1.5,283
9/1/2025,Stem,Kegalle,286.60,300.55,0,10.05,10.25,9.55,0,89,24213,27.58,137.1,302.1955,1.5,283
9/1/2025,Stem,Kurunegala,260.00,300.55,0,10.05,10.25,9.55,0,89,24213,27.58,137.1,302.1955,1.5,283
9/1/2025,Stem,Gampaha,375.00,300.55,0,10.05,10.25,9.55,0,89,24213,27.58,137.1,302.1955,1.5,283
9/1/2025,Stem,Matara,296.80,300.55,0,10.05,10.25,9.55,0,89,24213,27.58,137.1,302.1955,1.5,283
10/1/2025,Clove,Kandy,2307.25,2206.11,0,10.1,10.3,9.6,0,89,36350,27.2,273.23,302.9987,1.9,277
10/1/2025,Clove,Matale,2185.50,2206.11,0,10.1,10.3,9.6,0,89,36350,27.2,273.23,302.9987,1.9,277
10/1/2025,Clove,Nuwaraeliya,2184.50,2206.11,0,10.1,10.3,9.6,0,89,36350,27.2,273.23,302.9987,1.9,277
10/1/2025,Clove,Kegalle,2191.25,2206.11,0,10.1,10.3,9.6,0,89,36350,27.2,273.23,302.9987,1.9,277
10/1/2025,Clove,Ratnapura,2200.00,2206.11,0,10.1,10.3,9.6,0,89,36350,27.2,273.23,302.9987,1.9,277
10/1/2025,Clove,Badulla,2262.25,2206.11,0,10.1,10.3,9.6,0,89,36350,27.2,273.23,302.9987,1.9,277
10/1/2025,Clove,Kurunegala,2283.25,2206.11,0,10.1,10.3,9.6,0,89,36350,27.2,273.23,302.9987,1.9,277
10/1/2025,Clove,Colombo,2315.75,2206.11,0,10.1,10.3,9.6,0,89,36350,27.2,273.23,302.9987,1.9,277
10/1/2025,Clove,Gampaha,2225.00,2206.11,0,10.1,10.3,9.6,0,89,36350,27.2,273.23,302.9987,1.9,277
10/1/2025,Clove,Kalutara,2246.25,2206.11,0,10.1,10.3,9.6,0,89,36350,27.2,273.23,302.9987,1.9,277
10/1/2025,Clove,Galle,2075.00,2206.11,0,10.1,10.3,9.6,0,89,36350,27.2,273.23,302.9987,1.9,277
10/1/2025,Clove,Matara,2118.25,2206.11,0,10.1,10.3,9.6,0,89,36350,27.2,273.23,302.9987,1.9,277
10/1/2025,Clove,Hambantota,2074.75,2206.11,0,10.1,10.3,9.6,0,89,36350,27.2,273.23,302.9987,1.9,277
10/1/2025,Clove,Monaragala,2216.50,2206.11,0,10.1,10.3,9.6,0,89,36350,27.2,273.23,302.9987,1.9,277
10/1/2025,Stem,Kandy,291.50,312.86,0,10.1,10.3,9.6,0,89,36350,27.2,273.23,302.9987,1.9,277
10/1/2025,Stem,Matale,390.75,312.86,0,10.1,10.3,9.6,0,89,36350,27.2,273.23,302.9987,1.9,277
10/1/2025,Stem,Nuwaraeliya,244.50,312.86,0,10.1,10.3,9.6,0,89,36350,27.2,273.23,302.9987,1.9,277
10/1/2025,Stem,Kegalle,283.00,312.86,0,10.1,10.3,9.6,0,89,36350,27.2,273.23,302.9987,1.9,277
10/1/2025,Stem,Kurunegala,332.50,312.86,0,10.1,10.3,9.6,0,89,36350,27.2,273.23,302.9987,1.9,277
10/1/2025,Stem,Gampaha,375.00,312.86,0,10.1,10.3,9.6,0,89,36350,27.2,273.23,302.9987,1.9,277
10/1/2025,Stem,Matara,311.25,312.86,0,10.1,10.3,9.6,0,89,36350,27.2,273.23,302.9987,1.9,277
