{
    "mae": 863.5604977532818,
    "rmse": 1281.0337750561357,
    "r2": 0.9975183231051273,
    "best_params": null,
    "tuning_method": null,
    "tuning_used": false,
    "epochs_trained": 15,
    "final_train_loss": 2.928417598013766e-05,
    "final_val_loss": 2.0633286112570204e-05
}